filename,field_group,column,value,row_count
asset_master.csv,identifier,asset_id,MTG:COLLECTOR_BOOSTER_BOX:TCGCSV-2823-238745,1
asset_master.csv,identifier,asset_id,MTG:COLLECTOR_BOOSTER_BOX:TCGCSV-23874-604253,1
asset_master.csv,identifier,asset_id,MTG:COLLECTOR_BOOSTER_BOX:TCGCSV-24421-648650,1
asset_master.csv,identifier,asset_id,MTG:COLLECTOR_BOOSTER_BOX:TCGCSV-23447-541238,1
asset_master.csv,identifier,asset_id,MTG:COLLECTOR_BOOSTER_BOX:TCGCSV-2708-221323,1
asset_master.csv,identifier,asset_id,MTG:COLLECTOR_BOOSTER_BOX:TCGCSV-3047-267023,1
asset_master.csv,identifier,asset_id,MTG:COLLECTOR_BOOSTER_BOX:TCGCSV-23020-484929,1
asset_master.csv,identifier,asset_id,MTG:COLLECTOR_BOOSTER_BOX:TCGCSV-2653-214818,1
asset_master.csv,identifier,asset_id,MTG:COLLECTOR_BOOSTER_BOX:TCGCSV-17670-449559,1
asset_master.csv,identifier,asset_id,MTG:COLLECTOR_BOOSTER_BOX:TCGCSV-3102-275412,1
asset_master.csv,identifier,asset_id,MTG:COLLECTOR_BOOSTER_BOX:TCGCSV-3070-271509,1
asset_master.csv,identifier,asset_id,MTG:COLLECTOR_BOOSTER_BOX:TCGCSV-23550-557244,1
asset_master.csv,identifier,asset_id,MTG:COLLECTOR_BOOSTER_BOX:TCGCSV-24233-619672,1
asset_master.csv,identifier,asset_id,MTG:COLLECTOR_BOOSTER_BOX:TCGCSV-24219-618893,1
asset_master.csv,identifier,asset_id,MTG:COLLECTOR_BOOSTER_BOX:TCGCSV-23556-562122,1
asset_master.csv,identifier,asset_id,MTG:COLLECTOR_BOOSTER_BOX:TCGCSV-2603-208279,1
asset_master.csv,identifier,asset_id,MTG:COLLECTOR_BOOSTER_BOX:TCGCSV-23848-594681,1
asset_master.csv,identifier,asset_id,MTG:COLLECTOR_BOOSTER_BOX:TCGCSV-2862-246457,1
asset_master.csv,identifier,asset_id,MTG:COLLECTOR_BOOSTER_BOX:TCGCSV-2864-244384,1
asset_master.csv,identifier,asset_id,MTG:COLLECTOR_BOOSTER_BOX:TCGCSV-2750-228249,1
asset_master.csv,identifier,asset_id,MTG:COLLECTOR_BOOSTER_BOX:TCGCSV-2965-257563,1
asset_master.csv,identifier,asset_id,MTG:COLLECTOR_BOOSTER_BOX:TCGCSV-24463-656322,1
asset_master.csv,identifier,asset_id,MTG:COLLECTOR_BOOSTER_BOX:TCGCSV-22875-475584,1
asset_master.csv,identifier,asset_id,MTG:COLLECTOR_BOOSTER_BOX:TCGCSV-22876-489207,1
asset_master.csv,identifier,asset_id,MTG:COLLECTOR_BOOSTER_BOX:TCGCSV-24553-675606,1
asset_master.csv,identifier,asset_id,MTG:COLLECTOR_BOOSTER_BOX:TCGCSV-24245-621110,1
asset_master.csv,identifier,asset_id,MTG:COLLECTOR_BOOSTER_BOX:TCGCSV-2809-236348,1
asset_master.csv,identifier,asset_id,MTG:COLLECTOR_BOOSTER_BOX:TCGCSV-23444-541179,1
asset_master.csv,identifier,asset_id,MTG:COLLECTOR_BOOSTER_BOX:TCGCSV-23361-529968,1
asset_master.csv,identifier,asset_id,MTG:COLLECTOR_BOOSTER_BOX:TCGCSV-23439-541090,1
asset_master.csv,identifier,asset_id,MTG:COLLECTOR_BOOSTER_BOX:TCGCSV-17684-451880,1
asset_master.csv,identifier,asset_id,MTG:COLLECTOR_BOOSTER_BOX:TCGCSV-23319-517708,1
asset_master.csv,identifier,asset_id,MTG:COLLECTOR_BOOSTER_BOX:TCGCSV-24684-692983,1
asset_master.csv,identifier,asset_id,MTG:COLLECTOR_BOOSTER_BOX:TCGCSV-24601-675558,1
asset_master.csv,identifier,asset_id,MTG:COLLECTOR_BOOSTER_BOX:TCGCSV-3026-264767,1
asset_master.csv,identifier,asset_id,MTG:COLLECTOR_BOOSTER_BOX:TCGCSV-2773-233232,1
asset_master.csv,identifier,asset_id,MTG:COLLECTOR_BOOSTER_BOX:TCGCSV-24232-619649,1
asset_master.csv,identifier,asset_id,MTG:COLLECTOR_BOOSTER_BOX:TCGCSV-24495-657852,1
asset_master.csv,identifier,asset_id,MTG:COLLECTOR_BOOSTER_BOX:TCGCSV-3157-282224,1
asset_master.csv,identifier,asset_id,MTG:COLLECTOR_BOOSTER_BOX:TCGCSV-24683-692963,1
asset_master.csv,identifier,asset_id,MTG:COLLECTOR_BOOSTER_BOX:TCGCSV-23019-515906,1
asset_master.csv,identifier,asset_id,MTG:COLLECTOR_BOOSTER_BOX:TCGCSV-23312-516614,1
asset_master.csv,identifier,asset_id,MTG:COLLECTOR_BOOSTER_BOX:TCGCSV-2958-275406,1
asset_master.csv,identifier,asset_id,MTG:COLLECTOR_BOOSTER_BOX:TCGCSV-23446-541225,1
asset_master.csv,identifier,asset_id,MTG:COLLECTOR_BOOSTER_BOX:TCGCSV-23165-496076,1
asset_master.csv,identifier,asset_id,MTG:COLLECTOR_BOOSTER_BOX:TCGCSV-23337-523185,1
asset_master.csv,identifier,asset_id,MTG:COLLECTOR_BOOSTER_BOX:TCGCSV-23019-484912,1
asset_master.csv,identifier,asset_id,MTG:COLLECTOR_BOOSTER_BOX:TCGCSV-23163-496041,1
asset_master.csv,identifier,asset_id,MTG:COLLECTOR_BOOSTER_BOX:TCGCSV-2648-220423,1
asset_master.csv,identifier,asset_id,MTG:PRE_COLLECTOR_BOOSTER_BOX:MTG-CANON-TCGPLAYER-27257,1
asset_master.csv,identifier,asset_id,MTG:PRE_COLLECTOR_BOOSTER_BOX:MTG-CANON-TCGPLAYER-27258,1
asset_master.csv,identifier,asset_id,MTG:PRE_COLLECTOR_BOOSTER_BOX:MTG-CANON-TCGPLAYER-27259,1
asset_master.csv,identifier,asset_id,MTG:PRE_COLLECTOR_BOOSTER_BOX:MTG-CANON-TCGPLAYER-27260,1
asset_master.csv,identifier,asset_id,MTG:PRE_COLLECTOR_BOOSTER_BOX:MTG-CANON-TCGPLAYER-125794,1
asset_master.csv,identifier,asset_id,MTG:PRE_COLLECTOR_BOOSTER_BOX:MTG-CANON-TCGPLAYER-31841,1
asset_master.csv,identifier,asset_id,MTG:PRE_COLLECTOR_BOOSTER_BOX:MTG-CANON-TCGPLAYER-27261,1
asset_master.csv,identifier,asset_id,MTG:PRE_COLLECTOR_BOOSTER_BOX:MTG-CANON-TCGPLAYER-27262,1
asset_master.csv,identifier,asset_id,MTG:PRE_COLLECTOR_BOOSTER_BOX:MTG-CANON-TCGPLAYER-127174,1
asset_master.csv,identifier,asset_id,MTG:PRE_COLLECTOR_BOOSTER_BOX:MTG-CANON-TCGPLAYER-27263,1
asset_master.csv,identifier,asset_id,MTG:PRE_COLLECTOR_BOOSTER_BOX:MTG-CANON-TCGPLAYER-27264,1
asset_master.csv,identifier,asset_id,MTG:PRE_COLLECTOR_BOOSTER_BOX:MTG-CANON-TCGPLAYER-27265,1
asset_master.csv,identifier,asset_id,MTG:PRE_COLLECTOR_BOOSTER_BOX:MTG-CANON-TCGPLAYER-58058,1
asset_master.csv,identifier,asset_id,MTG:PRE_COLLECTOR_BOOSTER_BOX:MTG-CANON-TCGPLAYER-102715,1
asset_master.csv,identifier,asset_id,MTG:PRE_COLLECTOR_BOOSTER_BOX:MTG-CANON-TCGPLAYER-166536,1
asset_master.csv,identifier,asset_id,MTG:PRE_COLLECTOR_BOOSTER_BOX:MTG-CANON-TCGPLAYER-27266,1
asset_master.csv,identifier,asset_id,MTG:PRE_COLLECTOR_BOOSTER_BOX:MTG-CANON-TCGPLAYER-27267,1
asset_master.csv,identifier,asset_id,MTG:PRE_COLLECTOR_BOOSTER_BOX:MTG-CANON-TCGPLAYER-77321,1
asset_master.csv,identifier,asset_id,MTG:PRE_COLLECTOR_BOOSTER_BOX:MTG-CANON-TCGPLAYER-27268,1
asset_master.csv,identifier,asset_id,MTG:PRE_COLLECTOR_BOOSTER_BOX:MTG-CANON-TCGPLAYER-27269,1
asset_master.csv,identifier,asset_id,MTG:PRE_COLLECTOR_BOOSTER_BOX:MTG-CANON-TCGPLAYER-27270,1
asset_master.csv,identifier,asset_id,MTG:PRE_COLLECTOR_BOOSTER_BOX:MTG-CANON-TCGPLAYER-27271,1
asset_master.csv,identifier,asset_id,MTG:PRE_COLLECTOR_BOOSTER_BOX:MTG-CANON-TCGPLAYER-93516,1
asset_master.csv,identifier,asset_id,MTG:PRE_COLLECTOR_BOOSTER_BOX:MTG-CANON-TCGPLAYER-82200,1
asset_master.csv,identifier,asset_id,MTG:PRE_COLLECTOR_BOOSTER_BOX:MTG-CANON-TCGPLAYER-120965,1
asset_master.csv,identifier,asset_id,MTG:PRE_COLLECTOR_BOOSTER_BOX:MTG-CANON-TCGPLAYER-166550,1
asset_master.csv,identifier,asset_id,MTG:PRE_COLLECTOR_BOOSTER_BOX:MTG-CANON-TCGPLAYER-188210,1
asset_master.csv,identifier,asset_id,MTG:PRE_COLLECTOR_BOOSTER_BOX:MTG-CANON-TCGPLAYER-57584,1
asset_master.csv,identifier,asset_id,MTG:PRE_COLLECTOR_BOOSTER_BOX:MTG-CANON-TCGPLAYER-27272,1
asset_master.csv,identifier,asset_id,MTG:PRE_COLLECTOR_BOOSTER_BOX:MTG-CANON-TCGPLAYER-27273,1
asset_master.csv,identifier,asset_id,MTG:PRE_COLLECTOR_BOOSTER_BOX:MTG-CANON-TCGPLAYER-158423,1
asset_master.csv,identifier,asset_id,MTG:PRE_COLLECTOR_BOOSTER_BOX:MTG-CANON-TCGPLAYER-67751,1
asset_master.csv,identifier,asset_id,MTG:PRE_COLLECTOR_BOOSTER_BOX:MTG-CANON-TCGPLAYER-96137,1
asset_master.csv,identifier,asset_id,MTG:PRE_COLLECTOR_BOOSTER_BOX:MTG-CANON-TCGPLAYER-118393,1
asset_master.csv,identifier,asset_id,MTG:PRE_COLLECTOR_BOOSTER_BOX:MTG-CANON-TCGPLAYER-114832,1
asset_master.csv,identifier,asset_id,MTG:PRE_COLLECTOR_BOOSTER_BOX:MTG-CANON-TCGPLAYER-27274,1
asset_master.csv,identifier,asset_id,MTG:PRE_COLLECTOR_BOOSTER_BOX:MTG-CANON-TCGPLAYER-27275,1
asset_master.csv,identifier,asset_id,MTG:PRE_COLLECTOR_BOOSTER_BOX:MTG-CANON-TCGPLAYER-27276,1
asset_master.csv,identifier,asset_id,MTG:PRE_COLLECTOR_BOOSTER_BOX:MTG-CANON-TCGPLAYER-94746,1
asset_master.csv,identifier,asset_id,MTG:PRE_COLLECTOR_BOOSTER_BOX:MTG-CANON-TCGPLAYER-27277,1
asset_master.csv,identifier,asset_id,MTG:PRE_COLLECTOR_BOOSTER_BOX:MTG-CANON-TCGPLAYER-27278,1
asset_master.csv,identifier,asset_id,MTG:PRE_COLLECTOR_BOOSTER_BOX:MTG-CANON-TCGPLAYER-27279,1
asset_master.csv,identifier,asset_id,MTG:PRE_COLLECTOR_BOOSTER_BOX:MTG-CANON-TCGPLAYER-27280,1
asset_master.csv,identifier,asset_id,MTG:PRE_COLLECTOR_BOOSTER_BOX:MTG-CANON-TCGPLAYER-67311,1
asset_master.csv,identifier,asset_id,MTG:PRE_COLLECTOR_BOOSTER_BOX:MTG-CANON-TCGPLAYER-27281,1
asset_master.csv,identifier,asset_id,MTG:PRE_COLLECTOR_BOOSTER_BOX:MTG-CANON-TCGPLAYER-173362,1
asset_master.csv,identifier,asset_id,MTG:PRE_COLLECTOR_BOOSTER_BOX:MTG-CANON-TCGPLAYER-27282,1
asset_master.csv,identifier,asset_id,MTG:PRE_COLLECTOR_BOOSTER_BOX:MTG-CANON-TCGPLAYER-131456,1
asset_master.csv,identifier,asset_id,MTG:PRE_COLLECTOR_BOOSTER_BOX:MTG-CANON-TCGPLAYER-27283,1
asset_master.csv,identifier,asset_id,MTG:PRE_COLLECTOR_BOOSTER_BOX:MTG-CANON-TCGPLAYER-145235,1
asset_master.csv,identifier,asset_id,MTG:PRE_COLLECTOR_BOOSTER_BOX:MTG-CANON-TCGPLAYER-47791,1
asset_master.csv,identifier,asset_id,MTG:PRE_COLLECTOR_BOOSTER_BOX:MTG-CANON-TCGPLAYER-27284,1
asset_master.csv,identifier,asset_id,MTG:PRE_COLLECTOR_BOOSTER_BOX:MTG-CANON-TCGPLAYER-141989,1
asset_master.csv,identifier,asset_id,MTG:PRE_COLLECTOR_BOOSTER_BOX:MTG-CANON-TCGPLAYER-77322,1
asset_master.csv,identifier,asset_id,MTG:PRE_COLLECTOR_BOOSTER_BOX:MTG-CANON-TCGPLAYER-27285,1
asset_master.csv,identifier,asset_id,MTG:PRE_COLLECTOR_BOOSTER_BOX:MTG-CANON-TCGPLAYER-121527,1
asset_master.csv,identifier,asset_id,MTG:PRE_COLLECTOR_BOOSTER_BOX:MTG-CANON-TCGPLAYER-91650,1
asset_master.csv,identifier,asset_id,MTG:PRE_COLLECTOR_BOOSTER_BOX:MTG-CANON-TCGPLAYER-27286,1
asset_master.csv,identifier,asset_id,MTG:PRE_COLLECTOR_BOOSTER_BOX:MTG-CANON-TCGPLAYER-27287,1
asset_master.csv,identifier,asset_id,MTG:PRE_COLLECTOR_BOOSTER_BOX:MTG-CANON-TCGPLAYER-27288,1
asset_master.csv,identifier,asset_id,MTG:PRE_COLLECTOR_BOOSTER_BOX:MTG-CANON-TCGPLAYER-32529,1
asset_master.csv,identifier,asset_id,MTG:PRE_COLLECTOR_BOOSTER_BOX:MTG-CANON-TCGPLAYER-35372,1
asset_master.csv,identifier,asset_id,MTG:PRE_COLLECTOR_BOOSTER_BOX:MTG-CANON-TCGPLAYER-46957,1
asset_master.csv,identifier,asset_id,MTG:PRE_COLLECTOR_BOOSTER_BOX:MTG-CANON-TCGPLAYER-59120,1
asset_master.csv,identifier,asset_id,MTG:PRE_COLLECTOR_BOOSTER_BOX:MTG-CANON-TCGPLAYER-69243,1
asset_master.csv,identifier,asset_id,MTG:PRE_COLLECTOR_BOOSTER_BOX:MTG-CANON-TCGPLAYER-90786,1
asset_master.csv,identifier,asset_id,MTG:PRE_COLLECTOR_BOOSTER_BOX:MTG-CANON-TCGPLAYER-96147,1
asset_master.csv,identifier,asset_id,MTG:PRE_COLLECTOR_BOOSTER_BOX:MTG-CANON-TCGPLAYER-157857,1
asset_master.csv,identifier,asset_id,MTG:PRE_COLLECTOR_BOOSTER_BOX:MTG-CANON-TCGPLAYER-27289,1
asset_master.csv,identifier,asset_id,MTG:PRE_COLLECTOR_BOOSTER_BOX:MTG-CANON-TCGPLAYER-27290,1
asset_master.csv,identifier,asset_id,MTG:PRE_COLLECTOR_BOOSTER_BOX:MTG-CANON-TCGPLAYER-27291,1
asset_master.csv,identifier,asset_id,MTG:PRE_COLLECTOR_BOOSTER_BOX:MTG-CANON-TCGPLAYER-39109,1
asset_master.csv,identifier,asset_id,MTG:PRE_COLLECTOR_BOOSTER_BOX:MTG-CANON-TCGPLAYER-185894,1
asset_master.csv,identifier,asset_id,MTG:PRE_COLLECTOR_BOOSTER_BOX:MTG-CANON-TCGPLAYER-68104,1
asset_master.csv,identifier,asset_id,MTG:PRE_COLLECTOR_BOOSTER_BOX:MTG-CANON-TCGPLAYER-95052,1
asset_master.csv,identifier,asset_id,MTG:PRE_COLLECTOR_BOOSTER_BOX:MTG-CANON-TCGPLAYER-127069,1
asset_master.csv,identifier,asset_id,MTG:PRE_COLLECTOR_BOOSTER_BOX:MTG-CANON-TCGPLAYER-27292,1
asset_master.csv,identifier,asset_id,MTG:PRE_COLLECTOR_BOOSTER_BOX:MTG-CANON-TCGPLAYER-27293,1
asset_master.csv,identifier,asset_id,MTG:PRE_COLLECTOR_BOOSTER_BOX:MTG-CANON-TCGPLAYER-39410,1
asset_master.csv,identifier,asset_id,MTG:PRE_COLLECTOR_BOOSTER_BOX:MTG-CANON-TCGPLAYER-110418,1
asset_master.csv,identifier,asset_id,MTG:PRE_COLLECTOR_BOOSTER_BOX:MTG-CANON-TCGPLAYER-27294,1
asset_master.csv,identifier,asset_id,MTG:PRE_COLLECTOR_BOOSTER_BOX:MTG-CANON-TCGPLAYER-27295,1
asset_master.csv,identifier,asset_id,MTG:PRE_COLLECTOR_BOOSTER_BOX:MTG-CANON-TCGPLAYER-27296,1
asset_master.csv,identifier,asset_id,MTG:PRE_COLLECTOR_BOOSTER_BOX:MTG-CANON-TCGPLAYER-27297,1
asset_master.csv,identifier,asset_id,MTG:PRE_COLLECTOR_BOOSTER_BOX:MTG-CANON-TCGPLAYER-27298,1
asset_master.csv,identifier,asset_id,MTG:PRE_COLLECTOR_BOOSTER_BOX:MTG-CANON-TCGPLAYER-27299,1
asset_master.csv,identifier,asset_id,MTG:PRE_COLLECTOR_BOOSTER_BOX:MTG-CANON-TCGPLAYER-27300,1
asset_master.csv,identifier,asset_id,MTG:PRE_COLLECTOR_BOOSTER_BOX:MTG-CANON-TCGPLAYER-27301,1
asset_master.csv,identifier,asset_id,MTG:PRE_COLLECTOR_BOOSTER_BOX:MTG-CANON-TCGPLAYER-27302,1
asset_master.csv,identifier,asset_id,MTG:PRE_COLLECTOR_BOOSTER_BOX:MTG-CANON-TCGPLAYER-180734,1
asset_master.csv,identifier,asset_id,MTG:PRE_COLLECTOR_BOOSTER_BOX:MTG-CANON-TCGPLAYER-60117,1
asset_master.csv,identifier,asset_id,MTG:PRE_COLLECTOR_BOOSTER_BOX:MTG-CANON-TCGPLAYER-27303,1
asset_master.csv,identifier,asset_id,MTG:PRE_COLLECTOR_BOOSTER_BOX:MTG-CANON-TCGPLAYER-34678,1
asset_master.csv,identifier,asset_id,MTG:PRE_COLLECTOR_BOOSTER_BOX:MTG-CANON-TCGPLAYER-149404,1
asset_master.csv,identifier,asset_id,MTG:PRE_COLLECTOR_BOOSTER_BOX:MTG-CANON-TCGPLAYER-27304,1
asset_master.csv,identifier,asset_id,MTG:PRE_COLLECTOR_BOOSTER_BOX:MTG-CANON-TCGPLAYER-35749,1
asset_master.csv,identifier,asset_id,MTG:PRE_COLLECTOR_BOOSTER_BOX:MTG-CANON-TCGPLAYER-27305,1
asset_master.csv,identifier,asset_id,MTG:PRE_COLLECTOR_BOOSTER_BOX:MTG-CANON-TCGPLAYER-27306,1
asset_master.csv,identifier,asset_id,MTG:PRE_COLLECTOR_BOOSTER_BOX:MTG-CANON-TCGPLAYER-112706,1
asset_master.csv,identifier,asset_id,MTG:PRE_COLLECTOR_BOOSTER_BOX:MTG-CANON-TCGPLAYER-28640,1
asset_master.csv,identifier,asset_id,MTG:PRE_COLLECTOR_BOOSTER_BOX:MTG-CANON-TCGPLAYER-27307,1
asset_master.csv,identifier,asset_id,MTG:PRE_COLLECTOR_BOOSTER_BOX:MTG-CANON-TCGPLAYER-27308,1
asset_master.csv,identifier,asset_id,MTG:PRE_COLLECTOR_BOOSTER_BOX:MTG-CANON-TCGPLAYER-27309,1
asset_master.csv,identifier,asset_id,MTG:PRE_COLLECTOR_BOOSTER_BOX:MTG-CANON-TCGPLAYER-70960,1
asset_master.csv,identifier,asset_id,MTG:PRE_COLLECTOR_BOOSTER_BOX:MTG-CANON-TCGPLAYER-27310,1
asset_master.csv,identifier,asset_id,MTG:PRE_COLLECTOR_BOOSTER_BOX:MTG-CANON-TCGPLAYER-27311,1
asset_master.csv,identifier,asset_id,MTG:PRE_COLLECTOR_BOOSTER_BOX:MTG-CANON-TCGPLAYER-179444,1
asset_master.csv,identifier,asset_id,MTG:PRE_COLLECTOR_BOOSTER_BOX:MTG-CANON-TCGPLAYER-27312,1
asset_master.csv,identifier,asset_id,MTG:PRE_COLLECTOR_BOOSTER_BOX:MTG-CANON-TCGPLAYER-79290,1
asset_master.csv,identifier,asset_id,MTG:PRE_COLLECTOR_BOOSTER_BOX:MTG-CANON-TCGPLAYER-27313,1
asset_master.csv,identifier,asset_id,MTG:PRE_COLLECTOR_BOOSTER_BOX:MTG-CANON-TCGPLAYER-149402,1
asset_master.csv,identifier,asset_id,MTG:PRE_COLLECTOR_BOOSTER_BOX:MTG-CANON-TCGPLAYER-27314,1
asset_master.csv,identifier,asset_id,MTG:PRE_COLLECTOR_BOOSTER_BOX:MTG-CANON-TCGPLAYER-27315,1
asset_master.csv,identifier,asset_id,MTG:PRE_COLLECTOR_BOOSTER_BOX:MTG-CANON-TCGPLAYER-27316,1
asset_master.csv,identifier,asset_id,MTG:PRE_COLLECTOR_BOOSTER_BOX:MTG-CANON-TCGPLAYER-27317,1
asset_master.csv,identifier,asset_id,MTG:PRE_COLLECTOR_BOOSTER_BOX:MTG-CANON-TCGPLAYER-185676,1
asset_master.csv,identifier,asset_id,MTG:PRE_COLLECTOR_BOOSTER_BOX:MTG-CANON-TCGPLAYER-27318,1
asset_master.csv,identifier,asset_id,MTG:PRE_COLLECTOR_BOOSTER_BOX:MTG-CANON-TCGPLAYER-34468,1
asset_master.csv,identifier,asset_id,MTG:PRE_COLLECTOR_BOOSTER_BOX:MTG-CANON-TCGPLAYER-32789,1
asset_master.csv,identifier,asset_id,MTG:SECRET_LAIR:SL-27F25ED44B60AC,1
asset_master.csv,identifier,asset_id,MTG:SECRET_LAIR:SL-4AFB9096DD6221,1
asset_master.csv,identifier,asset_id,MTG:SECRET_LAIR:SL-C83649108644FE,1
asset_master.csv,identifier,asset_id,MTG:SECRET_LAIR:SL-8DF7AA99C9F2C9,1
asset_master.csv,identifier,asset_id,MTG:SECRET_LAIR:SL-73D3B01E989878,1
asset_master.csv,identifier,asset_id,MTG:SECRET_LAIR:SL-D1A162914F5B85,1
asset_master.csv,identifier,asset_id,MTG:SECRET_LAIR:SL-88061F345B7215,1
asset_master.csv,identifier,asset_id,MTG:SECRET_LAIR:SL-B679A1089E8A6B,1
asset_master.csv,identifier,asset_id,MTG:SECRET_LAIR:SL-FBADB7587BFD9A,1
asset_master.csv,identifier,asset_id,MTG:SECRET_LAIR:SL-4C6A3C65A74465,1
asset_master.csv,identifier,asset_id,MTG:SECRET_LAIR:SL-52287049EB9C78,1
asset_master.csv,identifier,asset_id,MTG:SECRET_LAIR:SL-C2CAC5DFF1B8FE,1
asset_master.csv,identifier,asset_id,MTG:SECRET_LAIR:SL-DA14F1AD8875AF,1
asset_master.csv,identifier,asset_id,MTG:SECRET_LAIR:SL-A7A995D0FE468E,1
asset_master.csv,identifier,asset_id,MTG:SECRET_LAIR:SL-2FE515EC6D482C,1
asset_master.csv,identifier,asset_id,MTG:SECRET_LAIR:SL-72C3D4333AE81B,1
asset_master.csv,identifier,asset_id,MTG:SECRET_LAIR:SL-9F9E2E3B15A276,1
asset_master.csv,identifier,asset_id,MTG:SECRET_LAIR:SL-87961062B3471E,1
asset_master.csv,identifier,asset_id,MTG:SECRET_LAIR:SL-62C80AB34D9CC5,1
asset_master.csv,identifier,asset_id,MTG:SECRET_LAIR:SL-C822436F428050,1
asset_master.csv,identifier,asset_id,MTG:SECRET_LAIR:SL-126AA07A5786BF,1
asset_master.csv,identifier,asset_id,MTG:SECRET_LAIR:SL-33FFFBC2DAC5E2,1
asset_master.csv,identifier,asset_id,MTG:SECRET_LAIR:SL-0170AA960296CD,1
asset_master.csv,identifier,asset_id,MTG:SECRET_LAIR:SL-7704D13F4E7F46,1
asset_master.csv,identifier,asset_id,MTG:SECRET_LAIR:SL-4AF8E5539A3A37,1
asset_master.csv,identifier,asset_id,MTG:SECRET_LAIR:SL-BF26DFD5509ADC,1
asset_master.csv,identifier,asset_id,MTG:SECRET_LAIR:SL-9392A78457BB01,1
asset_master.csv,identifier,asset_id,MTG:SECRET_LAIR:SL-A1DD82B9F45A59,1
asset_master.csv,identifier,asset_id,MTG:SECRET_LAIR:SL-5B3A6F59394F77,1
asset_master.csv,identifier,asset_id,MTG:SECRET_LAIR:SL-115EC34A20CEBD,1
asset_master.csv,identifier,asset_id,MTG:SECRET_LAIR:SL-641F10B993511F,1
asset_master.csv,identifier,asset_id,MTG:SECRET_LAIR:SL-43286263D6D2C4,1
asset_master.csv,identifier,asset_id,MTG:SECRET_LAIR:SL-5023185002A2AA,1
asset_master.csv,identifier,asset_id,MTG:SECRET_LAIR:SL-1D242838322B00,1
asset_master.csv,identifier,asset_id,MTG:SECRET_LAIR:SL-9962EA8B669B4F,1
asset_master.csv,identifier,asset_id,MTG:SECRET_LAIR:SL-19B445CB21B8AA,1
asset_master.csv,identifier,asset_id,MTG:SECRET_LAIR:SL-93933272405D31,1
asset_master.csv,identifier,asset_id,MTG:SECRET_LAIR:SL-CE0D22C4A5732F,1
asset_master.csv,identifier,asset_id,MTG:SECRET_LAIR:SL-9956C343D188B0,1
asset_master.csv,identifier,asset_id,MTG:SECRET_LAIR:SL-A8B11C02BE3C6B,1
asset_master.csv,identifier,asset_id,MTG:SECRET_LAIR:SL-63F3882ECD7C27,1
asset_master.csv,identifier,asset_id,MTG:SECRET_LAIR:SL-2E6BF27043E9BB,1
asset_master.csv,identifier,asset_id,MTG:SECRET_LAIR:SL-3AD38730FCEF33,1
asset_master.csv,identifier,asset_id,MTG:SECRET_LAIR:SL-0AA8438AAB4240,1
asset_master.csv,identifier,asset_id,MTG:SECRET_LAIR:SL-86F0753AA66E4B,1
asset_master.csv,identifier,asset_id,MTG:SECRET_LAIR:SL-568C9C053EB3C5,1
asset_master.csv,identifier,asset_id,MTG:SECRET_LAIR:SL-D8B6168FF7A7AD,1
asset_master.csv,identifier,asset_id,MTG:SECRET_LAIR:SL-B9EC0C6C5561F1,1
asset_master.csv,identifier,asset_id,MTG:SECRET_LAIR:SL-8AAEC38BEC5FBD,1
asset_master.csv,identifier,asset_id,MTG:SECRET_LAIR:SL-122DA15C9E14A2,1
asset_master.csv,identifier,asset_id,MTG:SECRET_LAIR:SL-D23F4A9FC75D03,1
asset_master.csv,identifier,asset_id,MTG:SECRET_LAIR:SL-6B7BB6F2DC6CCE,1
asset_master.csv,identifier,asset_id,MTG:SECRET_LAIR:SL-B28206C8B43B74,1
asset_master.csv,identifier,asset_id,MTG:SECRET_LAIR:SL-9A6EF28EECF2DC,1
asset_master.csv,identifier,asset_id,MTG:SECRET_LAIR:SL-823B9F2127A229,1
asset_master.csv,identifier,asset_id,MTG:SECRET_LAIR:SL-6D6C79C2652BFD,1
asset_master.csv,identifier,asset_id,MTG:SECRET_LAIR:SL-021B2153DBD979,1
asset_master.csv,identifier,asset_id,MTG:SECRET_LAIR:SL-DD0C5279EE2007,1
asset_master.csv,identifier,asset_id,MTG:SECRET_LAIR:SL-DD25AF4AC936E2,1
asset_master.csv,identifier,asset_id,MTG:SECRET_LAIR:SL-C1564B1CC85C5F,1
asset_master.csv,identifier,asset_id,MTG:SECRET_LAIR:SL-5A4A678A238B50,1
asset_master.csv,identifier,asset_id,MTG:SECRET_LAIR:SL-A8BD8FB79427E4,1
asset_master.csv,identifier,asset_id,MTG:SECRET_LAIR:SL-934530AEA76C05,1
asset_master.csv,identifier,asset_id,MTG:SECRET_LAIR:SL-B0E43DFE167A56,1
asset_master.csv,identifier,asset_id,MTG:SECRET_LAIR:SL-E23BF5EAA4F5AA,1
asset_master.csv,identifier,asset_id,MTG:SECRET_LAIR:SL-946D20169FB178,1
asset_master.csv,identifier,asset_id,MTG:SECRET_LAIR:SL-86AA5CC0673EF5,1
asset_master.csv,identifier,asset_id,MTG:SECRET_LAIR:SL-95C045CE385254,1
asset_master.csv,identifier,asset_id,MTG:SECRET_LAIR:SL-698A08AB4D7C37,1
asset_master.csv,identifier,asset_id,MTG:SECRET_LAIR:SL-C09C8446FDE850,1
asset_master.csv,identifier,asset_id,MTG:SECRET_LAIR:SL-7B02CD15018C5D,1
asset_master.csv,identifier,asset_id,MTG:SECRET_LAIR:SL-4E446C326A35E0,1
asset_master.csv,identifier,asset_id,MTG:SECRET_LAIR:SL-1D9FB450470C75,1
asset_master.csv,identifier,asset_id,MTG:SECRET_LAIR:SL-3C8F74D9F8C33A,1
asset_master.csv,identifier,asset_id,MTG:SECRET_LAIR:SL-B762CD279E0001,1
asset_master.csv,identifier,asset_id,MTG:SECRET_LAIR:SL-D85757C8DB2B40,1
asset_master.csv,identifier,asset_id,MTG:SECRET_LAIR:SL-63246582180433,1
asset_master.csv,identifier,asset_id,MTG:SECRET_LAIR:SL-ABB49E64363CCC,1
asset_master.csv,identifier,asset_id,MTG:SECRET_LAIR:SL-D792C24E8A09CF,1
asset_master.csv,identifier,asset_id,MTG:SECRET_LAIR:SL-142966DB35DC8F,1
asset_master.csv,identifier,asset_id,MTG:SECRET_LAIR:SL-01E98F93055799,1
asset_master.csv,identifier,asset_id,MTG:SECRET_LAIR:SL-BF2B66F024D88D,1
asset_master.csv,identifier,asset_id,MTG:SECRET_LAIR:SL-C0AA65531F16E2,1
asset_master.csv,identifier,asset_id,MTG:SECRET_LAIR:SL-74035B29B5EAA4,1
asset_master.csv,identifier,asset_id,MTG:SECRET_LAIR:SL-35D49FF298AC45,1
asset_master.csv,identifier,asset_id,MTG:SECRET_LAIR:SL-7A106AED6BFADC,1
asset_master.csv,identifier,asset_id,MTG:SECRET_LAIR:SL-014CB03DE34288,1
asset_master.csv,identifier,asset_id,MTG:SECRET_LAIR:SL-54C9080526A1C2,1
asset_master.csv,identifier,asset_id,MTG:SECRET_LAIR:SL-FD569236BFC307,1
asset_master.csv,identifier,asset_id,MTG:SECRET_LAIR:SL-B0DEB8AFB8B821,1
asset_master.csv,identifier,asset_id,MTG:SECRET_LAIR:SL-70307120926003,1
asset_master.csv,identifier,asset_id,MTG:SECRET_LAIR:SL-2B55545460A82C,1
asset_master.csv,identifier,asset_id,MTG:SECRET_LAIR:SL-FD327F76CA9BCB,1
asset_master.csv,identifier,asset_id,MTG:SECRET_LAIR:SL-AB047EA1882C29,1
asset_master.csv,identifier,asset_id,MTG:SECRET_LAIR:SL-B9580FD00B16BE,1
asset_master.csv,identifier,asset_id,MTG:SECRET_LAIR:SL-3B1C73233CF74E,1
asset_master.csv,identifier,asset_id,MTG:SECRET_LAIR:SL-D62B35CD192D99,1
asset_master.csv,identifier,asset_id,MTG:SECRET_LAIR:SL-30DF537FBDFC90,1
asset_master.csv,identifier,asset_id,MTG:SECRET_LAIR:SL-D76CD5BC7E1068,1
asset_master.csv,identifier,asset_id,MTG:SECRET_LAIR:SL-E82C687C9DB063,1
asset_master.csv,identifier,asset_id,MTG:SECRET_LAIR:SL-7E80920E7FFF0A,1
asset_master.csv,identifier,asset_id,MTG:SECRET_LAIR:SL-391ADFABB49A8E,1
asset_master.csv,identifier,asset_id,MTG:SECRET_LAIR:SL-D126DBCCB251DC,1
asset_master.csv,identifier,asset_id,MTG:SECRET_LAIR:SL-75579AD5DE6CB9,1
asset_master.csv,identifier,asset_id,MTG:SECRET_LAIR:SL-769EDCF494E5DB,1
asset_master.csv,identifier,asset_id,MTG:SECRET_LAIR:SL-0F1DBD84485B3E,1
asset_master.csv,identifier,asset_id,MTG:SECRET_LAIR:SL-F8091FD6F7CD83,1
asset_master.csv,identifier,asset_id,MTG:SECRET_LAIR:SL-4D89F0ED51988D,1
asset_master.csv,identifier,asset_id,MTG:SECRET_LAIR:SL-86693ED2B58D32,1
asset_master.csv,identifier,asset_id,MTG:SECRET_LAIR:SL-C82FB71F29626A,1
asset_master.csv,identifier,asset_id,MTG:SECRET_LAIR:SL-44C1A8804ED001,1
asset_master.csv,identifier,asset_id,MTG:SECRET_LAIR:SL-4A13D668591161,1
asset_master.csv,identifier,asset_id,MTG:SECRET_LAIR:SL-DEF4A1D4ADC965,1
asset_master.csv,identifier,asset_id,MTG:SECRET_LAIR:SL-B3EF01C8308565,1
asset_master.csv,identifier,asset_id,MTG:SECRET_LAIR:SL-D5C35A28D4B658,1
asset_master.csv,identifier,asset_id,MTG:SECRET_LAIR:SL-3EF9855B3720AF,1
asset_master.csv,identifier,asset_id,MTG:SECRET_LAIR:SL-6272B7E7FCCDE5,1
asset_master.csv,identifier,asset_id,MTG:SECRET_LAIR:SL-5C3F30C12BEBAB,1
asset_master.csv,identifier,asset_id,MTG:SECRET_LAIR:SL-43DBFB9B561C4B,1
asset_master.csv,identifier,asset_id,MTG:SECRET_LAIR:SL-C03E05940DAAFA,1
asset_master.csv,identifier,asset_id,MTG:SECRET_LAIR:SL-EF10004B2C3091,1
asset_master.csv,identifier,asset_id,MTG:SECRET_LAIR:SL-960F8E0D48A128,1
asset_master.csv,identifier,asset_id,MTG:SECRET_LAIR:SL-61FF8037187542,1
asset_master.csv,identifier,asset_id,MTG:SECRET_LAIR:SL-BE705BBFC18014,1
asset_master.csv,identifier,asset_id,MTG:SECRET_LAIR:SL-BFF6DA64140996,1
asset_master.csv,identifier,asset_id,MTG:SECRET_LAIR:SL-4C044399719CB3,1
asset_master.csv,identifier,asset_id,MTG:SECRET_LAIR:SL-BC4683677FBC3C,1
asset_master.csv,identifier,asset_id,MTG:SECRET_LAIR:SL-22B841990DAC1F,1
asset_master.csv,identifier,asset_id,MTG:SECRET_LAIR:SL-1304148BB94881,1
asset_master.csv,identifier,asset_id,MTG:SECRET_LAIR:SL-DEE8CCCA9CFCCE,1
asset_master.csv,identifier,asset_id,MTG:SECRET_LAIR:SL-BB18909619320D,1
asset_master.csv,identifier,asset_id,MTG:SECRET_LAIR:SL-F7BF46E86FD15C,1
asset_master.csv,identifier,asset_id,MTG:SECRET_LAIR:SL-2CFDA3F4C0066D,1
asset_master.csv,identifier,asset_id,MTG:SECRET_LAIR:SL-F638B39456864F,1
asset_master.csv,identifier,asset_id,MTG:SECRET_LAIR:SL-FA3D9482741C16,1
asset_master.csv,identifier,asset_id,MTG:SECRET_LAIR:SL-2D5B5D6DB161EE,1
asset_master.csv,identifier,asset_id,MTG:SECRET_LAIR:SL-5E385BCEB8C1D3,1
asset_master.csv,identifier,asset_id,MTG:SECRET_LAIR:SL-E7BDE12BA780C5,1
asset_master.csv,identifier,asset_id,MTG:SECRET_LAIR:SL-DD3248D210AC90,1
asset_master.csv,identifier,asset_id,MTG:SECRET_LAIR:SL-76D8B5BE432384,1
asset_master.csv,identifier,asset_id,MTG:SECRET_LAIR:SL-C67CDDB0AE44ED,1
asset_master.csv,identifier,asset_id,MTG:SECRET_LAIR:SL-3CA7E30CC977F0,1
asset_master.csv,identifier,asset_id,MTG:SECRET_LAIR:SL-F7E2916CEC3366,1
asset_master.csv,identifier,asset_id,MTG:SECRET_LAIR:SL-AD341F83F23370,1
asset_master.csv,identifier,asset_id,MTG:SECRET_LAIR:SL-771BBE0ADFF762,1
asset_master.csv,identifier,asset_id,MTG:SECRET_LAIR:SL-D9F7FC2E4D48A5,1
asset_master.csv,identifier,asset_id,MTG:SECRET_LAIR:SL-32E9767E0B3D5C,1
asset_master.csv,identifier,asset_id,MTG:SECRET_LAIR:SL-8789D987BBC540,1
asset_master.csv,identifier,asset_id,MTG:SECRET_LAIR:SL-60BFB1DCD1B82F,1
asset_master.csv,identifier,asset_id,MTG:SECRET_LAIR:SL-8FC5EC5CE5CF31,1
asset_master.csv,identifier,asset_id,MTG:SECRET_LAIR:SL-E618F74B27D105,1
asset_master.csv,identifier,asset_id,MTG:SECRET_LAIR:SL-3CE747424ABD9D,1
asset_master.csv,identifier,asset_id,MTG:SECRET_LAIR:SL-290BC5AB169700,1
asset_master.csv,identifier,asset_id,MTG:SECRET_LAIR:SL-7184A0B63B1E9E,1
asset_master.csv,identifier,asset_id,MTG:SECRET_LAIR:SL-B5E5B47263114D,1
asset_master.csv,identifier,asset_id,MTG:SECRET_LAIR:SL-761D477012E693,1
asset_master.csv,identifier,asset_id,MTG:SECRET_LAIR:SL-908B8F97F7A4CA,1
asset_master.csv,identifier,asset_id,MTG:SECRET_LAIR:SL-3695BA5801481E,1
asset_master.csv,identifier,asset_id,MTG:SECRET_LAIR:SL-3AE8E2E6E8B3B6,1
asset_master.csv,identifier,asset_id,MTG:SECRET_LAIR:SL-7FD38092671142,1
asset_master.csv,identifier,asset_id,MTG:SECRET_LAIR:SL-F46976B12ECA22,1
asset_master.csv,identifier,asset_id,MTG:SECRET_LAIR:SL-2D3CABC651E40A,1
asset_master.csv,identifier,asset_id,MTG:SECRET_LAIR:SL-C44AE37BDB68A9,1
asset_master.csv,identifier,asset_id,MTG:SECRET_LAIR:SL-6AF6F8F8E4C984,1
asset_master.csv,identifier,asset_id,MTG:SECRET_LAIR:SL-E14AB3D48E2308,1
asset_master.csv,identifier,asset_id,MTG:SECRET_LAIR:SL-C59DE249DE7287,1
asset_master.csv,identifier,asset_id,MTG:SECRET_LAIR:SL-97A19C3BC3A646,1
asset_master.csv,identifier,asset_id,MTG:SECRET_LAIR:SL-2098A235696D4F,1
asset_master.csv,identifier,asset_id,MTG:SECRET_LAIR:SL-1DE33F0229DA09,1
asset_master.csv,identifier,asset_id,MTG:SECRET_LAIR:SL-B2289CE720A189,1
asset_master.csv,identifier,asset_id,MTG:SECRET_LAIR:SL-7CD7CFCF523E56,1
asset_master.csv,identifier,asset_id,MTG:SECRET_LAIR:SL-BFAF5430109A2E,1
asset_master.csv,identifier,asset_id,MTG:SECRET_LAIR:SL-41A8311FB84FA5,1
asset_master.csv,identifier,asset_id,MTG:SECRET_LAIR:SL-C999737763FC53,1
asset_master.csv,identifier,asset_id,MTG:SECRET_LAIR:SL-74104655C7BE3C,1
asset_master.csv,identifier,asset_id,MTG:SECRET_LAIR:SL-2A0B13F359B600,1
asset_master.csv,identifier,asset_id,MTG:SECRET_LAIR:SL-0C1E7816FD9FE9,1
asset_master.csv,identifier,asset_id,MTG:SECRET_LAIR:SL-6B5DCD60BA5730,1
asset_master.csv,identifier,asset_id,MTG:SECRET_LAIR:SL-81870DDCED77D3,1
asset_master.csv,identifier,asset_id,MTG:SECRET_LAIR:SL-CEFFC6DB7F7ABD,1
asset_master.csv,identifier,asset_id,MTG:SECRET_LAIR:SL-DA137A8920D7BE,1
asset_master.csv,identifier,asset_id,MTG:SECRET_LAIR:SL-39CDF02CD749A1,1
asset_master.csv,identifier,asset_id,MTG:SECRET_LAIR:SL-239D6859BD1D9C,1
asset_master.csv,identifier,asset_id,MTG:SECRET_LAIR:SL-6DFA783F3B9A37,1
asset_master.csv,identifier,asset_id,MTG:SECRET_LAIR:SL-6913FBEDFDB80B,1
asset_master.csv,identifier,asset_id,MTG:SECRET_LAIR:SL-A0E13DA74146D6,1
asset_master.csv,identifier,asset_id,MTG:SECRET_LAIR:SL-23FA662D95286E,1
asset_master.csv,identifier,asset_id,MTG:SECRET_LAIR:SL-B9248149A4056B,1
asset_master.csv,identifier,asset_id,MTG:SECRET_LAIR:SL-B226AC313B5F39,1
asset_master.csv,identifier,asset_id,MTG:SECRET_LAIR:SL-9BC9B71A47DED5,1
asset_master.csv,identifier,asset_id,MTG:SECRET_LAIR:SL-831C7242985EC8,1
asset_master.csv,identifier,asset_id,MTG:SECRET_LAIR:SL-E24F74D610175D,1
asset_master.csv,identifier,asset_id,MTG:SECRET_LAIR:SL-369FF863EC799B,1
asset_master.csv,identifier,asset_id,MTG:SECRET_LAIR:SL-65D2FBF09647F2,1
asset_master.csv,identifier,asset_id,MTG:SECRET_LAIR:SL-3F745D24C8D183,1
asset_master.csv,identifier,asset_id,MTG:SECRET_LAIR:SL-3BF37BD3ACB158,1
asset_master.csv,identifier,asset_id,MTG:SECRET_LAIR:SL-2F5BFD58A416E7,1
asset_master.csv,identifier,asset_id,MTG:SECRET_LAIR:SL-140EB9D3B38175,1
asset_master.csv,identifier,asset_id,MTG:SECRET_LAIR:SL-69852EB562DC18,1
asset_master.csv,identifier,asset_id,MTG:SECRET_LAIR:SL-20A675073DCB5D,1
asset_master.csv,identifier,asset_id,MTG:SECRET_LAIR:SL-5EF93AB87CC7BC,1
asset_master.csv,identifier,asset_id,MTG:SECRET_LAIR:SL-9026C39DC2D584,1
asset_master.csv,identifier,asset_id,MTG:SECRET_LAIR:SL-AF4CAB7AA2FC3B,1
asset_master.csv,identifier,asset_id,MTG:SECRET_LAIR:SL-5C83F0908286AA,1
asset_master.csv,identifier,asset_id,MTG:SECRET_LAIR:SL-B58718E7FE11D2,1
asset_master.csv,identifier,asset_id,MTG:SECRET_LAIR:SL-2F0C6070A19154,1
asset_master.csv,identifier,asset_id,MTG:SECRET_LAIR:SL-0430987FB34846,1
asset_master.csv,identifier,asset_id,MTG:SECRET_LAIR:SL-C80FAE8D249054,1
asset_master.csv,identifier,asset_id,MTG:SECRET_LAIR:SL-2569BCFE16FD2C,1
asset_master.csv,identifier,asset_id,MTG:SECRET_LAIR:SL-72472EFE8746C4,1
asset_master.csv,identifier,asset_id,MTG:SECRET_LAIR:SL-E6ACEF67518AF1,1
asset_master.csv,identifier,asset_id,MTG:SECRET_LAIR:SL-873865C256386B,1
asset_master.csv,identifier,asset_id,MTG:SECRET_LAIR:SL-272CED28AF6023,1
asset_master.csv,identifier,asset_id,MTG:SECRET_LAIR:SL-E03F5C270405EA,1
asset_master.csv,identifier,asset_id,MTG:SECRET_LAIR:SL-C0418534DE36CF,1
asset_master.csv,identifier,asset_id,MTG:SECRET_LAIR:SL-C2217F8AD4F84B,1
asset_master.csv,identifier,asset_id,MTG:SECRET_LAIR:SL-0E630241169A8E,1
asset_master.csv,identifier,asset_id,MTG:SECRET_LAIR:SL-4B22D43419542B,1
asset_master.csv,identifier,asset_id,MTG:SECRET_LAIR:SL-8B470F1D9379AF,1
asset_master.csv,identifier,asset_id,MTG:SECRET_LAIR:SL-DD778C566554A0,1
asset_master.csv,identifier,asset_id,MTG:SECRET_LAIR:SL-E577A60B3B1BA6,1
asset_master.csv,identifier,asset_id,MTG:SECRET_LAIR:SL-7993B0A0677511,1
asset_master.csv,identifier,asset_id,MTG:SECRET_LAIR:SL-6CD9F3DF876B1F,1
asset_master.csv,identifier,asset_id,MTG:SECRET_LAIR:SL-EB7E2032D0A931,1
asset_master.csv,identifier,asset_id,MTG:SECRET_LAIR:SL-6C1B3964A65485,1
asset_master.csv,identifier,asset_id,MTG:SECRET_LAIR:SL-D13D0C095C023B,1
asset_master.csv,identifier,asset_id,MTG:SECRET_LAIR:SL-7C2B424B1C7969,1
asset_master.csv,identifier,asset_id,MTG:SECRET_LAIR:SL-AA2410B0C1D7D4,1
asset_master.csv,identifier,asset_id,MTG:SECRET_LAIR:SL-8BC0DEE34E59D2,1
asset_master.csv,identifier,asset_id,MTG:SECRET_LAIR:SL-CAEFD21D151456,1
asset_master.csv,identifier,asset_id,MTG:SECRET_LAIR:SL-E1E2903CCE3709,1
asset_master.csv,identifier,asset_id,MTG:SECRET_LAIR:SL-2007070E059EDF,1
asset_master.csv,identifier,asset_id,MTG:SECRET_LAIR:SL-F886C775F2D753,1
asset_master.csv,identifier,asset_id,MTG:SECRET_LAIR:SL-E84A5B15E6F9C3,1
asset_master.csv,identifier,asset_id,MTG:SECRET_LAIR:SL-62BFC9811DD915,1
asset_master.csv,identifier,asset_id,MTG:SECRET_LAIR:SL-9179B083C2914F,1
asset_master.csv,identifier,asset_id,MTG:SECRET_LAIR:SL-E8AF55C924629C,1
asset_master.csv,identifier,asset_id,MTG:SECRET_LAIR:SL-649995DEB9E53B,1
asset_master.csv,identifier,asset_id,MTG:SECRET_LAIR:SL-3C65FD2BF954A2,1
asset_master.csv,identifier,asset_id,MTG:SECRET_LAIR:SL-94D47F07F61A0F,1
asset_master.csv,identifier,asset_id,MTG:SECRET_LAIR:SL-39B978CCE71007,1
asset_master.csv,identifier,asset_id,MTG:SECRET_LAIR:SL-83E8E9E9BDAB7C,1
asset_master.csv,identifier,asset_id,MTG:SECRET_LAIR:SL-AC1856E0C8845C,1
asset_master.csv,identifier,asset_id,MTG:SECRET_LAIR:SL-F97114C3F34013,1
asset_master.csv,identifier,asset_id,MTG:SECRET_LAIR:SL-04F997D8C52528,1
asset_master.csv,identifier,asset_id,MTG:SECRET_LAIR:SL-18623F544924A7,1
asset_master.csv,identifier,asset_id,MTG:SECRET_LAIR:SL-A8A83DC7B06C38,1
asset_master.csv,identifier,asset_id,MTG:SECRET_LAIR:SL-EBBF87B2EDF78C,1
asset_master.csv,identifier,asset_id,MTG:SECRET_LAIR:SL-E4AC3EAED9F285,1
asset_master.csv,identifier,asset_id,MTG:SECRET_LAIR:SL-41DAD3A3B372D8,1
asset_master.csv,identifier,asset_id,MTG:SECRET_LAIR:SL-CA3A146FC06964,1
asset_master.csv,identifier,asset_id,MTG:SECRET_LAIR:SL-AED577907E5FAA,1
asset_master.csv,identifier,asset_id,MTG:SECRET_LAIR:SL-7DE930AD4A4B8C,1
asset_master.csv,identifier,asset_id,MTG:SECRET_LAIR:SL-9636BECFACB4FB,1
asset_master.csv,identifier,asset_id,MTG:SECRET_LAIR:SL-31EB85A6AF4F60,1
asset_master.csv,identifier,asset_id,MTG:SECRET_LAIR:SL-888F2E0C4FB9B0,1
asset_master.csv,identifier,asset_id,MTG:SECRET_LAIR:SL-DA0255DFD87A79,1
asset_master.csv,identifier,asset_id,MTG:SECRET_LAIR:SL-C365E12BA9F953,1
asset_master.csv,identifier,asset_id,MTG:SECRET_LAIR:SL-2825A1B58F0B24,1
asset_master.csv,identifier,asset_id,MTG:SECRET_LAIR:SL-500F5F97CE9D3D,1
asset_master.csv,identifier,asset_id,MTG:SECRET_LAIR:SL-0957EA8624A898,1
asset_master.csv,identifier,asset_id,MTG:SECRET_LAIR:SL-F546FBC2EE4D47,1
asset_master.csv,identifier,asset_id,MTG:SECRET_LAIR:SL-FB8F41B5698E85,1
asset_master.csv,identifier,asset_id,MTG:SECRET_LAIR:SL-F4935DE607204D,1
asset_master.csv,identifier,asset_id,MTG:SECRET_LAIR:SL-DD598BF68D0AC7,1
asset_master.csv,identifier,asset_id,MTG:SECRET_LAIR:SL-21979E71D302E5,1
asset_master.csv,identifier,asset_id,MTG:SECRET_LAIR:SL-06CAAF43297C92,1
asset_master.csv,identifier,asset_id,MTG:SECRET_LAIR:SL-1B0779915A22B6,1
asset_master.csv,identifier,asset_id,MTG:SECRET_LAIR:SL-AA1F67E9D21D5F,1
asset_master.csv,identifier,asset_id,MTG:SECRET_LAIR:SL-A82A8D6CE7A54C,1
asset_master.csv,identifier,asset_id,MTG:SECRET_LAIR:SL-BF008024F9A243,1
asset_master.csv,identifier,asset_id,MTG:SECRET_LAIR:SL-C53BF262ADA17B,1
asset_master.csv,identifier,asset_id,MTG:SECRET_LAIR:SL-75EB6270819FE3,1
asset_master.csv,identifier,asset_id,MTG:SECRET_LAIR:SL-CA2C167AAFAD55,1
asset_master.csv,identifier,asset_id,MTG:SECRET_LAIR:SL-EFFCE6D4208A63,1
asset_master.csv,identifier,asset_id,MTG:SECRET_LAIR:SL-01F4014DB0F8CA,1
asset_master.csv,identifier,asset_id,MTG:SECRET_LAIR:SL-C94DD14ECC45A6,1
asset_master.csv,identifier,asset_id,MTG:SECRET_LAIR:SL-17405C5D45E661,1
asset_master.csv,identifier,asset_id,MTG:SECRET_LAIR:SL-BF3E293642759E,1
asset_master.csv,identifier,asset_id,MTG:SECRET_LAIR:SL-DFE9AC9C5D05C9,1
asset_master.csv,identifier,asset_id,MTG:SECRET_LAIR:SL-CE3BB4F7AF5651,1
asset_master.csv,identifier,asset_id,MTG:SECRET_LAIR:SL-2CC41EDDF7EBA1,1
asset_master.csv,identifier,asset_id,MTG:SECRET_LAIR:SL-8809E95120F445,1
asset_master.csv,identifier,asset_id,MTG:SECRET_LAIR:SL-4018B4444438E9,1
asset_master.csv,identifier,asset_id,MTG:SECRET_LAIR:SL-B483A5C23B7FF5,1
asset_master.csv,identifier,asset_id,MTG:SECRET_LAIR:SL-4BF63B64592660,1
asset_master.csv,identifier,asset_id,MTG:SECRET_LAIR:SL-BFACC46E5A3310,1
asset_master.csv,identifier,asset_id,MTG:SECRET_LAIR:SL-4538C3C87DD66E,1
asset_master.csv,identifier,asset_id,MTG:SECRET_LAIR:SL-50C145DADB01EC,1
asset_master.csv,identifier,asset_id,MTG:SECRET_LAIR:SL-A4528679EBCD24,1
asset_master.csv,identifier,asset_id,MTG:SECRET_LAIR:SL-9762ED8DD0FDB9,1
asset_master.csv,identifier,asset_id,MTG:SECRET_LAIR:SL-E3519A1A83A8E6,1
asset_master.csv,identifier,asset_id,MTG:SECRET_LAIR:SL-D263E9818F8B46,1
asset_master.csv,identifier,asset_id,MTG:SECRET_LAIR:SL-D18A4E24571B1B,1
asset_master.csv,identifier,asset_id,MTG:SECRET_LAIR:SL-90A9B91CE326E6,1
asset_master.csv,identifier,asset_id,MTG:SECRET_LAIR:SL-9F25EFE6D18364,1
asset_master.csv,identifier,asset_id,MTG:SECRET_LAIR:SL-FA7A7EE1991025,1
asset_master.csv,identifier,asset_id,MTG:SECRET_LAIR:SL-51976658E5C23C,1
asset_master.csv,identifier,asset_id,MTG:SECRET_LAIR:SL-76EE3574620B68,1
asset_master.csv,identifier,asset_id,MTG:SECRET_LAIR:SL-5375C51D0AF757,1
asset_master.csv,identifier,asset_id,MTG:SECRET_LAIR:SL-3A02BD35AC0C02,1
asset_master.csv,identifier,asset_id,MTG:SECRET_LAIR:SL-60B5B69D0C5853,1
asset_master.csv,identifier,asset_id,MTG:SECRET_LAIR:SL-37F143176116F8,1
asset_master.csv,identifier,asset_id,MTG:SECRET_LAIR:SL-B2C9080295DEB3,1
asset_master.csv,identifier,asset_id,MTG:SECRET_LAIR:SL-E4888AAC444029,1
asset_master.csv,identifier,asset_id,MTG:SECRET_LAIR:SL-960978B749E8BC,1
asset_master.csv,identifier,asset_id,MTG:SECRET_LAIR:SL-B96EF3DC64D9A0,1
asset_master.csv,identifier,asset_id,MTG:SECRET_LAIR:SL-B01296C6F1D9D6,1
asset_master.csv,identifier,asset_id,MTG:SECRET_LAIR:SL-F70A9FB130F172,1
asset_master.csv,identifier,asset_id,MTG:SECRET_LAIR:SL-E397494832E845,1
asset_master.csv,identifier,asset_id,MTG:SECRET_LAIR:SL-CE39B48D52F07A,1
asset_master.csv,identifier,asset_id,MTG:SECRET_LAIR:SL-4B314F21B95F79,1
asset_master.csv,identifier,asset_id,MTG:SECRET_LAIR:SL-DCDC09399C5D54,1
asset_master.csv,identifier,asset_id,MTG:SECRET_LAIR:SL-42559D1C728178,1
asset_master.csv,identifier,asset_id,MTG:SECRET_LAIR:SL-A8B0B83EFB86DE,1
asset_master.csv,identifier,asset_id,MTG:SECRET_LAIR:SL-39F25CFE2C5A26,1
asset_master.csv,identifier,asset_id,MTG:SECRET_LAIR:SL-D14CD1568AC703,1
asset_master.csv,identifier,asset_id,MTG:SECRET_LAIR:SL-6F9B1732BC4226,1
asset_master.csv,identifier,asset_id,MTG:SECRET_LAIR:SL-B92B03D94C10E9,1
asset_master.csv,identifier,asset_id,MTG:SECRET_LAIR:SL-88ECC52C2FD66F,1
asset_master.csv,identifier,asset_id,MTG:SECRET_LAIR:SL-6A7B01B7E9573D,1
asset_master.csv,identifier,asset_id,MTG:SECRET_LAIR:SL-204D6B03D36FE2,1
asset_master.csv,identifier,asset_id,MTG:SECRET_LAIR:SL-5870A36D552768,1
asset_master.csv,identifier,asset_id,MTG:SECRET_LAIR:SL-75C9DE65D2674C,1
asset_master.csv,identifier,asset_id,MTG:SECRET_LAIR:SL-7EA408BA13BB00,1
asset_master.csv,identifier,asset_id,MTG:SECRET_LAIR:SL-9354CD516531FE,1
asset_master.csv,identifier,asset_id,MTG:SECRET_LAIR:SL-800F3A66865530,1
asset_master.csv,identifier,asset_id,MTG:SECRET_LAIR:SL-4C4FCD42C6E4CB,1
asset_master.csv,identifier,asset_id,MTG:SECRET_LAIR:SL-F1CC2FF6F7667E,1
asset_master.csv,identifier,asset_id,MTG:SECRET_LAIR:SL-0CED568CA776CD,1
asset_master.csv,identifier,asset_id,MTG:SECRET_LAIR:SL-B959CE689FE1E3,1
asset_master.csv,identifier,asset_id,MTG:SECRET_LAIR:SL-9F2EA943C39F55,1
asset_master.csv,identifier,asset_id,MTG:SECRET_LAIR:SL-10654C31034738,1
asset_master.csv,identifier,asset_id,MTG:SECRET_LAIR:SL-A7E5B7F6EC8B4A,1
asset_master.csv,identifier,asset_id,MTG:SECRET_LAIR:SL-EE73A455D6DAFC,1
asset_master.csv,identifier,asset_id,MTG:SECRET_LAIR:SL-7B6BF7476036E4,1
asset_master.csv,identifier,asset_id,MTG:SECRET_LAIR:SL-1AC45BAFCC79A8,1
asset_master.csv,identifier,asset_id,MTG:SECRET_LAIR:SL-627854ED741646,1
asset_master.csv,identifier,asset_id,MTG:SECRET_LAIR:SL-27F53952DEB63B,1
asset_master.csv,identifier,asset_id,MTG:SECRET_LAIR:SL-DAA2346E431D52,1
asset_master.csv,identifier,asset_id,MTG:SECRET_LAIR:SL-5460CC74A875D8,1
asset_master.csv,identifier,asset_id,MTG:SECRET_LAIR:SL-B2753C6B1814F0,1
asset_master.csv,identifier,asset_id,MTG:SECRET_LAIR:SL-20E2C89BAB6915,1
asset_master.csv,identifier,asset_id,MTG:SECRET_LAIR:SL-E5F7C4556D2AE8,1
asset_master.csv,identifier,asset_id,MTG:SECRET_LAIR:SL-1051ECFDCBF5AF,1
asset_master.csv,identifier,asset_id,MTG:SECRET_LAIR:SL-93F3442047281C,1
asset_master.csv,identifier,asset_id,MTG:SECRET_LAIR:SL-0EF6F56C669DFA,1
asset_master.csv,identifier,asset_id,MTG:SECRET_LAIR:SL-6C10833A178EED,1
asset_master.csv,identifier,asset_id,MTG:SECRET_LAIR:SL-26D338135420FD,1
asset_master.csv,identifier,asset_id,MTG:SECRET_LAIR:SL-0A1AF554F409DF,1
asset_master.csv,identifier,asset_id,MTG:SECRET_LAIR:SL-DB82DC16CD1A6A,1
asset_master.csv,identifier,asset_id,MTG:SECRET_LAIR:SL-207EFFFEEB79A0,1
asset_master.csv,identifier,asset_id,MTG:SECRET_LAIR:SL-686E1BBEBCBFAA,1
asset_master.csv,identifier,asset_id,MTG:SECRET_LAIR:SL-5DFBCE0AB83C38,1
asset_master.csv,identifier,asset_id,MTG:SECRET_LAIR:SL-5468F7B9EAB454,1
asset_master.csv,identifier,asset_id,MTG:SECRET_LAIR:SL-789447B652E3B8,1
asset_master.csv,identifier,asset_id,MTG:SECRET_LAIR:SL-DD3A0B4F1E7DA1,1
asset_master.csv,identifier,asset_id,MTG:SECRET_LAIR:SL-89EE2906EE10D0,1
asset_master.csv,identifier,asset_id,MTG:SECRET_LAIR:SL-C72D4B2E5B3130,1
asset_master.csv,identifier,asset_id,MTG:SECRET_LAIR:SL-24D60CEE50EB04,1
asset_master.csv,identifier,asset_id,MTG:SECRET_LAIR:SL-B81DED4DD2F7F0,1
asset_master.csv,identifier,asset_id,MTG:SECRET_LAIR:SL-42D8B704EA16D9,1
asset_master.csv,identifier,asset_id,MTG:SECRET_LAIR:SL-E63BB6ABED78A1,1
asset_master.csv,identifier,asset_id,MTG:SECRET_LAIR:SL-BA53143C1DDB56,1
asset_master.csv,identifier,asset_id,MTG:SECRET_LAIR:SL-26CE439D88A06A,1
asset_master.csv,identifier,asset_id,MTG:SECRET_LAIR:SL-62924E622370DA,1
asset_master.csv,identifier,asset_id,MTG:SECRET_LAIR:SL-FA32CF1A49D1D5,1
asset_master.csv,identifier,asset_id,MTG:SECRET_LAIR:SL-2C8BD576A51D61,1
asset_master.csv,identifier,asset_id,MTG:SECRET_LAIR:SL-C05D25C1CB85E9,1
asset_master.csv,identifier,asset_id,MTG:SECRET_LAIR:SL-A7EA98C7CECF4C,1
asset_master.csv,identifier,asset_id,MTG:SECRET_LAIR:SL-D9CB56BE93955C,1
asset_master.csv,identifier,asset_id,MTG:SECRET_LAIR:SL-4E3DD31A8F10CD,1
asset_master.csv,identifier,asset_id,MTG:SECRET_LAIR:SL-7E347F44185EA2,1
asset_master.csv,identifier,asset_id,MTG:SECRET_LAIR:SL-BC079E499A94AF,1
asset_master.csv,identifier,asset_id,MTG:SECRET_LAIR:SL-96C67AB7F9BDE5,1
asset_master.csv,identifier,asset_id,MTG:SECRET_LAIR:SL-50E644B80B9CC1,1
asset_master.csv,identifier,asset_id,MTG:SECRET_LAIR:SL-D7984A9CB76C99,1
asset_master.csv,identifier,asset_id,MTG:SECRET_LAIR:SL-AF7841CC1354F9,1
asset_master.csv,identifier,asset_id,MTG:SECRET_LAIR:SL-D5D2DCA70EA4CD,1
asset_master.csv,identifier,asset_id,MTG:SECRET_LAIR:SL-3AED22057A4FFB,1
asset_master.csv,identifier,asset_id,MTG:SECRET_LAIR:SL-1F7D163D1ACEFB,1
asset_master.csv,identifier,asset_id,MTG:SECRET_LAIR:SL-A26DEC91D98CFF,1
asset_master.csv,identifier,asset_id,MTG:SECRET_LAIR:SL-14CB93A38C37A0,1
asset_master.csv,identifier,asset_id,MTG:SECRET_LAIR:SL-FDAA65C601D268,1
asset_master.csv,identifier,asset_id,MTG:SECRET_LAIR:SL-A47DB53641C91B,1
asset_master.csv,identifier,asset_id,MTG:SECRET_LAIR:SL-30B353B1E2F40A,1
asset_master.csv,identifier,asset_id,MTG:SECRET_LAIR:SL-560F109DA33288,1
asset_master.csv,identifier,asset_id,MTG:SECRET_LAIR:SL-86C6A385452411,1
asset_master.csv,identifier,asset_id,MTG:SECRET_LAIR:SL-3A798704DD8BBD,1
asset_master.csv,identifier,asset_id,MTG:SECRET_LAIR:SL-F3C784F688A104,1
asset_master.csv,identifier,asset_id,MTG:SECRET_LAIR:SL-F4DBBBEC3CFEB4,1
asset_master.csv,identifier,asset_id,MTG:SECRET_LAIR:SL-1673F72E783176,1
asset_master.csv,identifier,asset_id,MTG:SECRET_LAIR:SL-DCD05FAA1B15E7,1
asset_master.csv,identifier,asset_id,MTG:SECRET_LAIR:SL-2FCD076205C4F4,1
asset_master.csv,identifier,asset_id,MTG:SECRET_LAIR:SL-B5DE5D10D8B22E,1
asset_master.csv,identifier,asset_id,MTG:SECRET_LAIR:SL-87225328ADBE06,1
asset_master.csv,identifier,asset_id,MTG:SECRET_LAIR:SL-FC508070AC9ECD,1
asset_master.csv,identifier,asset_id,MTG:SECRET_LAIR:SL-CB766B61EEFB6E,1
asset_master.csv,identifier,asset_id,MTG:SECRET_LAIR:SL-C3D0A31003B38B,1
asset_master.csv,identifier,asset_id,MTG:SECRET_LAIR:SL-7E61275FD5CC85,1
asset_master.csv,identifier,asset_id,MTG:SECRET_LAIR:SL-301D3C32669404,1
asset_master.csv,identifier,asset_id,MTG:SECRET_LAIR:SL-AEAC3B5B48F1C7,1
asset_master.csv,identifier,asset_id,MTG:SECRET_LAIR:SL-22454153307BC0,1
asset_master.csv,identifier,asset_id,MTG:SECRET_LAIR:SL-34194E4F054A23,1
asset_master.csv,identifier,asset_id,MTG:SECRET_LAIR:SL-214ED723D3A771,1
asset_master.csv,identifier,asset_id,MTG:SECRET_LAIR:SL-10F7835581923D,1
asset_master.csv,identifier,asset_id,MTG:SECRET_LAIR:SL-B5D96EAAB94F7F,1
asset_master.csv,identifier,asset_id,MTG:SECRET_LAIR:SL-CCE426CFBA5D07,1
asset_master.csv,identifier,asset_id,MTG:SECRET_LAIR:SL-FB1FECB0690176,1
asset_master.csv,identifier,asset_id,MTG:SECRET_LAIR:SL-2AC9C47B84FA46,1
asset_master.csv,identifier,asset_id,MTG:SECRET_LAIR:SL-23E541A279A532,1
asset_master.csv,identifier,asset_id,MTG:SECRET_LAIR:SL-064D2E49795666,1
asset_master.csv,identifier,asset_id,MTG:SECRET_LAIR:SL-DEB0786B62B51D,1
asset_master.csv,identifier,asset_id,MTG:SECRET_LAIR:SL-3BCA01B6A36AD0,1
asset_master.csv,identifier,asset_id,MTG:SECRET_LAIR:SL-373CCE73104F13,1
asset_master.csv,identifier,asset_id,MTG:SECRET_LAIR:SL-EB7674C656581E,1
asset_master.csv,identifier,asset_id,MTG:SECRET_LAIR:SL-FB1E1566446236,1
asset_master.csv,identifier,asset_id,MTG:SECRET_LAIR:SL-C04853F17A0313,1
asset_master.csv,identifier,asset_id,MTG:SECRET_LAIR:SL-7F86F1BD66EEEB,1
asset_master.csv,identifier,asset_id,MTG:SECRET_LAIR:SL-EE882204CA80F5,1
asset_master.csv,identifier,asset_id,MTG:SECRET_LAIR:SL-D80EFE168FB6A1,1
asset_master.csv,identifier,asset_id,MTG:SECRET_LAIR:SL-074AA34DCCD62C,1
asset_master.csv,identifier,asset_id,MTG:SECRET_LAIR:SL-C2DA212EE2424D,1
asset_master.csv,identifier,asset_id,MTG:SECRET_LAIR:SL-56A06CCE61A990,1
asset_master.csv,identifier,asset_id,MTG:SECRET_LAIR:SL-14069B556F0234,1
asset_master.csv,identifier,asset_id,MTG:SECRET_LAIR:SL-F2F5EBEEEBD0C5,1
asset_master.csv,identifier,asset_id,MTG:SECRET_LAIR:SL-6A2D2E139F2254,1
asset_master.csv,identifier,asset_id,MTG:SECRET_LAIR:SL-8E1886C829359A,1
asset_master.csv,identifier,asset_id,MTG:SECRET_LAIR:SL-C43B4DA056180D,1
asset_master.csv,identifier,asset_id,MTG:SECRET_LAIR:SL-B00E61FF6854EE,1
asset_master.csv,identifier,asset_id,MTG:SECRET_LAIR:SL-31EB584CE2759D,1
asset_master.csv,identifier,asset_id,MTG:SECRET_LAIR:SL-51F0E5266661E3,1
asset_master.csv,identifier,asset_id,MTG:SECRET_LAIR:SL-59E7F564794C20,1
asset_master.csv,identifier,asset_id,MTG:SECRET_LAIR:SL-45AC0450672011,1
asset_master.csv,identifier,asset_id,MTG:SECRET_LAIR:SL-CFD92A398D8349,1
asset_master.csv,identifier,asset_id,MTG:SECRET_LAIR:SL-8A1A953119552E,1
asset_master.csv,identifier,asset_id,MTG:SECRET_LAIR:SL-38870530CF4440,1
asset_master.csv,identifier,asset_id,MTG:SECRET_LAIR:SL-1C45E7F91C62E4,1
asset_master.csv,identifier,asset_id,MTG:SECRET_LAIR:SL-75A147DF7061C1,1
asset_master.csv,identifier,asset_id,MTG:SECRET_LAIR:SL-3D43E1264ED817,1
asset_master.csv,identifier,asset_id,MTG:SECRET_LAIR:SL-BB4FA54DEBF880,1
asset_master.csv,identifier,asset_id,MTG:SECRET_LAIR:SL-23598BE2582FF4,1
asset_master.csv,identifier,asset_id,MTG:SECRET_LAIR:SL-2B817FBC9624E5,1
asset_master.csv,identifier,asset_id,MTG:SECRET_LAIR:SL-7D6A0F10ADD5A6,1
asset_master.csv,identifier,asset_id,MTG:SECRET_LAIR:SL-02BF1E90F565BA,1
asset_master.csv,identifier,asset_id,MTG:SECRET_LAIR:SL-945C1DB70B69C9,1
asset_master.csv,identifier,asset_id,MTG:SECRET_LAIR:SL-60FC2555A55C64,1
asset_master.csv,identifier,asset_id,MTG:SECRET_LAIR:SL-57224CF33D1B18,1
asset_master.csv,identifier,asset_id,MTG:SECRET_LAIR:SL-623013DF1CDC7A,1
asset_master.csv,identifier,asset_id,MTG:SECRET_LAIR:SL-539814AFE340EF,1
asset_master.csv,identifier,asset_id,MTG:SECRET_LAIR:SL-5CD1718708F7CF,1
asset_master.csv,identifier,asset_id,MTG:SECRET_LAIR:SL-BB4A4AE1ECFE2A,1
asset_master.csv,identifier,asset_id,MTG:SECRET_LAIR:SL-E976A82043B976,1
asset_master.csv,identifier,asset_id,MTG:SECRET_LAIR:SL-8F42E22C21A812,1
asset_master.csv,identifier,asset_id,MTG:SECRET_LAIR:SL-1B4F52C53867DC,1
asset_master.csv,identifier,asset_id,MTG:SECRET_LAIR:SL-89D18240A7624C,1
asset_master.csv,identifier,asset_id,MTG:SECRET_LAIR:SL-2B046AC7FBA460,1
asset_master.csv,identifier,asset_id,MTG:SECRET_LAIR:SL-5C5578252D2926,1
asset_master.csv,identifier,asset_id,MTG:SECRET_LAIR:SL-6E10E7A8BD8C2C,1
asset_master.csv,identifier,asset_id,MTG:SECRET_LAIR:SL-09F80672292CE8,1
asset_master.csv,identifier,asset_id,MTG:SECRET_LAIR:SL-6A188AFCDB31E1,1
asset_master.csv,identifier,asset_id,MTG:SECRET_LAIR:SL-B11309A971433D,1
asset_master.csv,identifier,asset_id,MTG:SECRET_LAIR:SL-B7E3C5DC70940E,1
asset_master.csv,identifier,asset_id,MTG:SECRET_LAIR:SL-BF5BC53AD18E85,1
asset_master.csv,identifier,asset_id,MTG:SECRET_LAIR:SL-BA4475B87E38DE,1
asset_master.csv,identifier,asset_id,MTG:SECRET_LAIR:SL-F8A34E5202D218,1
asset_master.csv,identifier,asset_id,MTG:SECRET_LAIR:SL-118CC96FD450B8,1
asset_master.csv,identifier,asset_id,MTG:SECRET_LAIR:SL-C3A8669A77CF0F,1
asset_master.csv,identifier,asset_id,MTG:SECRET_LAIR:SL-33DE5E031EFD3B,1
asset_master.csv,identifier,asset_id,MTG:SECRET_LAIR:SL-57B769C050A1F6,1
asset_master.csv,identifier,asset_id,MTG:SECRET_LAIR:SL-C07200E6FB8843,1
asset_master.csv,identifier,asset_id,MTG:SECRET_LAIR:SL-7FF5D4693BDBF9,1
asset_master.csv,identifier,asset_id,MTG:SECRET_LAIR:SL-A1F9DC4DE016E1,1
asset_master.csv,identifier,asset_id,MTG:SECRET_LAIR:SL-AD8DAA8BB11594,1
asset_master.csv,identifier,asset_id,MTG:SECRET_LAIR:SL-FFE26A78CDDB2A,1
asset_master.csv,identifier,asset_id,MTG:SECRET_LAIR:SL-26B06B683BCA6B,1
asset_master.csv,identifier,asset_id,MTG:SECRET_LAIR:SL-B0373781315725,1
asset_master.csv,identifier,asset_id,MTG:SECRET_LAIR:SL-653ECA949C539E,1
asset_master.csv,identifier,asset_id,MTG:SECRET_LAIR:SL-F0D638918879B3,1
asset_master.csv,identifier,asset_id,MTG:SECRET_LAIR:SL-4C3509AD7E230B,1
asset_master.csv,identifier,asset_id,MTG:SECRET_LAIR:SL-F3F1C2A23E48D0,1
asset_master.csv,identifier,asset_id,MTG:SECRET_LAIR:SL-E0414D04317EA2,1
asset_master.csv,identifier,asset_id,MTG:SECRET_LAIR:SL-6B03C6C7C5B91D,1
asset_master.csv,identifier,asset_id,MTG:SECRET_LAIR:SL-9FDDEAE495C5DE,1
asset_master.csv,identifier,asset_id,MTG:SECRET_LAIR:SL-07E8B624A8C7D4,1
asset_master.csv,identifier,asset_id,MTG:SECRET_LAIR:SL-950215B0A2668B,1
asset_master.csv,identifier,asset_id,MTG:SECRET_LAIR:SL-F3D3088DA018D0,1
asset_master.csv,identifier,asset_id,MTG:SECRET_LAIR:SL-D061A6FE209B52,1
asset_master.csv,identifier,asset_id,MTG:SECRET_LAIR:SL-1F9921A151E628,1
asset_master.csv,identifier,asset_id,MTG:SECRET_LAIR:SL-E5F4CFCD2D1E21,1
asset_master.csv,identifier,asset_id,MTG:SECRET_LAIR:SL-47FD7A58931702,1
asset_master.csv,identifier,asset_id,MTG:SECRET_LAIR:SL-711EEDF03C34FB,1
asset_master.csv,identifier,asset_id,MTG:SECRET_LAIR:SL-750655931E6F97,1
asset_master.csv,identifier,asset_id,MTG:SECRET_LAIR:SL-CD43B6F3D7A59F,1
asset_master.csv,identifier,asset_id,MTG:SECRET_LAIR:SL-3104ED52ED0029,1
asset_master.csv,identifier,asset_id,MTG:SECRET_LAIR:SL-C53B25CD55720F,1
asset_master.csv,identifier,asset_id,MTG:SECRET_LAIR:SL-6CE59E51DCC615,1
asset_master.csv,identifier,asset_id,MTG:SECRET_LAIR:SL-55E97B4006F89E,1
asset_master.csv,identifier,asset_id,MTG:SECRET_LAIR:SL-514C1D6728B156,1
asset_master.csv,identifier,asset_id,MTG:SECRET_LAIR:SL-A15A9EF8FFC0C3,1
asset_master.csv,identifier,asset_id,MTG:SECRET_LAIR:SL-13FAC3EF59E6AC,1
asset_master.csv,identifier,asset_id,MTG:SECRET_LAIR:SL-EB862139323FA8,1
asset_master.csv,identifier,asset_id,MTG:SECRET_LAIR:SL-97B83ADAA797E8,1
asset_master.csv,identifier,asset_id,MTG:SECRET_LAIR:SL-ABCCB33232898E,1
asset_master.csv,identifier,asset_id,MTG:SECRET_LAIR:SL-00DFD5FAF7A6FF,1
asset_master.csv,identifier,asset_id,MTG:SECRET_LAIR:SL-20D499A470B8A5,1
asset_master.csv,identifier,asset_id,MTG:SECRET_LAIR:SL-81FFD366420F3A,1
asset_master.csv,identifier,asset_id,MTG:SECRET_LAIR:SL-97E67435FE209E,1
asset_master.csv,identifier,asset_id,MTG:SECRET_LAIR:SL-13874C5D848C73,1
asset_master.csv,identifier,asset_id,MTG:SECRET_LAIR:SL-1300E73CDDA9B5,1
asset_master.csv,identifier,asset_id,MTG:SECRET_LAIR:SL-E44D69BCAF5561,1
asset_master.csv,identifier,asset_id,MTG:SECRET_LAIR:SL-0559BC4D37DF0B,1
asset_master.csv,identifier,asset_id,MTG:SECRET_LAIR:SL-13A381A40449C9,1
asset_master.csv,identifier,asset_id,MTG:SECRET_LAIR:SL-AB56800C1F600A,1
asset_master.csv,identifier,asset_id,MTG:SECRET_LAIR:SL-FF8B50F46CBD31,1
asset_master.csv,identifier,asset_id,MTG:SECRET_LAIR:SL-6EC27A54060DFF,1
asset_master.csv,identifier,asset_id,MTG:SECRET_LAIR:SL-383A5390F8CB76,1
asset_master.csv,identifier,asset_id,MTG:SECRET_LAIR:SL-FFA400FF14BF49,1
asset_master.csv,identifier,asset_id,MTG:SECRET_LAIR:SL-6640A3B637C825,1
asset_master.csv,identifier,asset_id,MTG:SECRET_LAIR:SL-EA3F127E1B6608,1
asset_master.csv,identifier,asset_id,MTG:SECRET_LAIR:SL-E2DB1B58657D1A,1
asset_master.csv,identifier,asset_id,MTG:SECRET_LAIR:SL-22E3600468CA16,1
asset_master.csv,identifier,asset_id,MTG:SECRET_LAIR:SL-38D62E44CA4044,1
asset_master.csv,identifier,asset_id,MTG:SECRET_LAIR:SL-94AFDF17C76C12,1
asset_master.csv,identifier,asset_id,MTG:SECRET_LAIR:SL-A63C3F080DE9D2,1
asset_master.csv,identifier,asset_id,MTG:SECRET_LAIR:SL-26D60205AA523A,1
asset_master.csv,identifier,asset_id,MTG:SECRET_LAIR:SL-FDA8FA789BE3A1,1
asset_master.csv,identifier,asset_id,MTG:SECRET_LAIR:SL-7F55A4E4C3D3D0,1
asset_master.csv,identifier,asset_id,MTG:SECRET_LAIR:SL-D91B54107A78A7,1
asset_master.csv,identifier,asset_id,MTG:SECRET_LAIR:SL-0D989A557A9D90,1
asset_master.csv,identifier,asset_id,MTG:SECRET_LAIR:SL-B269AC7AB5080A,1
asset_master.csv,identifier,asset_id,MTG:SECRET_LAIR:SL-0D7734D027859B,1
asset_master.csv,identifier,asset_id,MTG:SECRET_LAIR:SL-347373B1ADC604,1
asset_master.csv,identifier,asset_id,MTG:SECRET_LAIR:SL-2D3F3FFB5E9435,1
asset_master.csv,identifier,asset_id,MTG:SECRET_LAIR:SL-3C90B58C213EC3,1
asset_master.csv,identifier,asset_id,MTG:SECRET_LAIR:SL-EDA5F0018F2448,1
asset_master.csv,identifier,asset_id,MTG:SECRET_LAIR:SL-73D93121EB1CDB,1
asset_master.csv,identifier,asset_id,MTG:SECRET_LAIR:SL-9717333D02A391,1
asset_master.csv,identifier,asset_id,MTG:SECRET_LAIR:SL-E6815E809637CD,1
asset_master.csv,identifier,asset_id,MTG:SECRET_LAIR:SL-C4E698097E6EB6,1
asset_master.csv,identifier,asset_id,MTG:SECRET_LAIR:SL-61E8E5DF8B1BBE,1
asset_master.csv,identifier,asset_id,MTG:SECRET_LAIR:SL-FB01410D9F3250,1
asset_master.csv,identifier,asset_id,MTG:SECRET_LAIR:SL-FCAEA5C157AA2D,1
asset_master.csv,identifier,asset_id,MTG:SECRET_LAIR:SL-52F611E7CD122A,1
asset_master.csv,identifier,asset_id,MTG:SECRET_LAIR:SL-C8B08A7139FC31,1
asset_master.csv,identifier,asset_id,MTG:SECRET_LAIR:SL-BB7E07A2986BB4,1
asset_master.csv,identifier,asset_id,MTG:SECRET_LAIR:SL-C5A93064AA668C,1
asset_master.csv,identifier,asset_id,MTG:SECRET_LAIR:SL-7B17A9D6C16703,1
asset_master.csv,identifier,asset_id,MTG:SECRET_LAIR:SL-67CAEA24680CC1,1
asset_master.csv,identifier,asset_id,MTG:SECRET_LAIR:SL-C649AFADB4E38B,1
asset_master.csv,identifier,asset_id,MTG:SECRET_LAIR:SL-6D386CB092B8F1,1
asset_master.csv,identifier,asset_id,MTG:SECRET_LAIR:SL-72C515905E7352,1
asset_master.csv,identifier,asset_id,MTG:SECRET_LAIR:SL-145E2D7DAB1056,1
asset_master.csv,identifier,asset_id,MTG:SECRET_LAIR:SL-15ADFCF5094915,1
asset_master.csv,identifier,asset_id,MTG:SECRET_LAIR:SL-A2CAA7DD3627FD,1
asset_master.csv,identifier,asset_id,MTG:SECRET_LAIR:SL-ACABE87A5A45D3,1
asset_master.csv,identifier,asset_id,MTG:SECRET_LAIR:SL-3D4D8B9063C0F4,1
asset_master.csv,identifier,asset_id,MTG:SECRET_LAIR:SL-3F3C86FF9BD9C8,1
asset_master.csv,identifier,asset_id,MTG:SECRET_LAIR:SL-4BE57560047EB4,1
asset_master.csv,identifier,asset_id,MTG:SECRET_LAIR:SL-6DA9DA55C5623B,1
asset_master.csv,identifier,asset_id,MTG:SECRET_LAIR:SL-E3D6BE401B6F95,1
asset_master.csv,identifier,asset_id,MTG:SECRET_LAIR:SL-FC44F373482E68,1
asset_master.csv,identifier,asset_id,MTG:SECRET_LAIR:SL-5933AE80C184BC,1
asset_master.csv,identifier,asset_id,MTG:SECRET_LAIR:SL-F26AFF6BB24E88,1
asset_master.csv,identifier,asset_id,MTG:SECRET_LAIR:SL-E558347311E1F4,1
asset_master.csv,identifier,asset_id,MTG:SECRET_LAIR:SL-366202692BF768,1
asset_master.csv,identifier,asset_id,MTG:SECRET_LAIR:SL-C805DBBC1C6677,1
asset_master.csv,identifier,asset_id,MTG:SECRET_LAIR:SL-0F8CABC723BB6B,1
asset_master.csv,identifier,asset_id,MTG:SECRET_LAIR:SL-3734ADEE0BD3D9,1
asset_master.csv,identifier,asset_id,MTG:SECRET_LAIR:SL-69FAC4782CEAD8,1
asset_master.csv,identifier,asset_id,MTG:SECRET_LAIR:SL-1B5B0C7B7DFD8A,1
asset_master.csv,identifier,asset_id,MTG:SECRET_LAIR:SL-89002E8BB22ACE,1
asset_master.csv,identifier,asset_id,MTG:SECRET_LAIR:SL-F87B4FFB3CCD49,1
asset_master.csv,identifier,asset_id,MTG:SECRET_LAIR:SL-2347A35CDE0CCA,1
asset_master.csv,identifier,asset_id,MTG:SECRET_LAIR:SL-E05E06D6578028,1
asset_master.csv,identifier,asset_id,MTG:SECRET_LAIR:SL-0ED724E9E0E76F,1
asset_master.csv,identifier,asset_id,MTG:SECRET_LAIR:SL-BF588F593E480E,1
asset_master.csv,identifier,asset_id,MTG:SECRET_LAIR:SL-9EDDAD28E6FDFB,1
asset_master.csv,identifier,asset_id,MTG:SECRET_LAIR:SL-64570B00C96787,1
asset_master.csv,identifier,asset_id,MTG:SECRET_LAIR:SL-0F86D31256941D,1
asset_master.csv,identifier,asset_id,MTG:SECRET_LAIR:SL-54E30F9610306E,1
asset_master.csv,identifier,asset_id,MTG:SECRET_LAIR:SL-FEA5D283ED723B,1
asset_master.csv,identifier,asset_id,MTG:SECRET_LAIR:SL-C7694953E368F4,1
asset_master.csv,identifier,asset_id,MTG:SECRET_LAIR:SL-AD7D0C2C8E16D2,1
asset_master.csv,identifier,asset_id,MTG:SECRET_LAIR:SL-BBC8F93DE82CE5,1
asset_master.csv,identifier,asset_id,MTG:SECRET_LAIR:SL-E94BE968A3A112,1
asset_master.csv,identifier,asset_id,MTG:SECRET_LAIR:SL-B565A4B1F936CC,1
asset_master.csv,identifier,asset_id,MTG:SECRET_LAIR:SL-189ED14E304342,1
asset_master.csv,identifier,asset_id,MTG:SECRET_LAIR:SL-A000A22E459D28,1
asset_master.csv,identifier,asset_id,MTG:SECRET_LAIR:SL-B8DCA91EB62983,1
asset_master.csv,identifier,asset_id,MTG:SECRET_LAIR:SL-CE6909ECF00CA8,1
asset_master.csv,identifier,asset_id,MTG:SECRET_LAIR:SL-A59C9ADCD75BE0,1
asset_master.csv,identifier,asset_id,MTG:SECRET_LAIR:SL-A0A3FDF7E0BD6D,1
asset_master.csv,identifier,asset_id,MTG:SECRET_LAIR:SL-901432F718875C,1
asset_master.csv,identifier,asset_id,MTG:SECRET_LAIR:SL-22CD7E1A6B7A30,1
asset_master.csv,identifier,asset_id,MTG:SECRET_LAIR:SL-299EFC297156F1,1
asset_master.csv,identifier,asset_id,MTG:SECRET_LAIR:SL-52AD75C0AF1006,1
asset_master.csv,identifier,asset_id,MTG:SECRET_LAIR:SL-CA6CCECFEBEC2C,1
asset_master.csv,identifier,asset_id,MTG:SECRET_LAIR:SL-950A1262892ED0,1
asset_master.csv,identifier,asset_id,MTG:SECRET_LAIR:SL-8D1031212D3210,1
asset_master.csv,identifier,asset_id,MTG:SECRET_LAIR:SL-86A2BCC3D47BF2,1
asset_master.csv,identifier,asset_id,MTG:SECRET_LAIR:SL-E339A090348C36,1
asset_master.csv,identifier,asset_id,MTG:SECRET_LAIR:SL-537F7A73B4E5D7,1
asset_master.csv,identifier,asset_id,MTG:SECRET_LAIR:SL-37F8EC322DC4FF,1
asset_master.csv,identifier,asset_id,MTG:SECRET_LAIR:SL-035B905324063A,1
asset_master.csv,identifier,asset_id,MTG:SECRET_LAIR:SL-7E75AB2D5E48E1,1
asset_master.csv,identifier,asset_id,MTG:SECRET_LAIR:SL-867D74417C00E1,1
asset_master.csv,identifier,asset_id,MTG:SECRET_LAIR:SL-F419DE27DCB991,1
asset_master.csv,identifier,asset_id,MTG:SECRET_LAIR:SL-038D960C141CC9,1
asset_master.csv,identifier,asset_id,MTG:SECRET_LAIR:SL-D68D9EB4249382,1
asset_master.csv,identifier,asset_id,MTG:SECRET_LAIR:SL-60A40519C4C2EC,1
asset_master.csv,identifier,asset_id,MTG:SECRET_LAIR:SL-D3778B65B20E24,1
asset_master.csv,identifier,asset_id,MTG:SECRET_LAIR:SL-73CD6FD155407F,1
asset_master.csv,identifier,asset_id,MTG:SECRET_LAIR:SL-61289242472F60,1
asset_master.csv,identifier,asset_id,MTG:SECRET_LAIR:SL-7CCD4E3550ADDB,1
asset_master.csv,identifier,asset_id,MTG:SECRET_LAIR:SL-97D4DC2FDE2271,1
asset_master.csv,identifier,asset_id,MTG:SECRET_LAIR:SL-2B9EE853724B6D,1
asset_master.csv,identifier,asset_id,MTG:SECRET_LAIR:SL-E73519A6D7C437,1
asset_master.csv,identifier,asset_id,MTG:SECRET_LAIR:SL-EE12104C3A49E7,1
asset_master.csv,identifier,asset_id,MTG:SECRET_LAIR:SL-4D59CDC526B4A4,1
asset_master.csv,identifier,asset_id,MTG:SECRET_LAIR:SL-9EFB956D77D864,1
asset_master.csv,identifier,asset_id,MTG:SECRET_LAIR:SL-B631EAF6D5C7C4,1
asset_master.csv,identifier,asset_id,MTG:SECRET_LAIR:SL-76D63CDFA651CA,1
asset_master.csv,identifier,asset_id,MTG:SECRET_LAIR:SL-061D727564DFFE,1
asset_master.csv,identifier,asset_id,MTG:SECRET_LAIR:SL-F5C7D5AC423EC1,1
asset_master.csv,identifier,asset_id,MTG:SECRET_LAIR:SL-53DBCED4126506,1
asset_master.csv,identifier,asset_id,MTG:SECRET_LAIR:SL-53E99BA82486AE,1
asset_master.csv,identifier,asset_id,MTG:SECRET_LAIR:SL-8EBDE365E2A458,1
asset_master.csv,identifier,asset_id,MTG:SECRET_LAIR:SL-C09D8E25A3F347,1
asset_master.csv,identifier,asset_id,MTG:SECRET_LAIR:SL-866F1B1463479D,1
asset_master.csv,identifier,asset_id,MTG:SECRET_LAIR:SL-906DC103EE0D2F,1
asset_master.csv,identifier,asset_id,MTG:SECRET_LAIR:SL-1DA21B27711D91,1
asset_master.csv,identifier,asset_id,MTG:SECRET_LAIR:SL-23F2295DED1E9C,1
asset_master.csv,identifier,asset_id,MTG:SECRET_LAIR:SL-D6C7802610A57F,1
asset_master.csv,identifier,asset_id,MTG:SECRET_LAIR:SL-3EEFF77D627261,1
asset_master.csv,identifier,asset_id,MTG:SECRET_LAIR:SL-37C6B768973D2F,1
asset_master.csv,identifier,asset_id,MTG:SECRET_LAIR:SL-D1513B904FE27E,1
asset_master.csv,identifier,asset_id,MTG:SECRET_LAIR:SL-83DFC7BCCB8A6D,1
asset_master.csv,identifier,asset_id,MTG:SECRET_LAIR:SL-1D01680A770718,1
asset_master.csv,identifier,asset_id,MTG:SECRET_LAIR:SL-12C2591B92C35D,1
asset_master.csv,identifier,asset_id,MTG:SECRET_LAIR:SL-095A861D9875C3,1
asset_master.csv,identifier,asset_id,MTG:SECRET_LAIR:SL-6F5DC80C66F4E7,1
asset_master.csv,identifier,asset_id,MTG:SECRET_LAIR:SL-EA00AF141F2FAC,1
asset_master.csv,identifier,asset_id,MTG:SECRET_LAIR:SL-64DF5C443D393A,1
asset_master.csv,identifier,asset_id,MTG:SECRET_LAIR:SL-E000815724EA2A,1
asset_master.csv,identifier,asset_id,MTG:SECRET_LAIR:SL-8FED6673D932CA,1
asset_master.csv,identifier,asset_id,MTG:SECRET_LAIR:SL-7ECED24F562902,1
asset_master.csv,identifier,asset_id,MTG:SECRET_LAIR:SL-485FDCB7A00AFE,1
asset_master.csv,identifier,asset_id,MTG:SECRET_LAIR:SL-24526707F6CB2D,1
asset_master.csv,identifier,asset_id,MTG:SECRET_LAIR:SL-12A0108619FC9B,1
asset_master.csv,identifier,asset_id,MTG:SECRET_LAIR:SL-0464E462AF6315,1
asset_master.csv,identifier,asset_id,MTG:SECRET_LAIR:SL-58CA1F11EE3BE3,1
asset_master.csv,identifier,asset_id,MTG:SECRET_LAIR:SL-97078E5D14EBE4,1
asset_master.csv,identifier,asset_id,MTG:SECRET_LAIR:SL-DC36FC64429D5D,1
asset_master.csv,identifier,asset_id,MTG:SECRET_LAIR:SL-A82BC05ADED8C7,1
asset_master.csv,identifier,asset_id,MTG:SECRET_LAIR:SL-832BF55C6E27A1,1
asset_master.csv,identifier,asset_id,MTG:SECRET_LAIR:SL-CBFED1F92A630D,1
asset_master.csv,identifier,asset_id,MTG:SECRET_LAIR:SL-137214427FCCAA,1
asset_master.csv,identifier,asset_id,MTG:SECRET_LAIR:SL-8F5540C2D38BA1,1
asset_master.csv,identifier,asset_id,MTG:SECRET_LAIR:SL-25FFECED0CE8DE,1
asset_master.csv,identifier,asset_id,MTG:SECRET_LAIR:SL-4E4666C9C585DF,1
asset_master.csv,identifier,asset_id,MTG:SECRET_LAIR:SL-835C4CD141949B,1
asset_master.csv,identifier,asset_id,MTG:SECRET_LAIR:SL-9A20B1803ACEFF,1
asset_master.csv,identifier,asset_id,MTG:SECRET_LAIR:SL-96BE56C157011C,1
asset_master.csv,identifier,asset_id,MTG:SECRET_LAIR:SL-BCC1519C11A8AC,1
asset_master.csv,identifier,asset_id,MTG:SECRET_LAIR:SL-45AD439AB34854,1
asset_master.csv,identifier,asset_id,MTG:SECRET_LAIR:SL-600CD704BB077D,1
asset_master.csv,identifier,asset_id,MTG:SECRET_LAIR:SL-9A70751B3B58BD,1
asset_master.csv,identifier,asset_id,MTG:SECRET_LAIR:SL-3F1F1DB9343414,1
asset_master.csv,identifier,asset_id,MTG:SECRET_LAIR:SL-690BF3733992EE,1
asset_master.csv,identifier,asset_id,MTG:SECRET_LAIR:SL-8741607914304D,1
asset_master.csv,identifier,asset_id,MTG:SECRET_LAIR:SL-0B75BFD8A38901,1
asset_master.csv,identifier,asset_id,MTG:SECRET_LAIR:SL-CD637B6154FA4F,1
asset_master.csv,identifier,asset_id,MTG:SECRET_LAIR:SL-F378E79C981B5B,1
asset_master.csv,identifier,asset_id,MTG:SECRET_LAIR:SL-415E40E57B3DAB,1
asset_master.csv,identifier,asset_id,MTG:SECRET_LAIR:SL-0E13518CC2D50B,1
asset_master.csv,identifier,asset_id,MTG:SECRET_LAIR:SL-DBB9EAD006DF92,1
asset_master.csv,identifier,asset_id,MTG:SECRET_LAIR:SL-031591793B58D2,1
asset_master.csv,identifier,asset_id,MTG:SECRET_LAIR:SL-15F0BDC0F7B590,1
asset_master.csv,identifier,asset_id,MTG:SECRET_LAIR:SL-083956F35FB3E4,1
asset_master.csv,identifier,asset_id,MTG:SECRET_LAIR:SL-B36930BACADDCD,1
asset_master.csv,identifier,asset_id,MTG:SECRET_LAIR:SL-D367F0D637FE13,1
asset_master.csv,identifier,asset_id,MTG:SECRET_LAIR:SL-A4B37777A977B9,1
asset_master.csv,identifier,asset_id,MTG:SECRET_LAIR:SL-5866DDA4AFF1E6,1
asset_master.csv,identifier,asset_id,MTG:SECRET_LAIR:SL-9E3BBD4ED8D2C6,1
asset_master.csv,identifier,asset_id,MTG:SECRET_LAIR:SL-C82833E3A7C3DF,1
asset_master.csv,identifier,asset_id,MTG:SECRET_LAIR:SL-F9E21EA0D52C4A,1
asset_master.csv,identifier,asset_id,MTG:SECRET_LAIR:SL-F7E159B4E7D922,1
asset_master.csv,identifier,asset_id,MTG:SECRET_LAIR:SL-53EFFF4AB66655,1
asset_master.csv,identifier,asset_id,MTG:SECRET_LAIR:SL-8D82D482708660,1
asset_master.csv,identifier,asset_id,MTG:SECRET_LAIR:SL-197EC2ADF7628E,1
asset_master.csv,identifier,asset_id,MTG:SECRET_LAIR:SL-7EAFE139BC0BCD,1
asset_master.csv,identifier,asset_id,MTG:SECRET_LAIR:SL-892D977231D36E,1
asset_master.csv,identifier,asset_id,MTG:SECRET_LAIR:SL-7A15A1811F841D,1
asset_master.csv,identifier,asset_id,MTG:SECRET_LAIR:SL-A5708359BCF021,1
asset_master.csv,identifier,asset_id,MTG:SECRET_LAIR:SL-EBF12D8FC470D3,1
asset_master.csv,identifier,asset_id,MTG:SECRET_LAIR:SL-ABDD178723A109,1
asset_master.csv,identifier,asset_id,MTG:SECRET_LAIR:SL-6EB03A8FE440C8,1
asset_master.csv,identifier,asset_id,MTG:SECRET_LAIR:SL-0CEABF59829053,1
asset_master.csv,identifier,asset_id,MTG:SECRET_LAIR:SL-8DFBEA2BADBCC4,1
asset_master.csv,identifier,asset_id,MTG:SECRET_LAIR:SL-A57E7603094331,1
asset_master.csv,identifier,asset_id,MTG:SECRET_LAIR:SL-AEE188BFE88ED3,1
asset_master.csv,identifier,asset_id,MTG:SECRET_LAIR:SL-95580EA636B3FF,1
asset_master.csv,identifier,asset_id,MTG:SECRET_LAIR:SL-9EA2580F2EEDC6,1
asset_master.csv,identifier,asset_id,MTG:SECRET_LAIR:SL-6B6C979A6E1B4E,1
asset_master.csv,identifier,asset_id,MTG:SECRET_LAIR:SL-7AFCC7EB7F6678,1
asset_master.csv,identifier,asset_id,MTG:SECRET_LAIR:SL-B57576270D7B62,1
asset_master.csv,identifier,asset_id,MTG:SECRET_LAIR:SL-09332718CFEA52,1
asset_master.csv,identifier,asset_id,MTG:SECRET_LAIR:SL-0CF3E7A9C296C3,1
asset_master.csv,identifier,asset_id,MTG:SECRET_LAIR:SL-CEB06DD843F657,1
asset_master.csv,identifier,asset_id,MTG:SECRET_LAIR:SL-5623C86036522B,1
asset_master.csv,identifier,asset_id,MTG:SECRET_LAIR:SL-585CACD9E76000,1
asset_master.csv,identifier,asset_id,MTG:SECRET_LAIR:SL-8396530F9CA30C,1
asset_master.csv,identifier,asset_id,MTG:SECRET_LAIR:SL-8B33672F7EA3BC,1
asset_master.csv,identifier,asset_id,MTG:SECRET_LAIR:SL-72B79910F6BD16,1
asset_master.csv,identifier,asset_id,MTG:SECRET_LAIR:SL-A6ECC7D38BF81A,1
asset_master.csv,identifier,asset_id,MTG:SECRET_LAIR:SL-B9970477DCCBC7,1
asset_master.csv,identifier,asset_id,MTG:SECRET_LAIR:SL-CA6FA7819E27BD,1
asset_master.csv,identifier,asset_id,MTG:SECRET_LAIR:SL-F0ADDB74A0D856,1
asset_master.csv,identifier,asset_id,MTG:SECRET_LAIR:SL-A6FBE97D53BCE6,1
asset_master.csv,identifier,asset_id,MTG:SECRET_LAIR:SL-3ABE230D547642,1
asset_master.csv,identifier,asset_id,MTG:SECRET_LAIR:SL-98B49C340237E2,1
asset_master.csv,identifier,asset_id,MTG:SECRET_LAIR:SL-5A6AE8606BA087,1
asset_master.csv,identifier,asset_id,MTG:SECRET_LAIR:SL-B5264E7BA2DC13,1
asset_master.csv,identifier,asset_id,MTG:SECRET_LAIR:SL-B5F3C839262F36,1
asset_master.csv,identifier,asset_id,MTG:SECRET_LAIR:SL-B60C7F6F56C30B,1
asset_master.csv,identifier,asset_id,MTG:SECRET_LAIR:SL-CED357C3AB21E8,1
asset_master.csv,identifier,asset_id,MTG:SECRET_LAIR:SL-50FC4B0DB8BFBC,1
asset_master.csv,identifier,asset_id,MTG:SECRET_LAIR:SL-DA7F8AD7B0BC80,1
asset_master.csv,identifier,asset_id,MTG:SECRET_LAIR:SL-19307234228696,1
asset_master.csv,identifier,asset_id,MTG:SECRET_LAIR:SL-D9F56A65FD35C5,1
asset_master.csv,identifier,asset_id,MTG:SECRET_LAIR:SL-4445D560A16695,1
asset_master.csv,identifier,asset_id,MTG:SECRET_LAIR:SL-01A33A04CE8DA9,1
asset_master.csv,identifier,asset_id,MTG:SECRET_LAIR:SL-77B45F83FF98D9,1
asset_master.csv,identifier,asset_id,MTG:SECRET_LAIR:SL-36280CB83AC2AF,1
asset_master.csv,identifier,asset_id,MTG:SECRET_LAIR:SL-0CFD9C26617BF8,1
asset_master.csv,identifier,asset_id,MTG:SECRET_LAIR:SL-D62C510B60B977,1
asset_master.csv,identifier,asset_id,MTG:SECRET_LAIR:SL-9704D4ABAC066A,1
asset_master.csv,identifier,asset_id,MTG:SECRET_LAIR:SL-197CCEBB8BF2AC,1
asset_master.csv,identifier,asset_id,MTG:SECRET_LAIR:SL-4E0F9462AECE34,1
asset_master.csv,identifier,asset_id,MTG:SECRET_LAIR:SL-95CA1F687198C8,1
asset_master.csv,identifier,asset_id,MTG:SECRET_LAIR:SL-6DF016FCB60547,1
asset_master.csv,identifier,asset_id,MTG:SECRET_LAIR:SL-7B48FB549C4A3E,1
asset_master.csv,identifier,asset_id,MTG:SECRET_LAIR:SL-1716D8997667E1,1
asset_master.csv,identifier,asset_id,MTG:SECRET_LAIR:SL-92D9B3EFB117F4,1
asset_master.csv,identifier,asset_id,MTG:SECRET_LAIR:SL-839B89840B6DBF,1
asset_master.csv,identifier,asset_id,MTG:SECRET_LAIR:SL-DF5563A6AB6A1B,1
asset_master.csv,identifier,asset_id,MTG:SECRET_LAIR:SL-BF202C705FA210,1
asset_master.csv,identifier,asset_id,MTG:SECRET_LAIR:SL-0B3132C3EEAD64,1
asset_master.csv,identifier,asset_id,MTG:SECRET_LAIR:SL-5DCBAF53678E9A,1
asset_master.csv,identifier,asset_id,MTG:SECRET_LAIR:SL-4608D41552CD68,1
asset_master.csv,identifier,asset_id,MTG:SECRET_LAIR:SL-3BF8B1EFC3D63E,1
asset_master.csv,identifier,asset_id,MTG:SECRET_LAIR:SL-5372DCEAF5B496,1
asset_master.csv,identifier,asset_id,MTG:SECRET_LAIR:SL-896468C2158E5D,1
asset_master.csv,identifier,asset_id,MTG:SECRET_LAIR:SL-BD0B168FBB02B6,1
asset_master.csv,identifier,asset_id,MTG:SECRET_LAIR:SL-EA8B400EB7587C,1
asset_master.csv,identifier,asset_id,MTG:SECRET_LAIR:SL-3852DBF0BE0E0F,1
asset_master.csv,identifier,asset_id,MTG:SECRET_LAIR:SL-255A0A2F4FEB20,1
asset_master.csv,identifier,asset_id,MTG:SECRET_LAIR:SL-729124208E824A,1
asset_master.csv,identifier,asset_id,MTG:SECRET_LAIR:SL-167399D6CD6288,1
asset_master.csv,identifier,asset_id,MTG:SECRET_LAIR:SL-C4573F398978D7,1
asset_master.csv,identifier,asset_id,MTG:SECRET_LAIR:SL-75D2EFF8DB9AA4,1
asset_master.csv,identifier,asset_id,MTG:SECRET_LAIR:SL-60461872853DE5,1
asset_master.csv,identifier,asset_id,MTG:SECRET_LAIR:SL-95F8B6ADF74AF6,1
asset_master.csv,identifier,asset_id,MTG:SECRET_LAIR:SL-6E54B9A2BF9CBF,1
asset_master.csv,identifier,asset_id,MTG:SECRET_LAIR:SL-30C88E4C2B3278,1
asset_master.csv,identifier,asset_id,MTG:SECRET_LAIR:SL-EC805E73DB692C,1
asset_master.csv,identifier,asset_id,MTG:SECRET_LAIR:SL-88858FD4A6CAF7,1
asset_master.csv,identifier,asset_id,MTG:SECRET_LAIR:SL-EF5BBE513EE03C,1
asset_master.csv,identifier,asset_id,MTG:SECRET_LAIR:SL-384FB17537F64E,1
asset_master.csv,identifier,asset_id,MTG:SECRET_LAIR:SL-A2E8FE14360AF9,1
asset_master.csv,identifier,asset_id,MTG:SECRET_LAIR:SL-20EA4A771B3569,1
asset_master.csv,identifier,asset_id,MTG:SECRET_LAIR:SL-A461D1EB9128DC,1
asset_master.csv,identifier,asset_id,MTG:SECRET_LAIR:SL-F9C826AE302BF4,1
asset_master.csv,identifier,asset_id,MTG:SECRET_LAIR:SL-D3C9566D0E6FB5,1
asset_master.csv,identifier,asset_id,MTG:SECRET_LAIR:SL-31ABCEB49A1123,1
asset_master.csv,identifier,asset_id,MTG:SECRET_LAIR:SL-2A2F4D4D905F89,1
asset_master.csv,identifier,asset_id,MTG:SECRET_LAIR:SL-5255E36FDEE99C,1
asset_master.csv,identifier,asset_id,MTG:SECRET_LAIR:SL-FD7EED45ECCFC6,1
asset_master.csv,identifier,asset_id,MTG:SECRET_LAIR:SL-E761E1777C5411,1
asset_master.csv,identifier,asset_id,MTG:SECRET_LAIR:SL-5FE7868CA1C657,1
asset_master.csv,identifier,asset_id,MTG:SECRET_LAIR:SL-D2FCABD86AD689,1
asset_master.csv,identifier,asset_id,MTG:SECRET_LAIR:SL-34352A7A87C72D,1
asset_master.csv,identifier,asset_id,MTG:SECRET_LAIR:SL-B5552250031A5D,1
asset_master.csv,identifier,asset_id,MTG:SECRET_LAIR:SL-CD2FC308C3644A,1
asset_master.csv,identifier,asset_id,MTG:SECRET_LAIR:SL-E0190484BE31DE,1
asset_master.csv,identifier,asset_id,MTG:SECRET_LAIR:SL-120AAF80ADF7D7,1
asset_master.csv,identifier,asset_id,MTG:SECRET_LAIR:SL-01DC7B8F9D05F8,1
asset_master.csv,identifier,asset_id,MTG:SECRET_LAIR:SL-66650DD69BF4D5,1
asset_master.csv,identifier,asset_id,MTG:SECRET_LAIR:SL-A0F468E911DF55,1
asset_master.csv,identifier,asset_id,MTG:SECRET_LAIR:SL-E19F0A74D8000D,1
asset_master.csv,identifier,asset_id,MTG:SECRET_LAIR:SL-2BC80C4864DCB3,1
asset_master.csv,identifier,asset_id,MTG:SECRET_LAIR:SL-F5FC37E9763B7C,1
asset_master.csv,identifier,asset_id,MTG:SECRET_LAIR:SL-C9B2F11CEB5F77,1
asset_master.csv,identifier,asset_id,MTG:SECRET_LAIR:SL-0A174DAC0F9024,1
asset_master.csv,identifier,asset_id,MTG:SECRET_LAIR:SL-AE029B9E8B8A9F,1
asset_master.csv,identifier,asset_id,MTG:SECRET_LAIR:SL-E126175F5EEBFF,1
asset_master.csv,identifier,asset_id,MTG:SECRET_LAIR:SL-A0CEFE66D8D941,1
asset_master.csv,identifier,asset_id,MTG:SECRET_LAIR:SL-51F6FE2831BC59,1
asset_master.csv,identifier,asset_id,MTG:SECRET_LAIR:SL-774E94D5987351,1
asset_master.csv,identifier,asset_id,MTG:SECRET_LAIR:SL-9CD93C9989F563,1
asset_master.csv,identifier,asset_id,MTG:SECRET_LAIR:SL-B44FBD97799E08,1
asset_master.csv,identifier,asset_id,MTG:SECRET_LAIR:SL-397AD1D0B568A3,1
asset_master.csv,identifier,asset_id,MTG:SECRET_LAIR:SL-2786878C1D8F2A,1
asset_master.csv,identifier,asset_id,MTG:SECRET_LAIR:SL-6E398CB1F66169,1
asset_master.csv,identifier,asset_id,MTG:SECRET_LAIR:SL-6C256345194D9E,1
asset_master.csv,identifier,asset_id,MTG:SECRET_LAIR:SL-48E2D44B0DB112,1
asset_master.csv,identifier,asset_id,MTG:SECRET_LAIR:SL-D3D61A3D20908A,1
asset_master.csv,identifier,asset_id,MTG:SECRET_LAIR:SL-F8130EF2307D5F,1
asset_master.csv,identifier,asset_id,MTG:SECRET_LAIR:SL-0695851252F6DF,1
asset_master.csv,identifier,asset_id,MTG:SECRET_LAIR:SL-78C40B1B9F39C2,1
asset_master.csv,identifier,asset_id,MTG:SECRET_LAIR:SL-C1A0A189180507,1
asset_master.csv,identifier,asset_id,MTG:SECRET_LAIR:SL-B31C27C4C58973,1
asset_master.csv,identifier,asset_id,MTG:SECRET_LAIR:SL-732A9E59B24774,1
asset_master.csv,identifier,asset_id,MTG:SECRET_LAIR:SL-5B6759715093DA,1
asset_master.csv,identifier,asset_id,MTG:SECRET_LAIR:SL-3D01D7D0EAE8CA,1
asset_master.csv,identifier,asset_id,MTG:SECRET_LAIR:SL-A709252A4DA96B,1
asset_master.csv,identifier,asset_id,MTG:SECRET_LAIR:SL-90725EB2DB66FA,1
asset_master.csv,identifier,asset_id,MTG:SECRET_LAIR:SL-B3B225E03D06DC,1
asset_master.csv,identifier,asset_id,MTG:SECRET_LAIR:SL-091253B94BB947,1
asset_master.csv,identifier,asset_id,MTG:SECRET_LAIR:SL-D3C161D032DC86,1
asset_master.csv,identifier,asset_id,MTG:SECRET_LAIR:SL-2E5D3F1C55B40E,1
asset_master.csv,identifier,asset_id,MTG:SECRET_LAIR:SL-AFC52E51751441,1
asset_master.csv,identifier,asset_id,MTG:SECRET_LAIR:SL-FA7D6580C34737,1
asset_master.csv,identifier,asset_id,MTG:SECRET_LAIR:SL-452614AF0A815A,1
asset_master.csv,identifier,asset_id,MTG:SECRET_LAIR:SL-D53A1849E7B1C9,1
asset_master.csv,identifier,asset_id,MTG:SECRET_LAIR:SL-BAD5D1CC179E4B,1
asset_master.csv,identifier,asset_id,MTG:SECRET_LAIR:SL-B8709846C8E5AF,1
asset_master.csv,identifier,asset_id,MTG:SECRET_LAIR:SL-5D627AA081FA6B,1
asset_master.csv,identifier,asset_id,MTG:SECRET_LAIR:SL-9E1C46A1207B0B,1
asset_master.csv,identifier,asset_id,MTG:SECRET_LAIR:SL-284D5484C99F48,1
asset_master.csv,identifier,asset_id,MTG:SECRET_LAIR:SL-F2F92FE2CD5458,1
asset_master.csv,identifier,asset_id,MTG:SECRET_LAIR:SL-BE3F32B80FEA2E,1
asset_master.csv,identifier,asset_id,MTG:SECRET_LAIR:SL-F66DFA42E52417,1
asset_master.csv,identifier,asset_id,MTG:SECRET_LAIR:SL-9BF166AA8657DF,1
asset_master.csv,identifier,asset_id,MTG:SECRET_LAIR:SL-278D493DAEF98B,1
asset_master.csv,identifier,asset_id,MTG:SECRET_LAIR:SL-CA134058712347,1
asset_master.csv,identifier,asset_id,MTG:SECRET_LAIR:SL-4BF7FE45B6D5FA,1
asset_master.csv,identifier,asset_id,MTG:SECRET_LAIR:SL-F14FB92D2DCBC6,1
asset_master.csv,identifier,asset_id,MTG:SECRET_LAIR:SL-219DB149BBB690,1
asset_master.csv,identifier,asset_id,MTG:SECRET_LAIR:SL-226F557D91DE6E,1
asset_master.csv,identifier,asset_id,MTG:SECRET_LAIR:SL-0EA9F010F7F403,1
asset_master.csv,identifier,asset_id,MTG:SECRET_LAIR:SL-B39A2F769F1E07,1
asset_master.csv,identifier,asset_id,MTG:SECRET_LAIR:SL-5FB294356B3D9E,1
asset_master.csv,identifier,asset_id,MTG:SECRET_LAIR:SL-4735ED23F7A4FD,1
asset_master.csv,identifier,asset_id,MTG:SECRET_LAIR:SL-3D0052CFE56421,1
asset_master.csv,identifier,asset_id,MTG:SECRET_LAIR:SL-5B5B32122CDD63,1
asset_master.csv,identifier,asset_id,MTG:SECRET_LAIR:SL-28E7EF25549A0F,1
asset_master.csv,identifier,asset_id,MTG:SECRET_LAIR:SL-BD4B37C3973D10,1
asset_master.csv,identifier,asset_id,MTG:SECRET_LAIR:SL-CA17EB83C29B15,1
asset_master.csv,identifier,asset_id,MTG:SECRET_LAIR:SL-62530032A99C72,1
asset_master.csv,identifier,asset_id,MTG:SECRET_LAIR:SL-F25C6E61EC9D3B,1
asset_master.csv,identifier,asset_id,MTG:SECRET_LAIR:SL-5DE687263E31C2,1
asset_master.csv,identifier,asset_id,MTG:SECRET_LAIR:SL-701AF6693C838C,1
asset_master.csv,identifier,asset_id,MTG:SECRET_LAIR:SL-C863D417DDE83A,1
asset_master.csv,identifier,asset_id,MTG:SECRET_LAIR:SL-D929FF1E16FDD7,1
asset_master.csv,identifier,asset_id,MTG:SECRET_LAIR:SL-C050DAEA74CC9C,1
asset_master.csv,identifier,asset_id,MTG:SECRET_LAIR:SL-A82BF7D7962B00,1
asset_master.csv,identifier,asset_id,MTG:SECRET_LAIR:SL-9BE91DCFB8B637,1
asset_master.csv,identifier,asset_id,MTG:SECRET_LAIR:SL-D68D8EB45F05E9,1
asset_master.csv,identifier,asset_id,MTG:SECRET_LAIR:SL-A13BDE5A40E7C6,1
asset_master.csv,identifier,asset_id,MTG:SECRET_LAIR:SL-9EAF8671F2BE80,1
asset_master.csv,identifier,asset_id,MTG:SECRET_LAIR:SL-BC99042387317D,1
asset_master.csv,identifier,asset_id,MTG:SECRET_LAIR:SL-9501FA347D3861,1
asset_master.csv,identifier,asset_id,MTG:SECRET_LAIR:SL-9CD3BAD93DA107,1
asset_master.csv,identifier,asset_id,MTG:SECRET_LAIR:SL-CA46F5F5791EBB,1
asset_master.csv,identifier,asset_id,MTG:SECRET_LAIR:SL-27BCF6F90AE7CD,1
asset_master.csv,identifier,asset_id,MTG:SECRET_LAIR:SL-E2540C64CF5262,1
asset_master.csv,identifier,asset_id,MTG:SECRET_LAIR:SL-8679F958F70268,1
asset_master.csv,identifier,asset_id,MTG:SECRET_LAIR:SL-87A9F998D7BC8B,1
asset_master.csv,identifier,asset_id,MTG:SECRET_LAIR:SL-1E11913E760B30,1
asset_master.csv,identifier,asset_id,MTG:SECRET_LAIR:SL-3D16987F5EDCDC,1
asset_master.csv,identifier,asset_id,MTG:SECRET_LAIR:SL-514B5766ECCE6E,1
asset_master.csv,identifier,asset_id,MTG:SECRET_LAIR:SL-4F949907592453,1
asset_master.csv,identifier,asset_id,MTG:SECRET_LAIR:SL-CC5293951E84F8,1
asset_master.csv,identifier,asset_id,MTG:SECRET_LAIR:SL-E9DEA56D4176E0,1
asset_master.csv,identifier,asset_id,MTG:SECRET_LAIR:SL-E3E88EC01DA49B,1
asset_master.csv,identifier,asset_id,MTG:SECRET_LAIR:SL-43659890F8CF5B,1
asset_master.csv,identifier,asset_id,MTG:SECRET_LAIR:SL-02041401623B89,1
asset_master.csv,identifier,asset_id,MTG:SECRET_LAIR:SL-3BF23A821ADB00,1
asset_master.csv,identifier,asset_id,MTG:SECRET_LAIR:SL-876ECC963B1678,1
asset_master.csv,identifier,asset_id,MTG:SECRET_LAIR:SL-6826C5CCC691B8,1
asset_master.csv,identifier,asset_id,MTG:SECRET_LAIR:SL-D83DCC4548D04F,1
asset_master.csv,identifier,asset_id,MTG:SECRET_LAIR:SL-0FD5F6D742E1F1,1
asset_master.csv,identifier,asset_id,MTG:SECRET_LAIR:SL-D133893D13E78E,1
asset_master.csv,identifier,asset_id,MTG:SECRET_LAIR:SL-C9877AF6FE4DA4,1
asset_master.csv,identifier,asset_id,MTG:SECRET_LAIR:SL-91B8D55112E9C9,1
asset_master.csv,identifier,asset_id,MTG:SECRET_LAIR:SL-5E88158210994E,1
asset_master.csv,identifier,asset_id,MTG:SECRET_LAIR:SL-6E41C5BF4AA13D,1
asset_master.csv,identifier,asset_id,MTG:SECRET_LAIR:SL-7CCCC779832E62,1
asset_master.csv,identifier,asset_id,MTG:SECRET_LAIR:SL-2F498E0B93A360,1
asset_master.csv,identifier,asset_id,MTG:SECRET_LAIR:SL-52D6DADA65F954,1
asset_master.csv,identifier,asset_id,MTG:SECRET_LAIR:SL-7321B93310E560,1
asset_master.csv,identifier,asset_id,MTG:SECRET_LAIR:SL-F0F3F16536C281,1
asset_master.csv,identifier,asset_id,MTG:SECRET_LAIR:SL-18DF50D0713A3D,1
asset_master.csv,identifier,asset_id,MTG:SECRET_LAIR:SL-0C4B6E83C3E214,1
asset_master.csv,identifier,asset_id,MTG:SECRET_LAIR:SL-D608F5D4F5385E,1
asset_master.csv,identifier,asset_id,MTG:SECRET_LAIR:SL-DA95D95DF8A49D,1
asset_master.csv,identifier,asset_id,MTG:SECRET_LAIR:SL-9B4F84E69F4CCE,1
asset_master.csv,identifier,asset_id,MTG:SECRET_LAIR:SL-40670F87176D8C,1
asset_master.csv,identifier,asset_id,MTG:SECRET_LAIR:SL-AB95FD365E982F,1
asset_master.csv,identifier,asset_id,MTG:SECRET_LAIR:SL-DDF2764A92D297,1
asset_master.csv,identifier,asset_id,MTG:SECRET_LAIR:SL-197F90EACBF23A,1
asset_master.csv,identifier,asset_id,MTG:SECRET_LAIR:SL-9EEE08FA6CD557,1
asset_master.csv,identifier,asset_id,MTG:SECRET_LAIR:SL-879DE87D93AF4D,1
asset_master.csv,identifier,asset_id,MTG:SECRET_LAIR:SL-DE73D77FB013F4,1
asset_master.csv,identifier,asset_id,MTG:SECRET_LAIR:SL-8E83F173AEC350,1
asset_master.csv,identifier,asset_id,MTG:SECRET_LAIR:SL-DBDF87736B4AD6,1
asset_master.csv,identifier,asset_id,MTG:SECRET_LAIR:SL-B08949D7A3AFE1,1
asset_master.csv,identifier,asset_id,MTG:SECRET_LAIR:SL-47609F826AE46F,1
asset_master.csv,identifier,asset_id,MTG:SECRET_LAIR:SL-F4A97CEA3A7C1C,1
asset_master.csv,identifier,asset_id,MTG:SECRET_LAIR:SL-7A1A1484F233C2,1
asset_master.csv,identifier,asset_id,MTG:SECRET_LAIR:SL-88141E031F2873,1
asset_master.csv,identifier,asset_id,MTG:SECRET_LAIR:SL-3F0275C619056A,1
asset_master.csv,identifier,asset_id,MTG:SECRET_LAIR:SL-F960B8C972DDE8,1
asset_master.csv,identifier,asset_id,MTG:SECRET_LAIR:SL-030C40B079BE71,1
asset_master.csv,identifier,asset_id,MTG:SECRET_LAIR:SL-A5E1293D263AF0,1
asset_master.csv,identifier,asset_id,MTG:SECRET_LAIR:SL-364F90FA6A1775,1
asset_master.csv,identifier,asset_id,MTG:SECRET_LAIR:SL-481026198BBC92,1
asset_master.csv,identifier,asset_id,MTG:SECRET_LAIR:SL-85D9B6A0A7C714,1
asset_master.csv,identifier,asset_id,MTG:SECRET_LAIR:SL-BF755AD9D8CE5F,1
asset_master.csv,identifier,asset_id,MTG:SECRET_LAIR:SL-8AF1D3A4344B55,1
asset_master.csv,identifier,asset_id,MTG:SECRET_LAIR:SL-EF03D947F97187,1
asset_master.csv,identifier,asset_id,MTG:SECRET_LAIR:SL-E282CE5635F5FC,1
asset_master.csv,identifier,asset_id,MTG:SECRET_LAIR:SL-B3DBBD3351A867,1
asset_master.csv,identifier,asset_id,MTG:SECRET_LAIR:SL-3D4434A1970156,1
asset_master.csv,identifier,asset_id,MTG:SECRET_LAIR:SL-401C61727EE263,1
asset_master.csv,identifier,asset_id,MTG:SECRET_LAIR:SL-481C91DE34F288,1
asset_master.csv,identifier,asset_id,MTG:SECRET_LAIR:SL-40B6F9DD3A4665,1
asset_master.csv,identifier,asset_id,MTG:SECRET_LAIR:SL-920AF504850AFD,1
asset_master.csv,identifier,asset_id,MTG:SECRET_LAIR:SL-5FF41CC2D13BA0,1
asset_master.csv,identifier,asset_id,MTG:SECRET_LAIR:SL-BF1ED354A371C1,1
asset_master.csv,identifier,asset_id,MTG:SECRET_LAIR:SL-E06DD3E1E3F4CD,1
asset_master.csv,identifier,asset_id,MTG:SECRET_LAIR:SL-8A15902ECB78B5,1
asset_master.csv,identifier,asset_id,MTG:SECRET_LAIR:SL-747C45FB80DFBE,1
asset_master.csv,identifier,asset_id,MTG:SECRET_LAIR:SL-3A8C34AA302232,1
asset_master.csv,identifier,asset_id,MTG:SECRET_LAIR:SL-C70FCBB505BD77,1
asset_master.csv,identifier,asset_id,MTG:SECRET_LAIR:SL-47D0706F022868,1
asset_master.csv,identifier,asset_id,MTG:SECRET_LAIR:SL-FA6223566C7B76,1
asset_master.csv,identifier,asset_id,MTG:SECRET_LAIR:SL-3F2B421DD9669F,1
asset_master.csv,identifier,asset_id,MTG:SECRET_LAIR:SL-2AA846FD9ACD02,1
asset_master.csv,identifier,asset_id,MTG:SECRET_LAIR:SL-7716CAD08A2C84,1
asset_master.csv,identifier,asset_id,MTG:SECRET_LAIR:SL-FE0F8BC07F7E66,1
asset_master.csv,identifier,asset_id,MTG:SECRET_LAIR:SL-A9B0DE6D450794,1
asset_master.csv,identifier,asset_id,MTG:SECRET_LAIR:SL-256B2682940475,1
asset_master.csv,identifier,asset_id,MTG:SECRET_LAIR:SL-9B1071444456CB,1
asset_master.csv,identifier,asset_id,MTG:SECRET_LAIR:SL-B971F1BAF798C2,1
asset_master.csv,identifier,asset_id,MTG:SECRET_LAIR:SL-CD67446B439F75,1
asset_master.csv,identifier,asset_id,MTG:SECRET_LAIR:SL-2ADC84D7922A98,1
asset_master.csv,identifier,asset_id,MTG:SECRET_LAIR:SL-3D98DA707A8A83,1
asset_master.csv,identifier,asset_id,MTG:SECRET_LAIR:SL-2AF8009F200134,1
asset_master.csv,identifier,asset_id,MTG:SECRET_LAIR:SL-7C656D70CEC8AA,1
asset_master.csv,identifier,asset_id,MTG:SECRET_LAIR:SL-622D7365B067D1,1
asset_master.csv,identifier,asset_id,MTG:SECRET_LAIR:SL-412C261AA45A1B,1
asset_master.csv,identifier,asset_id,MTG:SECRET_LAIR:SL-96CADB0742DD94,1
asset_master.csv,identifier,asset_id,MTG:SECRET_LAIR:SL-B251BF4C4DE61E,1
asset_master.csv,identifier,asset_id,MTG:SECRET_LAIR:SL-5068960BC36908,1
asset_master.csv,identifier,asset_id,MTG:SECRET_LAIR:SL-A3ADDCA9165A2F,1
asset_master.csv,identifier,asset_id,MTG:SECRET_LAIR:SL-5A1F788DAA7722,1
asset_master.csv,identifier,asset_id,MTG:SECRET_LAIR:SL-CAB929EA2DD4AE,1
asset_master.csv,identifier,asset_id,MTG:SECRET_LAIR:SL-AC65540B60B707,1
asset_master.csv,identifier,asset_id,MTG:SECRET_LAIR:SL-0E772D4E9A9FA4,1
asset_master.csv,identifier,asset_id,MTG:SECRET_LAIR:SL-F6CE9EEE501707,1
asset_master.csv,identifier,asset_id,MTG:SECRET_LAIR:SL-CC030DBD6E29FE,1
asset_master.csv,identifier,asset_id,MTG:SECRET_LAIR:SL-BB54D8943F73E3,1
asset_master.csv,identifier,asset_id,MTG:SECRET_LAIR:SL-C24946B295061F,1
asset_master.csv,identifier,asset_id,MTG:SECRET_LAIR:SL-7AB8CB8D6BF8A6,1
asset_master.csv,identifier,asset_id,MTG:SECRET_LAIR:SL-4262135C124315,1
asset_master.csv,identifier,asset_id,MTG:SECRET_LAIR:SL-213339E791C59A,1
asset_master.csv,identifier,asset_id,MTG:SECRET_LAIR:SL-2B40642CD07C6B,1
asset_master.csv,identifier,asset_id,MTG:SECRET_LAIR:SL-B689085E2D41DE,1
asset_master.csv,identifier,asset_id,MTG:SECRET_LAIR:SL-1CBB2CDA24A606,1
asset_master.csv,identifier,asset_id,MTG:SECRET_LAIR:SL-7417373ADFE528,1
asset_master.csv,name,asset_name,Adventures in the Forgotten Realms Collector Booster Display,1
asset_master.csv,name,asset_name,Aetherdrift Collector Booster Display,1
asset_master.csv,name,asset_name,Avatar: The Last Airbender Collector Booster Display,1
asset_master.csv,name,asset_name,Bloomburrow Collector Booster Display,1
asset_master.csv,name,asset_name,Commander Legends Collector Booster Display,1
asset_master.csv,name,asset_name,Commander Legends: Battle for Baldur's Gate Collector Booster Display,1
asset_master.csv,name,asset_name,Commander Masters Collector Booster Display,1
asset_master.csv,name,asset_name,Core Set 2021 Collector Booster Display,1
asset_master.csv,name,asset_name,Dominaria Remastered Collector Booster Display,1
asset_master.csv,name,asset_name,Dominaria United Collector Booster Display,1
asset_master.csv,name,asset_name,Double Masters 2022 Collector Booster Display,1
asset_master.csv,name,asset_name,Duskmourn: House of Horror Collector Booster Display,1
asset_master.csv,name,asset_name,Edge of Eternities Collector Booster Display,1
asset_master.csv,name,asset_name,FINAL FANTASY Collector Booster Display,1
asset_master.csv,name,asset_name,Foundations Collector Booster Display,1
asset_master.csv,name,asset_name,Ikoria: Lair of Behemoths Collector Booster Display,1
asset_master.csv,name,asset_name,Innistrad Remastered Collector Booster Display,1
asset_master.csv,name,asset_name,Innistrad: Crimson Vow Collector Booster Display,1
asset_master.csv,name,asset_name,Innistrad: Midnight Hunt Collector Booster Display,1
asset_master.csv,name,asset_name,Kaldheim Collector Booster Display,1
asset_master.csv,name,asset_name,Kamigawa: Neon Dynasty Collector Booster Display,1
asset_master.csv,name,asset_name,Lorwyn Eclipsed Collector Booster Display,1
asset_master.csv,name,asset_name,March of the Machine Collector Booster Display,1
asset_master.csv,name,asset_name,March of the Machine: The Aftermath Collector Booster Display,1
asset_master.csv,name,asset_name,Marvel Super Heroes Collector Booster Display,1
asset_master.csv,name,asset_name,Marvel's Spider-Man Collector Booster Display,1
asset_master.csv,name,asset_name,Modern Horizons 2 Collector Booster Display,1
asset_master.csv,name,asset_name,Modern Horizons 3 Collector Booster Display,1
asset_master.csv,name,asset_name,Murders at Karlov Manor Collector Booster Display,1
asset_master.csv,name,asset_name,Outlaws of Thunder Junction Collector Booster Display,1
asset_master.csv,name,asset_name,Phyrexia: All Will Be One Collector Booster Display,1
asset_master.csv,name,asset_name,Ravnica Remastered Collector Booster Display,1
asset_master.csv,name,asset_name,Reality Fracture Collector Booster Display,1
asset_master.csv,name,asset_name,Secrets of Strixhaven Collector Booster Display,1
asset_master.csv,name,asset_name,Streets of New Capenna Collector Booster Display,1
asset_master.csv,name,asset_name,Strixhaven: School of Mages Collector Booster Display,1
asset_master.csv,name,asset_name,Tarkir: Dragonstorm Collector Booster Display,1
asset_master.csv,name,asset_name,Teenage Mutant Ninja Turtles Collector Booster Display,1
asset_master.csv,name,asset_name,The Brothers' War Collector Booster Display,1
asset_master.csv,name,asset_name,The Hobbit Collector Booster Display,1
asset_master.csv,name,asset_name,The Lord of the Rings: Tales of Middle-earth - Special Edition Collector Booster Display,1
asset_master.csv,name,asset_name,The Lost Caverns of Ixalan Collector Booster Display,1
asset_master.csv,name,asset_name,Unfinity Collector Booster Display,1
asset_master.csv,name,asset_name,Universes Beyond: Assassin's Creed Collector Booster Display,1
asset_master.csv,name,asset_name,Universes Beyond: Doctor Who Collector Booster Display,1
asset_master.csv,name,asset_name,Universes Beyond: Fallout Collector Booster Display,1
asset_master.csv,name,asset_name,Universes Beyond: The Lord of the Rings: Tales of Middle-earth Collector Booster Display,1
asset_master.csv,name,asset_name,Wilds of Eldraine Collector Booster Display,1
asset_master.csv,name,asset_name,Zendikar Rising Collector Booster Display,1
asset_master.csv,name,asset_name,10th Edition - Booster Box,1
asset_master.csv,name,asset_name,7th Edition - Booster Box,1
asset_master.csv,name,asset_name,8th Edition - Booster Box,1
asset_master.csv,name,asset_name,9th Edition - Booster Box,1
asset_master.csv,name,asset_name,Aether Revolt - Booster Box,1
asset_master.csv,name,asset_name,Alara Reborn - Booster Box,1
asset_master.csv,name,asset_name,Alliances - Booster Box,1
asset_master.csv,name,asset_name,Alpha Edition - Booster Box,1
asset_master.csv,name,asset_name,Amonkhet - Booster Box,1
asset_master.csv,name,asset_name,Antiquities - Booster Box,1
asset_master.csv,name,asset_name,Apocalypse - Booster Box,1
asset_master.csv,name,asset_name,Arabian Nights - Booster Box,1
asset_master.csv,name,asset_name,Avacyn Restored - Booster Box,1
asset_master.csv,name,asset_name,Battle for Zendikar - Booster Box,1
asset_master.csv,name,asset_name,Battlebond - Booster Box,1
asset_master.csv,name,asset_name,Beta Edition - Booster Box,1
asset_master.csv,name,asset_name,Betrayers of Kamigawa - Booster Box,1
asset_master.csv,name,asset_name,Born of the Gods - Booster Box,1
asset_master.csv,name,asset_name,Champions of Kamigawa - Booster Box,1
asset_master.csv,name,asset_name,Chronicles - Booster Box,1
asset_master.csv,name,asset_name,Classic Sixth Edition - Booster Box,1
asset_master.csv,name,asset_name,Coldsnap - Booster Box,1
asset_master.csv,name,asset_name,Conflux - Booster Box,1
asset_master.csv,name,asset_name,Conspiracy - Booster Box,1
asset_master.csv,name,asset_name,Conspiracy: Take the Crown - Booster Box,1
asset_master.csv,name,asset_name,Core Set 2019 - Booster Box,1
asset_master.csv,name,asset_name,Core Set 2020 - Booster Box,1
asset_master.csv,name,asset_name,Dark Ascension - Booster Box,1
asset_master.csv,name,asset_name,Darksteel - Booster Box,1
asset_master.csv,name,asset_name,Dissension - Booster Box,1
asset_master.csv,name,asset_name,Dominaria - Booster Box,1
asset_master.csv,name,asset_name,Dragon's Maze - Booster Box,1
asset_master.csv,name,asset_name,Dragons of Tarkir - Booster Box,1
asset_master.csv,name,asset_name,Eldritch Moon - Booster Box,1
asset_master.csv,name,asset_name,Eternal Masters - Booster Box,1
asset_master.csv,name,asset_name,Eventide - Booster Box,1
asset_master.csv,name,asset_name,Exodus - Booster Box,1
asset_master.csv,name,asset_name,Fallen Empires - Booster Box,1
asset_master.csv,name,asset_name,Fate Reforged - Booster Box,1
asset_master.csv,name,asset_name,Fifth Dawn - Booster Box,1
asset_master.csv,name,asset_name,Fifth Edition - Booster Box,1
asset_master.csv,name,asset_name,Fourth Edition - Booster Box,1
asset_master.csv,name,asset_name,Future Sight - Booster Box,1
asset_master.csv,name,asset_name,Gatecrash - Booster Box,1
asset_master.csv,name,asset_name,Guildpact - Booster Box,1
asset_master.csv,name,asset_name,Guilds of Ravnica - Booster Box,1
asset_master.csv,name,asset_name,Homelands - Booster Box,1
asset_master.csv,name,asset_name,Hour of Devastation - Booster Box,1
asset_master.csv,name,asset_name,Ice Age - Booster Box,1
asset_master.csv,name,asset_name,Iconic Masters - Booster Box,1
asset_master.csv,name,asset_name,Innistrad - Booster Box,1
asset_master.csv,name,asset_name,Invasion - Booster Box,1
asset_master.csv,name,asset_name,Ixalan - Booster Box,1
asset_master.csv,name,asset_name,Journey Into Nyx - Booster Box,1
asset_master.csv,name,asset_name,Judgment - Booster Box,1
asset_master.csv,name,asset_name,Kaladesh - Booster Box,1
asset_master.csv,name,asset_name,Khans of Tarkir - Booster Box,1
asset_master.csv,name,asset_name,Legends - Booster Box,1
asset_master.csv,name,asset_name,Legions - Booster Box,1
asset_master.csv,name,asset_name,Lorwyn - Booster Box,1
asset_master.csv,name,asset_name,Magic 2010 (M10) - Booster Box,1
asset_master.csv,name,asset_name,Magic 2011 (M11) - Booster Box,1
asset_master.csv,name,asset_name,Magic 2012 (M12) - Booster Box,1
asset_master.csv,name,asset_name,Magic 2013 (M13) - Booster Box,1
asset_master.csv,name,asset_name,Magic 2014 (M14) - Booster Box,1
asset_master.csv,name,asset_name,Magic 2015 (M15) - Booster Box,1
asset_master.csv,name,asset_name,Magic Origins - Booster Box,1
asset_master.csv,name,asset_name,Masters 25 - Booster Box,1
asset_master.csv,name,asset_name,Mercadian Masques - Booster Box,1
asset_master.csv,name,asset_name,Mirage - Booster Box,1
asset_master.csv,name,asset_name,Mirrodin - Booster Box,1
asset_master.csv,name,asset_name,Mirrodin Besieged - Booster Box,1
asset_master.csv,name,asset_name,Modern Horizons - Booster Box,1
asset_master.csv,name,asset_name,Modern Masters - Booster Box,1
asset_master.csv,name,asset_name,Modern Masters 2015 - Booster Box,1
asset_master.csv,name,asset_name,Modern Masters 2017 - Booster Box,1
asset_master.csv,name,asset_name,Morningtide - Booster Box,1
asset_master.csv,name,asset_name,Nemesis - Booster Box,1
asset_master.csv,name,asset_name,New Phyrexia - Booster Box,1
asset_master.csv,name,asset_name,Oath of the Gatewatch - Booster Box,1
asset_master.csv,name,asset_name,Odyssey - Booster Box,1
asset_master.csv,name,asset_name,Onslaught - Booster Box,1
asset_master.csv,name,asset_name,Planar Chaos - Booster Box,1
asset_master.csv,name,asset_name,Planeshift - Booster Box,1
asset_master.csv,name,asset_name,Portal - Booster Box,1
asset_master.csv,name,asset_name,Portal Second Age - Booster Box,1
asset_master.csv,name,asset_name,Portal Three Kingdoms - Booster Box,1
asset_master.csv,name,asset_name,Prophecy - Booster Box,1
asset_master.csv,name,asset_name,Ravnica - Booster Box,1
asset_master.csv,name,asset_name,Ravnica Allegiance - Booster Box,1
asset_master.csv,name,asset_name,Return to Ravnica - Booster Box,1
asset_master.csv,name,asset_name,Revised Edition - Booster Box,1
asset_master.csv,name,asset_name,Rise of the Eldrazi - Booster Box,1
asset_master.csv,name,asset_name,Rivals of Ixalan - Booster Box,1
asset_master.csv,name,asset_name,Saviors of Kamigawa - Booster Box,1
asset_master.csv,name,asset_name,Scars of Mirrodin - Booster Box,1
asset_master.csv,name,asset_name,Scourge - Booster Box,1
asset_master.csv,name,asset_name,Shadowmoor - Booster Box,1
asset_master.csv,name,asset_name,Shadows over Innistrad - Booster Box,1
asset_master.csv,name,asset_name,Shards of Alara - Booster Box,1
asset_master.csv,name,asset_name,Stronghold - Booster Box,1
asset_master.csv,name,asset_name,Tempest - Booster Box,1
asset_master.csv,name,asset_name,The Dark - Booster Box,1
asset_master.csv,name,asset_name,Theros - Booster Box,1
asset_master.csv,name,asset_name,Time Spiral - Booster Box,1
asset_master.csv,name,asset_name,Torment - Booster Box,1
asset_master.csv,name,asset_name,Ultimate Masters - Booster Box,1
asset_master.csv,name,asset_name,Unglued - Booster Box,1
asset_master.csv,name,asset_name,Unhinged - Booster Box,1
asset_master.csv,name,asset_name,Unlimited Edition - Booster Box,1
asset_master.csv,name,asset_name,Unstable - Booster Box,1
asset_master.csv,name,asset_name,Urza's Destiny - Booster Box,1
asset_master.csv,name,asset_name,Urza's Legacy - Booster Box,1
asset_master.csv,name,asset_name,Urza's Saga - Booster Box,1
asset_master.csv,name,asset_name,Visions - Booster Box,1
asset_master.csv,name,asset_name,War of the Spark - Booster Box,1
asset_master.csv,name,asset_name,Weatherlight - Booster Box,1
asset_master.csv,name,asset_name,Worldwake - Booster Box,1
asset_master.csv,name,asset_name,Zendikar - Booster Box,1
asset_master.csv,name,asset_name,30th Anniversary Countdown Kit — Standard Edition,1
asset_master.csv,name,asset_name,Astrology Lands (Aries) - Non-Foil Edition — Nonfoil Edition,1
asset_master.csv,name,asset_name,Astrology Lands (Aries) - Traditional Foil Edition — Foil Edition,1
asset_master.csv,name,asset_name,Astrology Lands (Aries) Bundle - Non-Foil Edition — Nonfoil Edition,1
asset_master.csv,name,asset_name,Astrology Lands (Aries) Bundle - Traditional Foil Edition — Foil Edition,1
asset_master.csv,name,asset_name,Astrology Lands (Pisces) - Non-Foil Edition — Nonfoil Edition,1
asset_master.csv,name,asset_name,Astrology Lands (Pisces) - Traditional Foil Edition — Foil Edition,1
asset_master.csv,name,asset_name,Astrology Lands (Pisces) Bundle - Non-Foil Edition — Nonfoil Edition,1
asset_master.csv,name,asset_name,Astrology Lands (Pisces) Bundle - Traditional Foil Edition — Foil Edition,1
asset_master.csv,name,asset_name,Astrology Lands (Sagittarius) - Non-Foil Edition — Nonfoil Edition,1
asset_master.csv,name,asset_name,Astrology Lands (Sagittarius) - Traditional Foil Edition — Foil Edition,1
asset_master.csv,name,asset_name,Astrology Lands (Sagittarius) Bundle - Non-Foil Edition — Nonfoil Edition,1
asset_master.csv,name,asset_name,Astrology Lands (Sagittarius) Bundle - Traditional Foil Edition — Foil Edition,1
asset_master.csv,name,asset_name,Astrology Lands (Taurus) - Non-Foil Edition — Nonfoil Edition,1
asset_master.csv,name,asset_name,Astrology Lands (Taurus) - Traditional Foil Edition — Foil Edition,1
asset_master.csv,name,asset_name,Astrology Lands (Taurus) Bundle - Non-Foil Edition — Nonfoil Edition,1
asset_master.csv,name,asset_name,Astrology Lands (Taurus) Bundle - Traditional Foil Edition — Foil Edition,1
asset_master.csv,name,asset_name,Back to School Superdrop: Ready For Rollcall Non-Foil Bundle — Nonfoil Edition,1
asset_master.csv,name,asset_name,Back to School Superdrop: Spirit Week All Foils Bundle — Foil Edition,1
asset_master.csv,name,asset_name,Back to School Superdrop: This Will Be On The Test Everything Bundle — Standard Edition,1
asset_master.csv,name,asset_name,Cats Are the Best Superdrop: Cats Rule Everything Bundle — Standard Edition,1
asset_master.csv,name,asset_name,Cats Are the Best Superdrop: Laser Focus Foil Bundle — Foil Edition,1
asset_master.csv,name,asset_name,Cats Are the Best Superdrop: Nine Lives Non-Foil Bundle — Nonfoil Edition,1
asset_master.csv,name,asset_name,Commander Deck: 20 Ways to Win — Standard Edition,1
asset_master.csv,name,asset_name,Commander Deck: Angels: They're Just Like Us but Cooler and with Wings — Standard Edition,1
asset_master.csv,name,asset_name,Commander Deck: Everyone’s Invited! - Double Rainbow Foil Edition — Foil Edition,1
asset_master.csv,name,asset_name,Commander Deck: From Cute to Brute — Standard Edition,1
asset_master.csv,name,asset_name,Commander Deck: Goblin Storm — Standard Edition,1
asset_master.csv,name,asset_name,Commander Deck: Raining Cats and Dogs — Standard Edition,1
asset_master.csv,name,asset_name,Countdown Kit: An Encyclopedia of Magic Book Club Bundle — Standard Edition,1
asset_master.csv,name,asset_name,Countdown Kit: An Encyclopedia of Magic — Standard Edition,1
asset_master.csv,name,asset_name,Deck: Dandan Deck — Standard Edition,1
asset_master.csv,name,asset_name,Drop: A Devastation of Dragons - Rainbow Foil Edition — Foil Edition,1
asset_master.csv,name,asset_name,Drop: Absolute Annihilation - Non-Foil Edition — Nonfoil Edition,1
asset_master.csv,name,asset_name,Drop: Absolute Annihilation - Traditional Foil Edition — Foil Edition,1
asset_master.csv,name,asset_name,Drop: Adventures of the Little Witch - Non-Foil Edition — Nonfoil Edition,1
asset_master.csv,name,asset_name,Drop: Adventures of the Little Witch - Rainbow Foil Edition — Foil Edition,1
asset_master.csv,name,asset_name,Drop: Aether Drifters - Non-Foil Edition — Nonfoil Edition,1
asset_master.csv,name,asset_name,Drop: Aether Drifters - Traditional Foil Edition — Foil Edition,1
asset_master.csv,name,asset_name,Drop: All-Natural - Foil — Foil Edition,1
asset_master.csv,name,asset_name,"Drop: All-Natural, Totally Refreshing Superdrop: All 4 U Bundle — Standard Edition",1
asset_master.csv,name,asset_name,Drop: Animar & Friends - Rainbow Foil Edition — Foil Edition,1
asset_master.csv,name,asset_name,Drop: April Superdrop - Full-of-Foils Bundle — Foil Edition,1
asset_master.csv,name,asset_name,"Drop: April Superdrop - Non-stop, Non-Foil Bundle — Nonfoil Edition",1
asset_master.csv,name,asset_name,Drop: April Superdrop - The Bundle Bundle — Standard Edition,1
asset_master.csv,name,asset_name,Drop: Arcade Racers - Non-Foil Edition — Nonfoil Edition,1
asset_master.csv,name,asset_name,Drop: Arcade Racers - Rainbow Foil Edition — Foil Edition,1
asset_master.csv,name,asset_name,Drop: Artist Series: Alayna Danner - Non-Foil Edition — Nonfoil Edition,1
asset_master.csv,name,asset_name,Drop: Artist Series: Alayna Danner - Traditional Foil Edition — Foil Edition,1
asset_master.csv,name,asset_name,Drop: Artist Series: Aleksi Briclot - Non-Foil Edition — Nonfoil Edition,1
asset_master.csv,name,asset_name,Drop: Artist Series: Aleksi Briclot - Traditional Foil Edition — Foil Edition,1
asset_master.csv,name,asset_name,Drop: Artist Series: Chris Rahn - Non-Foil Edition — Nonfoil Edition,1
asset_master.csv,name,asset_name,Drop: Artist Series: Chris Rahn - Traditional Foil Edition — Foil Edition,1
asset_master.csv,name,asset_name,Drop: Artist Series: Jesper Ejsing - Non-Foil Edition — Nonfoil Edition,1
asset_master.csv,name,asset_name,Drop: Artist Series: Jesper Ejsing - Rainbow Foil Edition — Foil Edition,1
asset_master.csv,name,asset_name,Drop: Artist Series: Johannes Voss - Non-Foil Edition — Nonfoil Edition,1
asset_master.csv,name,asset_name,Drop: Artist Series: Johannes Voss - Traditional Foil Edition — Foil Edition,1
asset_master.csv,name,asset_name,Drop: Artist Series: John Avon - Non-Foil Edition — Nonfoil Edition,1
asset_master.csv,name,asset_name,Drop: Artist Series: John Avon - Traditional Foil Edition — Foil Edition,1
asset_master.csv,name,asset_name,Drop: Artist Series: Kev Walker - Non-Foil Edition — Nonfoil Edition,1
asset_master.csv,name,asset_name,Drop: Artist Series: Kev Walker - Traditional Foil Edition — Foil Edition,1
asset_master.csv,name,asset_name,Drop: Artist Series: Kieran Yanner - Non-Foil Edition — Nonfoil Edition,1
asset_master.csv,name,asset_name,Drop: Artist Series: Kieran Yanner - Rainbow Foil Edition — Foil Edition,1
asset_master.csv,name,asset_name,Drop: Artist Series: Livia Prima - Non-Foil Edition — Nonfoil Edition,1
asset_master.csv,name,asset_name,Drop: Artist Series: Livia Prima - Traditional Foil Edition — Foil Edition,1
asset_master.csv,name,asset_name,Drop: Artist Series: Magali Villeneuve - Non-Foil Edition — Nonfoil Edition,1
asset_master.csv,name,asset_name,Drop: Artist Series: Magali Villeneuve - Traditional Foil Edition — Foil Edition,1
asset_master.csv,name,asset_name,Drop: Artist Series: Mark Poole - Non-Foil Edition — Nonfoil Edition,1
asset_master.csv,name,asset_name,Drop: Artist Series: Mark Poole - Traditional Foil Edition — Foil Edition,1
asset_master.csv,name,asset_name,Drop: Artist Series: Nils Hamm - Non-Foil Edition — Nonfoil Edition,1
asset_master.csv,name,asset_name,Drop: Artist Series: Nils Hamm - Traditional Foil Edition — Foil Edition,1
asset_master.csv,name,asset_name,Drop: Artist Series: Randy Vargas - Non-Foil Edition — Nonfoil Edition,1
asset_master.csv,name,asset_name,Drop: Artist Series: Randy Vargas - Traditional Foil Edition — Foil Edition,1
asset_master.csv,name,asset_name,Drop: Artist Series: Rebecca Guay - Non-Foil Edition — Nonfoil Edition,1
asset_master.csv,name,asset_name,Drop: Artist Series: Rebecca Guay - Traditional Foil Edition — Foil Edition,1
asset_master.csv,name,asset_name,Drop: Artist Series: Rovina Cai - Non-Foil Edition — Nonfoil Edition,1
asset_master.csv,name,asset_name,Drop: Artist Series: Rovina Cai - Rainbow Foil Edition — Foil Edition,1
asset_master.csv,name,asset_name,Drop: Artist Series: Ryan Alexander Lee - Non-Foil Edition — Nonfoil Edition,1
asset_master.csv,name,asset_name,Drop: Artist Series: Ryan Alexander Lee - Traditional Foil Edition — Foil Edition,1
asset_master.csv,name,asset_name,Drop: Artist Series: Sam Burley - Non-Foil Edition — Nonfoil Edition,1
asset_master.csv,name,asset_name,Drop: Artist Series: Sam Burley - Traditional Foil Edition — Foil Edition,1
asset_master.csv,name,asset_name,Drop: Artist Series: Sidharth Chaturvedi - Non-Foil Edition — Nonfoil Edition,1
asset_master.csv,name,asset_name,Drop: Artist Series: Sidharth Chaturvedi - Traditional Foil Edition — Foil Edition,1
asset_master.csv,name,asset_name,Drop: Artist Series: Thomas Baxa - Non-Foil Edition — Nonfoil Edition,1
asset_master.csv,name,asset_name,Drop: Artist Series: Thomas Baxa - Traditional Foil Edition — Foil Edition,1
asset_master.csv,name,asset_name,Drop: Artist Series: Victor Adame Minguez - Non-Foil Edition — Nonfoil Edition,1
asset_master.csv,name,asset_name,Drop: Artist Series: Victor Adame Minguez - Traditional Foil Edition — Foil Edition,1
asset_master.csv,name,asset_name,Drop: Artist Series: Volkan Baga - Non-Foil Edition — Nonfoil Edition,1
asset_master.csv,name,asset_name,Drop: Artist Series: Volkan Baga - Traditional Foil Edition — Foil Edition,1
asset_master.csv,name,asset_name,Drop: Artist Series: Wayne Reynolds - Non-Foil Edition — Nonfoil Edition,1
asset_master.csv,name,asset_name,Drop: Artist Series: Wayne Reynolds - Traditional Foil Edition — Foil Edition,1
asset_master.csv,name,asset_name,Drop: Astrology Lands (Aquarius) - Non-Foil Edition — Nonfoil Edition,1
asset_master.csv,name,asset_name,Drop: Astrology Lands (Aquarius) - Traditional Foil Edition — Foil Edition,1
asset_master.csv,name,asset_name,Drop: Astrology Lands (Aquarius) Bundle - Non-Foil Edition — Nonfoil Edition,1
asset_master.csv,name,asset_name,Drop: Astrology Lands (Aquarius) Bundle - Traditional Foil Edition — Foil Edition,1
asset_master.csv,name,asset_name,Drop: Astrology Lands (Cancer) - Non-Foil Edition — Nonfoil Edition,1
asset_master.csv,name,asset_name,Drop: Astrology Lands (Cancer) - Traditional Foil Edition — Foil Edition,1
asset_master.csv,name,asset_name,Drop: Astrology Lands (Cancer) Bundle - Non-Foil Edition — Nonfoil Edition,1
asset_master.csv,name,asset_name,Drop: Astrology Lands (Cancer) Bundle - Traditional Foil Edition — Foil Edition,1
asset_master.csv,name,asset_name,Drop: Astrology Lands (Capricorn) - Non-Foil Edition — Nonfoil Edition,1
asset_master.csv,name,asset_name,Drop: Astrology Lands (Capricorn) - Traditional Foil Edition — Foil Edition,1
asset_master.csv,name,asset_name,Drop: Astrology Lands (Capricorn) Bundle - Non-Foil Edition — Nonfoil Edition,1
asset_master.csv,name,asset_name,Drop: Astrology Lands (Capricorn) Bundle - Traditional Foil Edition — Foil Edition,1
asset_master.csv,name,asset_name,Drop: Astrology Lands (Gemini) - Non-Foil Edition — Nonfoil Edition,1
asset_master.csv,name,asset_name,Drop: Astrology Lands (Gemini) - Traditional Foil Edition — Foil Edition,1
asset_master.csv,name,asset_name,Drop: Astrology Lands (Gemini) Bundle - Non-Foil Edition — Nonfoil Edition,1
asset_master.csv,name,asset_name,Drop: Astrology Lands (Gemini) Bundle - Traditional Foil Edition — Foil Edition,1
asset_master.csv,name,asset_name,Drop: Astrology Lands (Leo) - Non-Foil Edition — Nonfoil Edition,1
asset_master.csv,name,asset_name,Drop: Astrology Lands (Leo) - Traditional Foil Edition — Foil Edition,1
asset_master.csv,name,asset_name,Drop: Astrology Lands (Leo) Bundle - Non-Foil Edition — Nonfoil Edition,1
asset_master.csv,name,asset_name,Drop: Astrology Lands (Leo) Bundle - Traditional Foil Edition — Foil Edition,1
asset_master.csv,name,asset_name,Drop: Astrology Lands (Libra) - Non-Foil Edition — Nonfoil Edition,1
asset_master.csv,name,asset_name,Drop: Astrology Lands (Libra) - Traditional Foil Edition — Foil Edition,1
asset_master.csv,name,asset_name,Drop: Astrology Lands (Libra) Bundle - Non-Foil Edition — Nonfoil Edition,1
asset_master.csv,name,asset_name,Drop: Astrology Lands (Libra) Bundle - Traditional Foil Edition — Foil Edition,1
asset_master.csv,name,asset_name,Drop: Astrology Lands (Scorpio) - Non-Foil Edition — Nonfoil Edition,1
asset_master.csv,name,asset_name,Drop: Astrology Lands (Scorpio) - Traditional Foil Edition — Foil Edition,1
asset_master.csv,name,asset_name,Drop: Astrology Lands (Scorpio) Bundle - Non-Foil Edition — Nonfoil Edition,1
asset_master.csv,name,asset_name,Drop: Astrology Lands (Scorpio) Bundle - Traditional Foil Edition — Foil Edition,1
asset_master.csv,name,asset_name,Drop: Astrology Lands (Virgo) - Non-Foil Edition — Nonfoil Edition,1
asset_master.csv,name,asset_name,Drop: Astrology Lands (Virgo) - Traditional Foil Edition — Foil Edition,1
asset_master.csv,name,asset_name,Drop: Astrology Lands (Virgo) Bundle - Non-Foil Edition — Nonfoil Edition,1
asset_master.csv,name,asset_name,Drop: Astrology Lands (Virgo) Bundle - Traditional Foil Edition — Foil Edition,1
asset_master.csv,name,asset_name,Drop: August Superdrop - Full-of-Foils Bundle — Foil Edition,1
asset_master.csv,name,asset_name,"Drop: August Superdrop - Non-stop, Non-Foil Bundle — Nonfoil Edition",1
asset_master.csv,name,asset_name,Drop: August Superdrop - The Bundle Bundle — Standard Edition,1
asset_master.csv,name,asset_name,Drop: Back in My Day! - Non-Foil Edition — Nonfoil Edition,1
asset_master.csv,name,asset_name,Drop: Back in My Day! - Traditional Foil Edition — Foil Edition,1
asset_master.csv,name,asset_name,Drop: Bad to the Bones - Non-Foil Edition — Nonfoil Edition,1
asset_master.csv,name,asset_name,Drop: Bad to the Bones - Traditional Foil Edition — Foil Edition,1
asset_master.csv,name,asset_name,Drop: Big Foil Bundle — Foil Edition,1
asset_master.csv,name,asset_name,Drop: Big Non-Foil Bundle — Nonfoil Edition,1
asset_master.csv,name,asset_name,Drop: Bitterblossom Dreams - Non-Foil Edition — Nonfoil Edition,1
asset_master.csv,name,asset_name,Drop: Black is Magic - Non-Foil Edition — Nonfoil Edition,1
asset_master.csv,name,asset_name,Drop: Black is Magic - Traditional Foil Edition — Foil Edition,1
asset_master.csv,name,asset_name,Drop: Buggin' Out - Non-Foil Edition — Nonfoil Edition,1
asset_master.csv,name,asset_name,Drop: Buggin' Out - Traditional Foil Edition — Foil Edition,1
asset_master.csv,name,asset_name,"Drop: Bugs, Bands & Blockbusters Bundle - Non-Foil Edition — Nonfoil Edition",1
asset_master.csv,name,asset_name,"Drop: Bugs, Bands & Blockbusters Bundle - Traditional Foil Edition — Foil Edition",1
asset_master.csv,name,asset_name,Drop: Burn ‘Em All Bundle - Non-Foil Edition — Nonfoil Edition,1
asset_master.csv,name,asset_name,Drop: Burn ‘Em All Bundle - Rainbow Foil Edition — Foil Edition,1
asset_master.csv,name,asset_name,Drop: Calling All Hydra Heads (WPN Exclusive) - Traditional Foil Edition — Foil Edition,1
asset_master.csv,name,asset_name,Drop: Camp Totally Safe Superdrop: Hatsune Miku: Electric Entourage Bundle — Standard Edition,1
asset_master.csv,name,asset_name,Drop: Camp Totally Safe Superdrop: Night Swim Bundle - Foil Edition — Foil Edition,1
asset_master.csv,name,asset_name,Drop: Camp Totally Safe Superdrop: Night Swim Bundle - Non-Foil Edition — Nonfoil Edition,1
asset_master.csv,name,asset_name,Drop: Camp Totally Safe Superdrop: Noise from the Woods Bundle - Foil Edition — Foil Edition,1
asset_master.csv,name,asset_name,Drop: Camp Totally Safe Superdrop: Noise from the Woods Bundle - Non-Foil Edition — Nonfoil Edition,1
asset_master.csv,name,asset_name,Drop: Camp Totally Safe Superdrop: The Cabin with Everything Bundle — Standard Edition,1
asset_master.csv,name,asset_name,Drop: Camp Totally Safe Superdrop: The Cabin with Foils Bundle — Foil Edition,1
asset_master.csv,name,asset_name,Drop: Camp Totally Safe Superdrop: The Cabin with Non-Foils Bundle — Nonfoil Edition,1
asset_master.csv,name,asset_name,Drop: Cards in Costume Foil Bundle - Traditional Foil Edition — Foil Edition,1
asset_master.csv,name,asset_name,Drop: Cards in Costume Non-Foil Bundle - Non-Foil Edition — Nonfoil Edition,1
asset_master.csv,name,asset_name,Drop: Carving Up A Barrel of Foils Bundle — Foil Edition,1
asset_master.csv,name,asset_name,Drop: Cats Are Better Than Dogs - Non-Foil Edition — Nonfoil Edition,1
asset_master.csv,name,asset_name,Drop: Cats Are Better Than Dogs - Rainbow Foil Edition — Foil Edition,1
asset_master.csv,name,asset_name,Drop: Cats of Chaos - Non-Foil Edition — Nonfoil Edition,1
asset_master.csv,name,asset_name,Drop: Cats of Chaos - Traditional Foil Edition — Foil Edition,1
asset_master.csv,name,asset_name,Drop: Chill Beats Bundle - Non-Foil Edition — Nonfoil Edition,1
asset_master.csv,name,asset_name,Drop: Chill Beats Bundle - Rainbow Foil Edition — Foil Edition,1
asset_master.csv,name,asset_name,Drop: City Styles - Non-Foil Edition — Nonfoil Edition,1
asset_master.csv,name,asset_name,Drop: City Styles - Traditional Foil Edition — Foil Edition,1
asset_master.csv,name,asset_name,Drop: City Styles 2: Dressed to Kill - Non-Foil Edition — Nonfoil Edition,1
asset_master.csv,name,asset_name,Drop: City Styles 2: Dressed to Kill - Rainbow Foil Edition — Foil Edition,1
asset_master.csv,name,asset_name,Drop: Cool Ocean Breeze - Non-Foil Edition — Nonfoil Edition,1
asset_master.csv,name,asset_name,Drop: Cool Ocean Breeze - Traditional Foil Edition — Foil Edition,1
asset_master.csv,name,asset_name,Drop: Crocodile Jackson's Monstrous Menagerie - Foil Etched Edition — Foil Edition,1
asset_master.csv,name,asset_name,Drop: Crocodile Jackson's Monstrous Menagerie - Non-Foil Edition — Nonfoil Edition,1
asset_master.csv,name,asset_name,Drop: Dan Frazier Is Back Again: The Allied Talismans - Foil Etched Edition — Foil Edition,1
asset_master.csv,name,asset_name,Drop: Dan Frazier Is Back Again: The Allied Talismans - Non-Foil Edition — Nonfoil Edition,1
asset_master.csv,name,asset_name,Drop: Dan Frazier Is Back Again: The Enemy Talismans - Foil Etched Edition — Foil Edition,1
asset_master.csv,name,asset_name,Drop: Dan Frazier Is Back Again: The Enemy Talismans - Non-Foil Edition — Nonfoil Edition,1
asset_master.csv,name,asset_name,Drop: Dan Frazier is Back: The Allied Signets - Foil Etched Edition — Foil Edition,1
asset_master.csv,name,asset_name,Drop: Dan Frazier is Back: The Allied Signets - Non-Foil Edition — Nonfoil Edition,1
asset_master.csv,name,asset_name,Drop: Dan Frazier is Back: The Enemy Signets - Foil Etched Edition — Foil Edition,1
asset_master.csv,name,asset_name,Drop: Dan Frazier is Back: The Enemy Signets - Non-Foil Edition — Nonfoil Edition,1
asset_master.csv,name,asset_name,Drop: Dan Frazier's Mox Box - Foil Etched Edition — Foil Edition,1
asset_master.csv,name,asset_name,"Drop: Death Is Temporary, Metal Is Forever - Non-Foil Edition — Nonfoil Edition",1
asset_master.csv,name,asset_name,"Drop: Death Is Temporary, Metal Is Forever - Traditional Foil Edition — Foil Edition",1
asset_master.csv,name,asset_name,Drop: December Superdrop Foil Bundle — Foil Edition,1
asset_master.csv,name,asset_name,Drop: December Superdrop Non-Foil Bundle — Nonfoil Edition,1
asset_master.csv,name,asset_name,Drop: Deceptive Divination - Non-Foil Edition — Nonfoil Edition,1
asset_master.csv,name,asset_name,Drop: Deceptive Divination - Rainbow Foil Edition — Foil Edition,1
asset_master.csv,name,asset_name,Drop: Diabolical Dioramas - Non-Foil Edition — Nonfoil Edition,1
asset_master.csv,name,asset_name,Drop: Diabolical Dioramas - Rainbow Foil Edition — Foil Edition,1
asset_master.csv,name,asset_name,Drop: Dogs Are Better Than Cats - Non-Foil Edition — Nonfoil Edition,1
asset_master.csv,name,asset_name,Drop: Dogs Are Better Than Cats - Rainbow Foil Edition — Foil Edition,1
asset_master.csv,name,asset_name,Drop: Draw Your Hand - Non-Foil Edition — Nonfoil Edition,1
asset_master.csv,name,asset_name,Drop: Draw Your Hand - Traditional Foil Edition — Foil Edition,1
asset_master.csv,name,asset_name,Drop: Dreaming Darkly - Non-Foil Edition — Nonfoil Edition,1
asset_master.csv,name,asset_name,Drop: Dreaming Darkly - Rainbow Foil Edition — Foil Edition,1
asset_master.csv,name,asset_name,Drop: Dungeons & Dragons 50th Anniversary: Loot the Room with Everything Bundle — Standard Edition,1
asset_master.csv,name,asset_name,Drop: Dungeons & Dragons 50th Anniversary: Loot the Room with Foils Bundle — Foil Edition,1
asset_master.csv,name,asset_name,Drop: Dungeons & Dragons 50th Anniversary: Loot the Room with Non-Foils Bundle — Nonfoil Edition,1
asset_master.csv,name,asset_name,Drop: EVERYTHING IS ON FIRE - Non-Foil Edition — Nonfoil Edition,1
asset_master.csv,name,asset_name,Drop: EVERYTHING IS ON FIRE - Non-Foil Playset Bundle — Nonfoil Edition,1
asset_master.csv,name,asset_name,Drop: EVERYTHING IS ON FIRE - Rainbow Foil Edition — Foil Edition,1
asset_master.csv,name,asset_name,Drop: EVERYTHING IS ON FIRE - Rainbow Foil Playset Bundle — Foil Edition,1
asset_master.csv,name,asset_name,Drop: EVERYTHING IS ON FIRE - Raised Foil Edition — Foil Edition,1
asset_master.csv,name,asset_name,Drop: EVERYTHING IS ON FIRE - Raised Foil Playset Bundle — Foil Edition,1
asset_master.csv,name,asset_name,Drop: Eldraine Wonderland - Traditional Foil Edition — Foil Edition,1
asset_master.csv,name,asset_name,Drop: Equinox Superdrop 2024: A Celebration of Everything Foil and Non-Foil Bundle — Nonfoil Edition,1
asset_master.csv,name,asset_name,Drop: Equinox Superdrop 2024: Fallout Bundle - Foil Edition — Foil Edition,1
asset_master.csv,name,asset_name,Drop: Equinox Superdrop 2024: Fallout Bundle - Non-Foil Edition — Nonfoil Edition,1
asset_master.csv,name,asset_name,Drop: Equinox Superdrop 2024: Sunlight and Moonbeams Bundle - Foil Edition — Foil Edition,1
asset_master.csv,name,asset_name,Drop: Equinox Superdrop 2024: Sunlight and Moonbeams Bundle - Non-Foil Edition — Nonfoil Edition,1
asset_master.csv,name,asset_name,Drop: Equinox Superdrop 2024: We Celebrate the Foils Bundle — Foil Edition,1
asset_master.csv,name,asset_name,Drop: Equinox Superdrop 2024: We Celebrate the Non-Foils Bundle — Nonfoil Edition,1
asset_master.csv,name,asset_name,Drop: Every Dog Has Its Day - Non-Foil Edition — Nonfoil Edition,1
asset_master.csv,name,asset_name,Drop: Every Dog Has Its Day - Traditional Foil Edition — Foil Edition,1
asset_master.csv,name,asset_name,Drop: Extra Life 2020 - Traditional Foil Edition — Foil Edition,1
asset_master.csv,name,asset_name,Drop: Extra Life 2022 - Non-Foil Edition — Nonfoil Edition,1
asset_master.csv,name,asset_name,Drop: Extra Life 2022 - Traditional Foil Edition — Foil Edition,1
asset_master.csv,name,asset_name,"Drop: Faerie, Faerie, Faerie Rad - Traditional Foil Edition — Foil Edition",1
asset_master.csv,name,asset_name,"Drop: Far Out, Man - Non-Foil Edition — Nonfoil Edition",1
asset_master.csv,name,asset_name,"Drop: Far Out, Man - Traditional Foil Edition — Foil Edition",1
asset_master.csv,name,asset_name,"Drop: Fblthp: Completely, Utterly, Totally Lost - Non-Foil Edition — Nonfoil Edition",1
asset_master.csv,name,asset_name,"Drop: Fblthp: Completely, Utterly, Totally Lost - Traditional Foil Edition — Foil Edition",1
asset_master.csv,name,asset_name,Drop: Featuring: Andrew Maclean - Non-Foil Edition — Nonfoil Edition,1
asset_master.csv,name,asset_name,Drop: Featuring: Andrew Maclean - Rainbow Foil Edition — Foil Edition,1
asset_master.csv,name,asset_name,Drop: Featuring: Gary Baseman - Non-Foil Edition — Nonfoil Edition,1
asset_master.csv,name,asset_name,Drop: Featuring: Gary Baseman - Traditional Foil Edition — Foil Edition,1
asset_master.csv,name,asset_name,Drop: Featuring: Jay Howell - Non-Foil Edition — Nonfoil Edition,1
asset_master.csv,name,asset_name,Drop: Featuring: Jay Howell - Rainbow Foil Edition — Foil Edition,1
asset_master.csv,name,asset_name,Drop: Featuring: Julie Bell - Non-Foil Edition — Nonfoil Edition,1
asset_master.csv,name,asset_name,Drop: Featuring: Julie Bell - Rainbow Foil Edition — Foil Edition,1
asset_master.csv,name,asset_name,Drop: Featuring: Kevin Eastman (Colors) - Non-Foil Edition — Nonfoil Edition,1
asset_master.csv,name,asset_name,Drop: Featuring: Kevin Eastman (Colors) - Traditional Foil Edition — Foil Edition,1
asset_master.csv,name,asset_name,Drop: Featuring: Kevin Eastman (Inks) - Non-Foil Edition — Nonfoil Edition,1
asset_master.csv,name,asset_name,Drop: Featuring: Kevin Eastman (Inks) - Traditional Foil Edition — Foil Edition,1
asset_master.csv,name,asset_name,Drop: Featuring: Luke Pearson - Non-Foil Edition — Nonfoil Edition,1
asset_master.csv,name,asset_name,Drop: Featuring: Luke Pearson - Rainbow Foil Edition — Foil Edition,1
asset_master.csv,name,asset_name,Drop: Featuring: Mitsuhiro Arita - Non-Foil Edition — Nonfoil Edition,1
asset_master.csv,name,asset_name,Drop: Featuring: Mitsuhiro Arita - Rainbow Foil Edition — Foil Edition,1
asset_master.csv,name,asset_name,Drop: Featuring: Not a Wolf - Non-Foil Edition — Nonfoil Edition,1
asset_master.csv,name,asset_name,Drop: Featuring: Not a Wolf - Traditional Foil Edition — Foil Edition,1
asset_master.csv,name,asset_name,Drop: Featuring: Peach Momoko - Non-Foil Edition — Nonfoil Edition,1
asset_master.csv,name,asset_name,Drop: Featuring: Peach Momoko - Rainbow Foil Edition — Foil Edition,1
asset_master.csv,name,asset_name,Drop: Featuring: Phoebe Wahl - Non-Foil Edition — Nonfoil Edition,1
asset_master.csv,name,asset_name,Drop: Featuring: Phoebe Wahl - Rainbow Foil Edition — Foil Edition,1
asset_master.csv,name,asset_name,Drop: Featuring: Stan Sakai - Non-Foil Edition — Nonfoil Edition,1
asset_master.csv,name,asset_name,Drop: Featuring: Stan Sakai - Traditional Foil Edition — Foil Edition,1
asset_master.csv,name,asset_name,Drop: Featuring: the Mountain Goats - Non-Foil Edition — Nonfoil Edition,1
asset_master.csv,name,asset_name,Drop: Featuring: the Mountain Goats - Traditional Foil Edition — Foil Edition,1
asset_master.csv,name,asset_name,Drop: February Superdrop - Full-of-Foils Bundle — Foil Edition,1
asset_master.csv,name,asset_name,Drop: February Superdrop - Introducing: Kaito Shizuki - Non-Foil Edition — Nonfoil Edition,1
asset_master.csv,name,asset_name,Drop: February Superdrop - Introducing: Kaito Shizuki - Traditional Foil Edition — Foil Edition,1
asset_master.csv,name,asset_name,Drop: February Superdrop - Kamigawa: the Manga: the Cards - Non-Foil Edition — Nonfoil Edition,1
asset_master.csv,name,asset_name,Drop: February Superdrop - Kamigawa: the Manga: the Cards - Traditional Foil Edtion — Foil Edition,1
asset_master.csv,name,asset_name,Drop: February Superdrop - Li'l Walkers - Non-Foil Edition — Nonfoil Edition,1
asset_master.csv,name,asset_name,Drop: February Superdrop - Li'l Walkers - Traditional Foil Edition — Foil Edition,1
asset_master.csv,name,asset_name,"Drop: February Superdrop - Non-stop, Non-Foil Bundle — Nonfoil Edition",1
asset_master.csv,name,asset_name,Drop: February Superdrop - Pictures of the Floating World - Non-Foil Edition — Nonfoil Edition,1
asset_master.csv,name,asset_name,Drop: February Superdrop - Pictures of the Floating World - Traditional Foil Edition — Foil Edition,1
asset_master.csv,name,asset_name,Drop: February Superdrop - Secret Lair x Street Fighter - Non-Foil Edition — Nonfoil Edition,1
asset_master.csv,name,asset_name,Drop: February Superdrop - Secret Lair x Street Fighter - Traditional Foil Edition — Foil Edition,1
asset_master.csv,name,asset_name,Drop: February Superdrop - Shades Not Included - Non-Foil Edition — Nonfoil Edition,1
asset_master.csv,name,asset_name,Drop: February Superdrop - Shades Not Included - Traditional Foil Edition — Foil Edition,1
asset_master.csv,name,asset_name,Drop: February Superdrop - Showcase: Neon Dynasty - Neon Ink Foil Edition — Foil Edition,1
asset_master.csv,name,asset_name,Drop: February Superdrop - Special Guest: Yuko Shimizu - Non-Foil Edition — Nonfoil Edition,1
asset_master.csv,name,asset_name,Drop: February Superdrop - Special Guest: Yuko Shimizu - Traditional Foil Edition — Foil Edition,1
asset_master.csv,name,asset_name,Drop: February Superdrop - The Bundle Bundle — Standard Edition,1
asset_master.csv,name,asset_name,Drop: Ferocious Foil Bundle — Foil Edition,1
asset_master.csv,name,asset_name,Drop: Festival in a Box Amsterdam 2026 Bundle — Standard Edition,1
asset_master.csv,name,asset_name,Drop: Festival in a Box Atlanta 2025 Bundle — Standard Edition,1
asset_master.csv,name,asset_name,Drop: Festival in a Box Chicago 2025 Bundle — Standard Edition,1
asset_master.csv,name,asset_name,Drop: Festival in a Box Las Vegas 2025 - Slay the Day (Rainbow Foil) — Foil Edition,1
asset_master.csv,name,asset_name,Drop: Festival in a Box Las Vegas 2025 Bundle — Standard Edition,1
asset_master.csv,name,asset_name,Drop: Festival in a Box Las Vegas 2026 Bundle — Standard Edition,1
asset_master.csv,name,asset_name,Drop: Fill My Cauldron with Almost Everything Bundle — Standard Edition,1
asset_master.csv,name,asset_name,Drop: Fill My Cauldron with Dr. Who Bundle — Standard Edition,1
asset_master.csv,name,asset_name,Drop: Fill My Cauldron with Foils Bundle — Foil Edition,1
asset_master.csv,name,asset_name,Drop: Fill My Cauldron with Non-Foils Bundle — Nonfoil Edition,1
asset_master.csv,name,asset_name,Drop: Finally! Left-Handed Magic Cards - Non-Foil Edition — Nonfoil Edition,1
asset_master.csv,name,asset_name,Drop: Finally! Left-Handed Magic Cards - Traditional Foil Edition — Foil Edition,1
asset_master.csv,name,asset_name,Drop: Flower Power - Non-Foil Edition — Nonfoil Edition,1
asset_master.csv,name,asset_name,Drop: Flower Power - Rainbow Foil Edition — Foil Edition,1
asset_master.csv,name,asset_name,Drop: Gift Wrapped - Non-Foil Edition — Nonfoil Edition,1
asset_master.csv,name,asset_name,Drop: Gift Wrapped - Rainbow Foil Edition — Foil Edition,1
asset_master.csv,name,asset_name,Drop: Goblin & Squabblin' - Non-Foil Edition — Nonfoil Edition,1
asset_master.csv,name,asset_name,Drop: Goblin & Squabblin' - Rainbow Foil Edition — Foil Edition,1
asset_master.csv,name,asset_name,Drop: Goblingram - Non-Foil Edition — Nonfoil Edition,1
asset_master.csv,name,asset_name,Drop: Goblingram - Rainbow Foil Edition — Foil Edition,1
asset_master.csv,name,asset_name,Drop: Happy Yargle Day! - Non-Foil Edition — Nonfoil Edition,1
asset_master.csv,name,asset_name,Drop: Happy Yargle Day! - Traditional Foil Edition — Foil Edition,1
asset_master.csv,name,asset_name,Drop: Hard-Boiled Thrillers - Non-Foil Edition — Nonfoil Edition,1
asset_master.csv,name,asset_name,Drop: Hard-Boiled Thrillers - Rainbow Foil Edition — Foil Edition,1
asset_master.csv,name,asset_name,Drop: Here Be Dragons - Foil — Foil Edition,1
asset_master.csv,name,asset_name,Drop: If Looks Could Kill - Non-Foil Edition — Nonfoil Edition,1
asset_master.csv,name,asset_name,Drop: If Looks Could Kill - Traditional Foil Edition — Foil Edition,1
asset_master.csv,name,asset_name,Drop: Imaginary Friends - Non-Foil Edition — Nonfoil Edition,1
asset_master.csv,name,asset_name,Drop: Imaginary Friends - Traditional Foil Edition — Foil Edition,1
asset_master.csv,name,asset_name,Drop: In Memoriam: Jaya Ballard - Non-Foil Edition — Nonfoil Edition,1
asset_master.csv,name,asset_name,Drop: In Memoriam: Jaya Ballard - Traditional Foil Edition — Foil Edition,1
asset_master.csv,name,asset_name,Drop: Inked - Non-Foil Edition — Nonfoil Edition,1
asset_master.csv,name,asset_name,Drop: Inked - Rainbow Foil Edition — Foil Edition,1
asset_master.csv,name,asset_name,Drop: Inside an Elevator Superdrop: Awkward Small Talk Bundle - Foil Edition — Foil Edition,1
asset_master.csv,name,asset_name,Drop: Inside an Elevator Superdrop: Awkward Small Talk Bundle - Non-Foil Edition — Nonfoil Edition,1
asset_master.csv,name,asset_name,Drop: Inside an Elevator Superdrop: Brain Dead Bundle - Foil Edition — Foil Edition,1
asset_master.csv,name,asset_name,Drop: Inside an Elevator Superdrop: Brain Dead Bundle - Non-Foil Edition — Nonfoil Edition,1
asset_master.csv,name,asset_name,Drop: Inside an Elevator Superdrop: Take Me to the Floor with Everything Bundle — Standard Edition,1
asset_master.csv,name,asset_name,Drop: Inside an Elevator Superdrop: Take Me to the Floor with Foils Bundle — Foil Edition,1
asset_master.csv,name,asset_name,Drop: Inside an Elevator Superdrop: Take Me to the Floor with Non-Foils Bundle — Nonfoil Edition,1
asset_master.csv,name,asset_name,Drop: International Women's Day 2020 - Traditional Foil Edition — Foil Edition,1
asset_master.csv,name,asset_name,Drop: It's Raining Foils And Non-Foils Bundle — Nonfoil Edition,1
asset_master.csv,name,asset_name,Drop: June Superdrop - Full-of-Foils Bundle — Foil Edition,1
asset_master.csv,name,asset_name,"Drop: June Superdrop - Non-stop, Non-Foil Bundle — Nonfoil Edition",1
asset_master.csv,name,asset_name,Drop: June Superdrop - The Bundle Bundle — Standard Edition,1
asset_master.csv,name,asset_name,Drop: Just Add Milk - Non-Foil Edition — Nonfoil Edition,1
asset_master.csv,name,asset_name,Drop: Just Add Milk - Traditional Foil Edition — Foil Edition,1
asset_master.csv,name,asset_name,Drop: Just Add Milk: Second Helpings - Non-Foil Edition — Nonfoil Edition,1
asset_master.csv,name,asset_name,Drop: Just Add Milk: Second Helpings - Traditional Foil Edition — Foil Edition,1
asset_master.csv,name,asset_name,Drop: Just Some Totally Normal Guys - Non-Foil Edition — Nonfoil Edition,1
asset_master.csv,name,asset_name,Drop: Just Some Totally Normal Guys - Traditional Foil Edition — Foil Edition,1
asset_master.csv,name,asset_name,Drop: KEXP: Where the Music Matters - Non-Foil Bundle — Nonfoil Edition,1
asset_master.csv,name,asset_name,Drop: KEXP: Where the Music Matters - Non-Foil Edition — Nonfoil Edition,1
asset_master.csv,name,asset_name,Drop: KEXP: Where the Music Matters - Rainbow Foil Bundle — Foil Edition,1
asset_master.csv,name,asset_name,Drop: KEXP: Where the Music Matters - Rainbow Foil Edition — Foil Edition,1
asset_master.csv,name,asset_name,Drop: KEXP: You Are Not Alone - Non-Foil Edition — Nonfoil Edition,1
asset_master.csv,name,asset_name,Drop: KEXP: You Are Not Alone - Rainbow Foil Edition — Foil Edition,1
asset_master.csv,name,asset_name,Drop: Kaleidoscope Killers - Traditional Foil Edition — Foil Edition,1
asset_master.csv,name,asset_name,Drop: Kamigawa Ink - Non-Foil Edition — Nonfoil Edition,1
asset_master.csv,name,asset_name,Drop: Kamigawa Ink - Traditional Foil Edition — Foil Edition,1
asset_master.csv,name,asset_name,"Drop: Keep Partying Hard, Shred Harder Than You Previously Thought Possible - Non-Foil Edition — Nonfoil Edition",1
asset_master.csv,name,asset_name,"Drop: Keep Partying Hard, Shred Harder Than You Previously Thought Possible - Traditional Foil Edition — Foil Edition",1
asset_master.csv,name,asset_name,Drop: LOOK AT THE KITTIES - Traditional Foil Edition — Foil Edition,1
asset_master.csv,name,asset_name,Drop: Legendary Flyers (Not That Kind) - Traditional Foil Edition — Foil Edition,1
asset_master.csv,name,asset_name,Drop: Li'l Giri Saves the Day - Traditional Foil Edition — Foil Edition,1
asset_master.csv,name,asset_name,Drop: Li'l Legends - Rainbow Foil Edition — Foil Edition,1
asset_master.csv,name,asset_name,Drop: Li'l'er Walkers - Non-Foil Edition — Nonfoil Edition,1
asset_master.csv,name,asset_name,Drop: Li'l'er Walkers - Traditional Foil Edition — Foil Edition,1
asset_master.csv,name,asset_name,Drop: Li'l'est Walkers - Non-Foil Edition — Nonfoil Edition,1
asset_master.csv,name,asset_name,Drop: Li'l'est Walkers - Rainbow Foil Edition — Foil Edition,1
asset_master.csv,name,asset_name,Drop: Lorwyn Lightboxes - Non-Foil Edition — Nonfoil Edition,1
asset_master.csv,name,asset_name,Drop: Lorwyn Lightboxes - Rainbow Foil Edition — Foil Edition,1
asset_master.csv,name,asset_name,Drop: Magic: The Baseballing - Non-Foil Edition — Nonfoil Edition,1
asset_master.csv,name,asset_name,Drop: Magic: The Baseballing - Traditional Foil Edition — Foil Edition,1
asset_master.csv,name,asset_name,Drop: MagicCon: The Gathering - Rainbow Foil Edition — Foil Edition,1
asset_master.csv,name,asset_name,Drop: Maho Gakuin Seishun Hakusho - Non-Foil Edition — Nonfoil Edition,1
asset_master.csv,name,asset_name,Drop: Maho Gakuin Seishun Hakusho - Traditional Foil Edition — Foil Edition,1
asset_master.csv,name,asset_name,Drop: March of the Machine Bundle - Halo Foil Edition — Foil Edition,1
asset_master.csv,name,asset_name,Drop: Marvel Superdrop: The Astonishing Foil Bundle — Foil Edition,1
asset_master.csv,name,asset_name,Drop: Marvel Superdrop: The Heroic Everything Bundle — Standard Edition,1
asset_master.csv,name,asset_name,Drop: Marvel Superdrop: The Mighty Non-Foil Bundle — Nonfoil Edition,1
asset_master.csv,name,asset_name,Drop: Math Is For Blockers - Non-Foil Edition — Nonfoil Edition,1
asset_master.csv,name,asset_name,Drop: Math Is For Blockers - Traditional Foil Edition — Foil Edition,1
asset_master.csv,name,asset_name,Drop: Meditations on Nature - Non-Foil Edition — Nonfoil Edition,1
asset_master.csv,name,asset_name,Drop: Meditations on Nature - Traditional Foil Edition — Foil Edition,1
asset_master.csv,name,asset_name,Drop: Mirrodinsanity - Non-Foil Edition — Nonfoil Edition,1
asset_master.csv,name,asset_name,Drop: Mirrodinsanity - Traditional Foil Edition — Foil Edition,1
asset_master.csv,name,asset_name,Drop: Miss A Drop - It's Gone Superdrop: Boo-Tacular Bundle Bundle — Standard Edition,1
asset_master.csv,name,asset_name,Drop: Monster Movie Marathon - Non-Foil Edition — Nonfoil Edition,1
asset_master.csv,name,asset_name,Drop: Monster Movie Marathon - Traditional Foil Edition — Foil Edition,1
asset_master.csv,name,asset_name,Drop: Monstrous Magazines - Non-Foil Edition — Nonfoil Edition,1
asset_master.csv,name,asset_name,Drop: Monstrous Magazines - Rainbow Foil Edition — Foil Edition,1
asset_master.csv,name,asset_name,Drop: More Adventures in Middle-earth - Non-Foil Edition — Nonfoil Edition,1
asset_master.csv,name,asset_name,Drop: More Adventures in Middle-earth - Traditional Foil Edition — Foil Edition,1
asset_master.csv,name,asset_name,Drop: More Adventures in Middle-earth Bundle — Standard Edition,1
asset_master.csv,name,asset_name,Drop: More Borderless Planeswalkers (WPN Exclusive) - Traditional Foil Edition — Foil Edition,1
asset_master.csv,name,asset_name,Drop: Mother's Day 2021 - Non-Foil Edition — Nonfoil Edition,1
asset_master.csv,name,asset_name,Drop: Mother's Day 2021 - Traditional Foil Edition — Foil Edition,1
asset_master.csv,name,asset_name,Drop: Mycosynthwave - Non-Foil Edition — Nonfoil Edition,1
asset_master.csv,name,asset_name,Drop: Mycosynthwave - Rainbow Foil Edition — Foil Edition,1
asset_master.csv,name,asset_name,Drop: Nature is Adorable - Non-Foil Edition — Nonfoil Edition,1
asset_master.csv,name,asset_name,Drop: Nature is Adorable - Traditional Foil Edition — Foil Edition,1
asset_master.csv,name,asset_name,Drop: Non-Foil Nightmare Bundle — Nonfoil Edition,1
asset_master.csv,name,asset_name,Drop: Notebook Genius - Non-Foil Edition — Nonfoil Edition,1
asset_master.csv,name,asset_name,Drop: Notebook Genius - Traditional Foil Edition — Foil Edition,1
asset_master.csv,name,asset_name,Drop: Now on VHS! - Non-Foil Edition — Nonfoil Edition,1
asset_master.csv,name,asset_name,Drop: Now on VHS! - Traditional Foil Edition — Foil Edition,1
asset_master.csv,name,asset_name,Drop: OMG KITTIES! - Traditional Foil Edition — Foil Edition,1
asset_master.csv,name,asset_name,Drop: Omens of Chaos - Non-Foil Edition — Nonfoil Edition,1
asset_master.csv,name,asset_name,Drop: Omens of Chaos - Traditional Foil Edition — Foil Edition,1
asset_master.csv,name,asset_name,Drop: Our Boss is on Vacation Superdrop: Biggest. Bundle. Ever. Bundle — Standard Edition,1
asset_master.csv,name,asset_name,Drop: Our Boss is on Vacation Superdrop: Break Room Disco Ball Made of Foils Bundle — Foil Edition,1
asset_master.csv,name,asset_name,Drop: Our Boss is on Vacation Superdrop: Cover the Boss's Office with Everything Bundle — Standard Edition,1
asset_master.csv,name,asset_name,Drop: Our Boss is on Vacation Superdrop: Desk Fort Made of Non-Foils Bundle — Nonfoil Edition,1
asset_master.csv,name,asset_name,Drop: Our Boss is on Vacation Superdrop: Garden Buds - Non-Foil Edition — Nonfoil Edition,1
asset_master.csv,name,asset_name,Drop: Our Boss is on Vacation Superdrop: Garden Buds - Rainbow Foil Edition — Foil Edition,1
asset_master.csv,name,asset_name,Drop: Our Boss is on Vacation Superdrop: Interim Boss's Bant Bundle — Standard Edition,1
asset_master.csv,name,asset_name,Drop: Our Boss is on Vacation Superdrop: Pick 'Em and Stick 'Em - Non-Foil Edition — Nonfoil Edition,1
asset_master.csv,name,asset_name,Drop: Our Boss is on Vacation Superdrop: Pick 'Em and Stick 'Em - Rainbow Foil Edition — Foil Edition,1
asset_master.csv,name,asset_name,Drop: Our Boss is on Vacation Superdrop: Secret Lair High Class of '87 - Non-Foil Edition — Nonfoil Edition,1
asset_master.csv,name,asset_name,Drop: Our Boss is on Vacation Superdrop: Secret Lair High Class of '87 - Traditional Foil Edition — Foil Edition,1
asset_master.csv,name,asset_name,Drop: Our Boss is on Vacation Superdrop: Spongebob Squarepants Bundle - Non-Foil Edition — Nonfoil Edition,1
asset_master.csv,name,asset_name,Drop: Our Boss is on Vacation Superdrop: Spongebob Squarepants Bundle - Rainbow Foil Edition — Foil Edition,1
asset_master.csv,name,asset_name,Drop: Our Boss is on Vacation Superdrop: Spongebob Squarepants: Internet Sensation - Non-Foil Edition — Nonfoil Edition,1
asset_master.csv,name,asset_name,Drop: Our Boss is on Vacation Superdrop: Spongebob Squarepants: Internet Sensation - Rainbow Foil Edition — Foil Edition,1
asset_master.csv,name,asset_name,Drop: Our Boss is on Vacation Superdrop: Spongebob Squarepants: Lands Under the Sea - Non-Foil Edition — Nonfoil Edition,1
asset_master.csv,name,asset_name,Drop: Our Boss is on Vacation Superdrop: Spongebob Squarepants: Lands Under the Sea - Rainbow Foil Edition — Foil Edition,1
asset_master.csv,name,asset_name,Drop: Our Boss is on Vacation Superdrop: Spongebob Squarepants: Legends of Bikini Bottom - Non-Foil Edition — Nonfoil Edition,1
asset_master.csv,name,asset_name,Drop: Our Boss is on Vacation Superdrop: Spongebob Squarepants: Legends of Bikini Bottom - Rainbow Foil Edition — Foil Edition,1
asset_master.csv,name,asset_name,Drop: Our Boss is on Vacation Superdrop: They Grow Up So Fast - Non-Foil Edition — Nonfoil Edition,1
asset_master.csv,name,asset_name,Drop: Our Boss is on Vacation Superdrop: They Grow Up So Fast - Rainbow Foil Edition — Foil Edition,1
asset_master.csv,name,asset_name,Drop: Our Boss is on Vacation Superdrop: Tragic Romance - Non-Foil Edition — Nonfoil Edition,1
asset_master.csv,name,asset_name,Drop: Our Boss is on Vacation Superdrop: Tragic Romance - Rainbow Foil Edition — Foil Edition,1
asset_master.csv,name,asset_name,Drop: Our Boss is on Vacation Superdrop: Twisted Toons - Non-Foil Edition — Nonfoil Edition,1
asset_master.csv,name,asset_name,Drop: Our Boss is on Vacation Superdrop: Twisted Toons - Rainbow Foil Edition — Foil Edition,1
asset_master.csv,name,asset_name,Drop: Outlaw Anthology Vol. 1: Rebellious Renegades - Non-Foil Edition — Nonfoil Edition,1
asset_master.csv,name,asset_name,Drop: Outlaw Anthology Vol. 1: Rebellious Renegades - Rainbow Foil Edition — Foil Edition,1
asset_master.csv,name,asset_name,Drop: Outlaw Anthology Vol. 2: Sinister Scoundrels - Non-Foil Edition — Nonfoil Edition,1
asset_master.csv,name,asset_name,Drop: Outlaw Anthology Vol. 2: Sinister Scoundrels - Rainbow Foil Edition — Foil Edition,1
asset_master.csv,name,asset_name,Drop: Paradise Frost - Non-Foil Edition — Nonfoil Edition,1
asset_master.csv,name,asset_name,Drop: Paradise Frost - Rainbow Foil Edition — Foil Edition,1
asset_master.csv,name,asset_name,Drop: Phyrexian Faves - Non-Foil Edition — Nonfoil Edition,1
asset_master.csv,name,asset_name,Drop: Phyrexian Faves - Traditional Foil Edition — Foil Edition,1
asset_master.csv,name,asset_name,Drop: Phyrexian Praetors: Compleat Edition - Non-Foil Edition — Nonfoil Edition,1
asset_master.csv,name,asset_name,Drop: Phyrexian Praetors: Compleat Edition - Traditional Foil Edition — Foil Edition,1
asset_master.csv,name,asset_name,Drop: Pixel Perfect: Extra Life 2024 - Non-Foil Edition — Nonfoil Edition,1
asset_master.csv,name,asset_name,Drop: Pixel Perfect: Extra Life 2024 - Rainbow Foil Edition — Foil Edition,1
asset_master.csv,name,asset_name,Drop: PixelLands_v02.jpg - Non-Foil Edition — Nonfoil Edition,1
asset_master.csv,name,asset_name,Drop: PixelLands_v02.jpg - Traditional Foil Edition — Foil Edition,1
asset_master.csv,name,asset_name,Drop: PixelSnowLands.jpg - Foil Etched Edition — Foil Edition,1
asset_master.csv,name,asset_name,Drop: PixelSnowLands.jpg - Non-Foil Edition — Nonfoil Edition,1
asset_master.csv,name,asset_name,Drop: PixelSnowLands.jpg - Traditional Foil Edition — Foil Edition,1
asset_master.csv,name,asset_name,Drop: Places to Trick or Treat Foil Lands Bundle — Foil Edition,1
asset_master.csv,name,asset_name,Drop: Places to Trick or Treat Non-Foil Lands Bundle — Nonfoil Edition,1
asset_master.csv,name,asset_name,Drop: Poker Faces - Non-Foil Edition — Nonfoil Edition,1
asset_master.csv,name,asset_name,Drop: Poker Faces - Rainbow Foil Edition — Foil Edition,1
asset_master.csv,name,asset_name,Drop: Post Malone Bundle — Standard Edition,1
asset_master.csv,name,asset_name,Drop: Pride Across the Multiverse - Non-Foil Edition — Nonfoil Edition,1
asset_master.csv,name,asset_name,Drop: Pride Across the Multiverse - Traditional Foil Edition — Foil Edition,1
asset_master.csv,name,asset_name,Drop: Prime Slime - Non-Foil Edition — Nonfoil Edition,1
asset_master.csv,name,asset_name,Drop: Prints Charming - Non-Foil Edition — Nonfoil Edition,1
asset_master.csv,name,asset_name,Drop: Prints Charming - Traditional Foil Edition — Foil Edition,1
asset_master.csv,name,asset_name,Drop: Prints of Darkness - Non-Foil Edition — Nonfoil Edition,1
asset_master.csv,name,asset_name,Drop: Prints of Darkness - Rainbow Foil Edition — Foil Edition,1
asset_master.csv,name,asset_name,Drop: Prismatic Nightmares - Non-Foil Edition — Nonfoil Edition,1
asset_master.csv,name,asset_name,Drop: Prismatic Nightmares - Rainbow Foil Edition — Foil Edition,1
asset_master.csv,name,asset_name,Drop: Purr Majesty - Non-Foil Edition — Nonfoil Edition,1
asset_master.csv,name,asset_name,Drop: Purr Majesty - Traditional Foil Edition — Foil Edition,1
asset_master.csv,name,asset_name,Drop: Purrfection - Non-Foil Edition — Nonfoil Edition,1
asset_master.csv,name,asset_name,Drop: Purrfection - Traditional Foil Edition — Foil Edition,1
asset_master.csv,name,asset_name,Drop: Restless in Peace - Non-Foil Edition — Nonfoil Edition,1
asset_master.csv,name,asset_name,Drop: Return to Mystical Archive - Non-Foil Edition — Nonfoil Edition,1
asset_master.csv,name,asset_name,Drop: Return to Mystical Archive - Traditional Foil Edition — Foil Edition,1
asset_master.csv,name,asset_name,Drop: Roll for Initiative Superdrop: The All Dice Cast Bundle — Standard Edition,1
asset_master.csv,name,asset_name,Drop: Roll for Initiative Superdrop: The Bag of Holding Non-Foil Bundle — Nonfoil Edition,1
asset_master.csv,name,asset_name,Drop: Roll for Initiative Superdrop: The Chromatic Dragon’s Hoard Foil Bundle — Foil Edition,1
asset_master.csv,name,asset_name,Drop: Rule the Room - Non-Foil Edition — Nonfoil Edition,1
asset_master.csv,name,asset_name,Drop: Rule the Room - Traditional Foil Edition — Foil Edition,1
asset_master.csv,name,asset_name,Drop: Saturday Morning D&D - Non-Foil Edition — Nonfoil Edition,1
asset_master.csv,name,asset_name,Drop: Saturday Morning D&D - Traditional Foil Edition — Foil Edition,1
asset_master.csv,name,asset_name,Drop: Second Secretversary Bundle - Foil Edition — Foil Edition,1
asset_master.csv,name,asset_name,Drop: Second Secretversary Bundle - Non-Foil Edition — Nonfoil Edition,1
asset_master.csv,name,asset_name,Drop: Secret Lair Drop: Extra Life 2021 - Traditional Foil Edition — Foil Edition,1
asset_master.csv,name,asset_name,Drop: Secret Lair Drop: Extra Life 2021- Non-Foil Edition — Nonfoil Edition,1
asset_master.csv,name,asset_name,Drop: Secret Lair Promo x Avatar: The Last Air Bender - Path of Ancestry - Rainbow Foil Edition — Foil Edition,1
asset_master.csv,name,asset_name,Drop: Secret Lair Promo x Twisted Metal - Sol Ring - Rainbow Foil Edition — Foil Edition,1
asset_master.csv,name,asset_name,Drop: Secret Lair Promo: Cryptic Command - Rainbow Foil Edition — Foil Edition,1
asset_master.csv,name,asset_name,Drop: Secret Lair Promo: Deadeye Navigator - Rainbow Foil Edition — Foil Edition,1
asset_master.csv,name,asset_name,Drop: Secret Lair Promo: Seedborn Muse - Rainbow Foil Edition — Foil Edition,1
asset_master.csv,name,asset_name,Drop: Secret Lair Promo: Sol Ring - Rainbow Foil Edition — Foil Edition,1
asset_master.csv,name,asset_name,Drop: Secret Lair X MSCHF - Foil Edition — Foil Edition,1
asset_master.csv,name,asset_name,Drop: Secret Lair x Arcane - Non-Foil Edition — Nonfoil Edition,1
asset_master.csv,name,asset_name,Drop: Secret Lair x Arcane - Traditional Foil Edition — Foil Edition,1
asset_master.csv,name,asset_name,Drop: Secret Lair x Arcane: Lands - Non-Foil Edition — Nonfoil Edition,1
asset_master.csv,name,asset_name,Drop: Secret Lair x Arcane: Lands - Traditional Foil Edition — Foil Edition,1
asset_master.csv,name,asset_name,Drop: Secret Lair x Assassin's Creed: Da Vinci's Designs - Non-Foil Edition — Nonfoil Edition,1
asset_master.csv,name,asset_name,Drop: Secret Lair x Assassin's Creed: Da Vinci's Designs - Rainbow Foil Edition — Foil Edition,1
asset_master.csv,name,asset_name,Drop: Secret Lair x Assassin's Creed: Lethal Legends - Non-Foil Edition — Nonfoil Edition,1
asset_master.csv,name,asset_name,Drop: Secret Lair x Assassin's Creed: Lethal Legends - Rainbow Foil Edition — Foil Edition,1
asset_master.csv,name,asset_name,Drop: Secret Lair x Brain Dead: Creatures - Non-Foil Edition — Nonfoil Edition,1
asset_master.csv,name,asset_name,Drop: Secret Lair x Brain Dead: Creatures - Rainbow Foil Edition — Foil Edition,1
asset_master.csv,name,asset_name,Drop: Secret Lair x Brain Dead: Lands - Non-Foil Edition — Nonfoil Edition,1
asset_master.csv,name,asset_name,Drop: Secret Lair x Brain Dead: Lands - Rainbow Foil Edition — Foil Edition,1
asset_master.csv,name,asset_name,Drop: Secret Lair x Brain Dead: New Earth Mentality - Non-Foil Edition — Nonfoil Edition,1
asset_master.csv,name,asset_name,Drop: Secret Lair x Brain Dead: New Earth Mentality - Traditional Foil Edition — Foil Edition,1
asset_master.csv,name,asset_name,Drop: Secret Lair x Brain Dead: Staples - Non-Foil Edition — Nonfoil Edition,1
asset_master.csv,name,asset_name,Drop: Secret Lair x Brain Dead: Staples - Rainbow Foil Edition — Foil Edition,1
asset_master.csv,name,asset_name,Drop: Secret Lair x Chucky - Non-Foil Edition — Nonfoil Edition,1
asset_master.csv,name,asset_name,Drop: Secret Lair x Chucky - Traditional Foil Edition — Foil Edition,1
asset_master.csv,name,asset_name,Drop: Secret Lair x Creepshow - Non-Foil Edition — Nonfoil Edition,1
asset_master.csv,name,asset_name,Drop: Secret Lair x Creepshow - Traditional Foil Edition — Foil Edition,1
asset_master.csv,name,asset_name,Drop: Secret Lair x Doctor Who: Regeneration - Non-Foil Edition — Nonfoil Edition,1
asset_master.csv,name,asset_name,Drop: Secret Lair x Doctor Who: Regeneration - Traditional Foil Edition — Foil Edition,1
asset_master.csv,name,asset_name,Drop: Secret Lair x Doctor Who: The Dalek Lands - Non-Foil Edition — Nonfoil Edition,1
asset_master.csv,name,asset_name,Drop: Secret Lair x Doctor Who: The Dalek Lands - Traditional Foil Edition — Foil Edition,1
asset_master.csv,name,asset_name,Drop: Secret Lair x Doctor Who: The Weeping Angels - Non-Foil Edition — Nonfoil Edition,1
asset_master.csv,name,asset_name,Drop: Secret Lair x Doctor Who: The Weeping Angels - Traditional Foil Edition — Foil Edition,1
asset_master.csv,name,asset_name,Drop: Secret Lair x Dungeons & Dragons: An Exhibition of Adventure - Non-Foil Edition — Nonfoil Edition,1
asset_master.csv,name,asset_name,Drop: Secret Lair x Dungeons & Dragons: An Exhibition of Adventure - Rainbow Foil Edition — Foil Edition,1
asset_master.csv,name,asset_name,Drop: Secret Lair x Dungeons & Dragons: Astarion's Thirst - Non-Foil Edition — Nonfoil Edition,1
asset_master.csv,name,asset_name,Drop: Secret Lair x Dungeons & Dragons: Astarion's Thirst - Rainbow Foil Edition — Foil Edition,1
asset_master.csv,name,asset_name,Drop: Secret Lair x Dungeons & Dragons: Black Lights & Dark Dungeons - Non-Foil Edition — Nonfoil Edition,1
asset_master.csv,name,asset_name,Drop: Secret Lair x Dungeons & Dragons: Black Lights & Dark Dungeons - Traditional Foil Edition — Foil Edition,1
asset_master.csv,name,asset_name,Drop: Secret Lair x Dungeons & Dragons: Death is in the Eyes of the Beholder I - Non-Foil Edition — Nonfoil Edition,1
asset_master.csv,name,asset_name,Drop: Secret Lair x Dungeons & Dragons: Death is in the Eyes of the Beholder I - Rainbow Foil Edition — Foil Edition,1
asset_master.csv,name,asset_name,Drop: Secret Lair x Dungeons & Dragons: Death is in the Eyes of the Beholder II - Non-Foil Edition — Nonfoil Edition,1
asset_master.csv,name,asset_name,Drop: Secret Lair x Dungeons & Dragons: Death is in the Eyes of the Beholder II - Rainbow Foil Edition — Foil Edition,1
asset_master.csv,name,asset_name,Drop: Secret Lair x Dungeons & Dragons: Gale’s Ambition - Foil Edition — Foil Edition,1
asset_master.csv,name,asset_name,Drop: Secret Lair x Dungeons & Dragons: Gale’s Ambition - Non-Foil Edition — Nonfoil Edition,1
asset_master.csv,name,asset_name,Drop: Secret Lair x Dungeons & Dragons: Honor Among Thieves - Non-Foil Edition — Nonfoil Edition,1
asset_master.csv,name,asset_name,Drop: Secret Lair x Dungeons & Dragons: Honor Among Thieves - Traditional Foil Edition — Foil Edition,1
asset_master.csv,name,asset_name,Drop: Secret Lair x Dungeons & Dragons: Karlach's Rage - Non-Foil Edition — Nonfoil Edition,1
asset_master.csv,name,asset_name,Drop: Secret Lair x Dungeons & Dragons: Karlach's Rage - Rainbow Foil Edition — Foil Edition,1
asset_master.csv,name,asset_name,Drop: Secret Lair x Dungeons & Dragons: Lands of the Forgotten Realms - Non-Foil Edition — Nonfoil Edition,1
asset_master.csv,name,asset_name,Drop: Secret Lair x Dungeons & Dragons: Lands of the Forgotten Realms - Traditional Foil Edition — Foil Edition,1
asset_master.csv,name,asset_name,Drop: Secret Lair x Dungeons & Dragons: Shadowheart’s Devotion - Non-Foil Edition — Nonfoil Edition,1
asset_master.csv,name,asset_name,Drop: Secret Lair x Dungeons & Dragons: Shadowheart’s Devotion - Traditional Foil Edition — Foil Edition,1
asset_master.csv,name,asset_name,Drop: Secret Lair x Dungeons & Dragons: Shadows Over Baldur’s Gate - Non-Foil Edition — Nonfoil Edition,1
asset_master.csv,name,asset_name,Drop: Secret Lair x Dungeons & Dragons: Shadows Over Baldur’s Gate - Traditional Foil Edition — Foil Edition,1
asset_master.csv,name,asset_name,Drop: Secret Lair x Dungeons & Dragons: Strahd’s Descent - Foil Edition — Foil Edition,1
asset_master.csv,name,asset_name,Drop: Secret Lair x Dungeons & Dragons: Strahd’s Descent - Non-Foil Edition — Nonfoil Edition,1
asset_master.csv,name,asset_name,Drop: Secret Lair x Dungeons & Dragons: Whispers in Candlekeep - Foil Edition — Foil Edition,1
asset_master.csv,name,asset_name,Drop: Secret Lair x Dungeons & Dragons: Whispers in Candlekeep - Non-Foil Edition — Nonfoil Edition,1
asset_master.csv,name,asset_name,Drop: Secret Lair x Dwarf Fortress: Create New World - Non-Foil Edition — Nonfoil Edition,1
asset_master.csv,name,asset_name,Drop: Secret Lair x Dwarf Fortress: Create New World - Traditional Foil Edition — Foil Edition,1
asset_master.csv,name,asset_name,Drop: Secret Lair x Fallout: Beyond Vault 33 - Non-Foil Edition — Nonfoil Edition,1
asset_master.csv,name,asset_name,Drop: Secret Lair x Fallout: Beyond Vault 33 - Traditional Foil Edition — Foil Edition,1
asset_master.csv,name,asset_name,Drop: Secret Lair x Fallout: Greet the Dog - Non-Foil Edition — Nonfoil Edition,1
asset_master.csv,name,asset_name,Drop: Secret Lair x Fallout: Greet the Dog - Traditional Foil Edition — Foil Edition,1
asset_master.csv,name,asset_name,Drop: Secret Lair x Fallout: Points of Interest - Non-Foil Edition — Nonfoil Edition,1
asset_master.csv,name,asset_name,Drop: Secret Lair x Fallout: Points of Interest - Rainbow Foil Edition — Foil Edition,1
asset_master.csv,name,asset_name,Drop: Secret Lair x Fallout: Promo - Silver Shroud Costume - Traditional Foil Edition — Foil Edition,1
asset_master.csv,name,asset_name,Drop: Secret Lair x Fallout: Rad - Non-Foil Edition — Nonfoil Edition,1
asset_master.csv,name,asset_name,Drop: Secret Lair x Fallout: Rad - Traditional Foil Edition — Foil Edition,1
asset_master.csv,name,asset_name,Drop: Secret Lair x Fallout: S.P.E.C.I.A.L. - Non-Foil Edition — Nonfoil Edition,1
asset_master.csv,name,asset_name,Drop: Secret Lair x Fallout: S.P.E.C.I.A.L. - Rainbow Foil Edition — Foil Edition,1
asset_master.csv,name,asset_name,Drop: Secret Lair x Fallout: Vault Boy - Non-Foil Edition — Nonfoil Edition,1
asset_master.csv,name,asset_name,Drop: Secret Lair x Fallout: Vault Boy - Rainbow Foil Edition — Foil Edition,1
asset_master.csv,name,asset_name,Drop: Secret Lair x Fallout: Welcome to New Vegas - Non-Foil Edition — Nonfoil Edition,1
asset_master.csv,name,asset_name,Drop: Secret Lair x Fallout: Welcome to New Vegas - Traditional Foil Edition — Foil Edition,1
asset_master.csv,name,asset_name,Drop: Secret Lair x Felix the Cat: Magic Bag of Tricks - Non-Foil Edition — Nonfoil Edition,1
asset_master.csv,name,asset_name,Drop: Secret Lair x Felix the Cat: Magic Bag of Tricks - Traditional Foil Edition — Foil Edition,1
asset_master.csv,name,asset_name,Drop: Secret Lair x Fortnite - Non-Foil Edition — Nonfoil Edition,1
asset_master.csv,name,asset_name,Drop: Secret Lair x Fortnite - Traditional Foil Edition — Foil Edition,1
asset_master.csv,name,asset_name,Drop: Secret Lair x Fortnite: Landmarks and Locations - Non-Foil Edition — Nonfoil Edition,1
asset_master.csv,name,asset_name,Drop: Secret Lair x Fortnite: Landmarks and Locations - Traditional Foil Edition — Foil Edition,1
asset_master.csv,name,asset_name,Drop: Secret Lair x Garfield: As Intended - Non-Foil Edition — Nonfoil Edition,1
asset_master.csv,name,asset_name,Drop: Secret Lair x Garfield: As Intended - Traditional Foil Edition — Foil Edition,1
asset_master.csv,name,asset_name,Drop: Secret Lair x Garfield: Motivationally Challenged - Non-Foil Edition — Nonfoil Edition,1
asset_master.csv,name,asset_name,Drop: Secret Lair x Garfield: Motivationally Challenged - Traditional Foil Edition — Foil Edition,1
asset_master.csv,name,asset_name,Drop: Secret Lair x Garfield: Our Only Thought Is To Entertain You - Non-Foil Edition — Nonfoil Edition,1
asset_master.csv,name,asset_name,Drop: Secret Lair x Garfield: Our Only Thought Is To Entertain You - Traditional Foil Edition — Foil Edition,1
asset_master.csv,name,asset_name,Drop: Secret Lair x Ghostbusters: Slimer - Non-Foil Edition — Nonfoil Edition,1
asset_master.csv,name,asset_name,Drop: Secret Lair x Ghostbusters: Slimer - Rainbow Foil Edition — Foil Edition,1
asset_master.csv,name,asset_name,Drop: Secret Lair x Ghostbusters: The Real Ghostbusters - Non-Foil Edition — Nonfoil Edition,1
asset_master.csv,name,asset_name,Drop: Secret Lair x Ghostbusters: The Real Ghostbusters - Rainbow Foil Edition — Foil Edition,1
asset_master.csv,name,asset_name,Drop: Secret Lair x Hatsune Miku: Digital Sensation EN - Non-Foil Edition — Nonfoil Edition,1
asset_master.csv,name,asset_name,Drop: Secret Lair x Hatsune Miku: Digital Sensation EN - Rainbow Foil Edition — Foil Edition,1
asset_master.csv,name,asset_name,Drop: Secret Lair x Hatsune Miku: Electric Entourage EN - Non-Foil Edition — Nonfoil Edition,1
asset_master.csv,name,asset_name,Drop: Secret Lair x Hatsune Miku: Electric Entourage EN - Rainbow Foil Edition — Foil Edition,1
asset_master.csv,name,asset_name,Drop: Secret Lair x Hatsune Miku: Sakura Superstar EN - Non-Foil Edition — Nonfoil Edition,1
asset_master.csv,name,asset_name,Drop: Secret Lair x Hatsune Miku: Sakura Superstar EN - Rainbow Foil Edition — Foil Edition,1
asset_master.csv,name,asset_name,Drop: Secret Lair x Hatsune Miku: Winter Diva EN - Non-Foil Edition — Nonfoil Edition,1
asset_master.csv,name,asset_name,Drop: Secret Lair x Hatsune Miku: Winter Diva EN - Rainbow Foil Edition — Foil Edition,1
asset_master.csv,name,asset_name,Drop: Secret Lair x Jurassic World: Dr. Ian Malcolm - Non-Foil Edition — Nonfoil Edition,1
asset_master.csv,name,asset_name,Drop: Secret Lair x Jurassic World: Dr. Ian Malcolm - Rainbow Foil Edition — Foil Edition,1
asset_master.csv,name,asset_name,Drop: Secret Lair x Jurassic World: Life Breaks Free - Non-Foil Edition — Nonfoil Edition,1
asset_master.csv,name,asset_name,Drop: Secret Lair x Jurassic World: Life Breaks Free - Rainbow Foil Edition — Foil Edition,1
asset_master.csv,name,asset_name,Drop: Secret Lair x Marvel's Black Panther - Non-Foil Edition — Nonfoil Edition,1
asset_master.csv,name,asset_name,Drop: Secret Lair x Marvel's Black Panther - Rainbow Foil Edition — Foil Edition,1
asset_master.csv,name,asset_name,Drop: Secret Lair x Marvel's Captain America - Non-Foil Edition — Nonfoil Edition,1
asset_master.csv,name,asset_name,Drop: Secret Lair x Marvel's Captain America - Rainbow Foil Edition — Foil Edition,1
asset_master.csv,name,asset_name,Drop: Secret Lair x Marvel's Deadpool - Non-Foil Edition — Nonfoil Edition,1
asset_master.csv,name,asset_name,Drop: Secret Lair x Marvel's Deadpool - Rainbow Foil Edition — Foil Edition,1
asset_master.csv,name,asset_name,Drop: Secret Lair x Marvel's Deadpool: FINAL_final_REALLYfinal_v7_USETHISONE(2)_Everything Bundle — Standard Edition,1
asset_master.csv,name,asset_name,Drop: Secret Lair x Marvel's Deadpool: I Fixed It (You're Welcome) - Non-Foil Edition — Nonfoil Edition,1
asset_master.csv,name,asset_name,Drop: Secret Lair x Marvel's Deadpool: I Fixed It (You're Welcome) - Pool Party Foil Edition — Foil Edition,1
asset_master.csv,name,asset_name,Drop: Secret Lair x Marvel's Deadpool: I Fixed It (You're Welcome) - Traditional Foil Edition — Foil Edition,1
asset_master.csv,name,asset_name,Drop: Secret Lair x Marvel's Iron Man - Non-Foil Edition — Nonfoil Edition,1
asset_master.csv,name,asset_name,Drop: Secret Lair x Marvel's Iron Man - Rainbow Foil Edition — Foil Edition,1
asset_master.csv,name,asset_name,Drop: Secret Lair x Marvel's Spider-Man: Daily Bugle Breaking News - Non-Foil Edition — Nonfoil Edition,1
asset_master.csv,name,asset_name,Drop: Secret Lair x Marvel's Spider-Man: Daily Bugle Breaking News - Rainbow Foil Edition — Foil Edition,1
asset_master.csv,name,asset_name,Drop: Secret Lair x Marvel's Spider-Man: Heroic Deeds - Non-Foil Edition — Nonfoil Edition,1
asset_master.csv,name,asset_name,Drop: Secret Lair x Marvel's Spider-Man: Heroic Deeds - Rainbow Foil Edition — Foil Edition,1
asset_master.csv,name,asset_name,Drop: Secret Lair x Marvel's Spider-Man: Mana Symbiote - Raised Foil Edition — Foil Edition,1
asset_master.csv,name,asset_name,Drop: Secret Lair x Marvel's Spider-Man: The Amazing Everything Bundle — Standard Edition,1
asset_master.csv,name,asset_name,Drop: Secret Lair x Marvel's Spider-Man: The Foil Web-Slinger Bundle — Foil Edition,1
asset_master.csv,name,asset_name,Drop: Secret Lair x Marvel's Spider-Man: The Non-Foil Web-Slinger Bundle — Nonfoil Edition,1
asset_master.csv,name,asset_name,Drop: Secret Lair x Marvel's Spider-Man: Venom Unleashed (Colors) - Non-Foil Edition — Nonfoil Edition,1
asset_master.csv,name,asset_name,Drop: Secret Lair x Marvel's Spider-Man: Venom Unleashed (Colors) - Rainbow Foil Edition — Foil Edition,1
asset_master.csv,name,asset_name,Drop: Secret Lair x Marvel's Spider-Man: Venom Unleashed (Inks) - Non-Foil Edition — Nonfoil Edition,1
asset_master.csv,name,asset_name,Drop: Secret Lair x Marvel's Spider-Man: Venom Unleashed (Inks) - Rainbow Foil Edition — Foil Edition,1
asset_master.csv,name,asset_name,Drop: Secret Lair x Marvel's Spider-Man: Villainous Plots - Non-Foil Edition — Nonfoil Edition,1
asset_master.csv,name,asset_name,Drop: Secret Lair x Marvel's Spider-Man: Villainous Plots - Rainbow Foil Edition — Foil Edition,1
asset_master.csv,name,asset_name,Drop: Secret Lair x Marvel's Storm - Non-Foil Edition — Nonfoil Edition,1
asset_master.csv,name,asset_name,Drop: Secret Lair x Marvel's Storm - Rainbow Foil Edition — Foil Edition,1
asset_master.csv,name,asset_name,Drop: Secret Lair x Marvel's Wolverine - Non-Foil Edition — Nonfoil Edition,1
asset_master.csv,name,asset_name,Drop: Secret Lair x Marvel's Wolverine - Rainbow Foil Edition — Foil Edition,1
asset_master.csv,name,asset_name,Drop: Secret Lair x Marvel: Spinner Rack Specials - Non-Foil Edition — Nonfoil Edition,1
asset_master.csv,name,asset_name,Drop: Secret Lair x Marvel: Spinner Rack Specials - Traditional Foil Edition — Foil Edition,1
asset_master.csv,name,asset_name,Drop: Secret Lair x Monty Python: Monty Python and the Holy Grail: Vol. 1 - Non-Foil Edition — Nonfoil Edition,1
asset_master.csv,name,asset_name,Drop: Secret Lair x Monty Python: Monty Python and the Holy Grail: Vol. 1 - Traditional Foil Edition — Foil Edition,1
asset_master.csv,name,asset_name,Drop: Secret Lair x Monty Python: Monty Python and the Holy Grail: Vol. 2 - Non-Foil Edition — Nonfoil Edition,1
asset_master.csv,name,asset_name,Drop: Secret Lair x Monty Python: Monty Python and the Holy Grail: Vol. 2 - Traditional Foil Edition — Foil Edition,1
asset_master.csv,name,asset_name,Drop: Secret Lair x My Little Pony: Friendship is Magic - Non-Foil Edition — Nonfoil Edition,1
asset_master.csv,name,asset_name,Drop: Secret Lair x My Little Pony: Friendship is Magic - Traditional Foil Edition — Foil Edition,1
asset_master.csv,name,asset_name,Drop: Secret Lair x My Little Pony: The Lands of Equestria - Non-Foil Edition — Nonfoil Edition,1
asset_master.csv,name,asset_name,Drop: Secret Lair x My Little Pony: The Lands of Equestria - Traditional Foil Edition — Foil Edition,1
asset_master.csv,name,asset_name,Drop: Secret Lair x Stranger Things - Non-Foil Edition — Nonfoil Edition,1
asset_master.csv,name,asset_name,Drop: Secret Lair x Stranger Things - Traditional Foil Edition — Foil Edition,1
asset_master.csv,name,asset_name,Drop: Secret Lair x Teenage Mutant Ninja Turtles: The Last Ronin - Non-Foil Edition — Nonfoil Edition,1
asset_master.csv,name,asset_name,Drop: Secret Lair x Teenage Mutant Ninja Turtles: The Last Ronin - Traditional Foil Edition — Foil Edition,1
asset_master.csv,name,asset_name,Drop: Secret Lair x Teenage Mutant Ninja Turtles: The Mighty Mutanimals - Non-Foil Edition — Nonfoil Edition,1
asset_master.csv,name,asset_name,Drop: Secret Lair x Teenage Mutant Ninja Turtles: The Mighty Mutanimals - Traditional Foil Edition — Foil Edition,1
asset_master.csv,name,asset_name,Drop: Secret Lair x Teenage Mutant Ninja Turtles: VHS Villains - Non-Foil Edition — Nonfoil Edition,1
asset_master.csv,name,asset_name,Drop: Secret Lair x Teenage Mutant Ninja Turtles: VHS Villains - Traditional Foil Edition — Foil Edition,1
asset_master.csv,name,asset_name,Drop: Secret Lair x The Evil Dead - Non-Foil Edition — Nonfoil Edition,1
asset_master.csv,name,asset_name,Drop: Secret Lair x The Evil Dead - Traditional Foil Edition — Foil Edition,1
asset_master.csv,name,asset_name,Drop: Secret Lair x The Princess Bride - Non-Foil Edition — Nonfoil Edition,1
asset_master.csv,name,asset_name,Drop: Secret Lair x The Princess Bride - Traditional Foil Edition — Foil Edition,1
asset_master.csv,name,asset_name,Drop: Secret Lair x Tomb Raider - Non-Foil Edition — Nonfoil Edition,1
asset_master.csv,name,asset_name,Drop: Secret Lair x Tomb Raider - Traditional Foil Edition — Foil Edition,1
asset_master.csv,name,asset_name,Drop: Secret Scare Superdrop: Eddie's Metal As Hell All Foil Bundle — Foil Edition,1
asset_master.csv,name,asset_name,Drop: Secret Scare Superdrop: The Ay-loh Tee-wee-lah Confetti Foil Bundle — Foil Edition,1
asset_master.csv,name,asset_name,Drop: Secret Scare Superdrop: The Gonna Need a Bigger Boat Everything Bundle — Standard Edition,1
asset_master.csv,name,asset_name,Drop: Secret Scare Superdrop: The Scranton Strangler Non-Foil Bundle — Nonfoil Edition,1
asset_master.csv,name,asset_name,Drop: Secretversary Superdrop - A Box of Rocks - Non-Foil Edition — Nonfoil Edition,1
asset_master.csv,name,asset_name,Drop: Secretversary Superdrop - A Box of Rocks - Traditional Foil Edition — Foil Edition,1
asset_master.csv,name,asset_name,Drop: Secretversary Superdrop - Artist Series: Seb McKinnon - Non-Foil Edition — Nonfoil Edition,1
asset_master.csv,name,asset_name,Drop: Secretversary Superdrop - Artist Series: Seb McKinnon - Traditional Foil Edition — Foil Edition,1
asset_master.csv,name,asset_name,Drop: Secretversary Superdrop - Foils Forever Bundle — Foil Edition,1
asset_master.csv,name,asset_name,Drop: Secretversary Superdrop - Happy Little Gathering - Non-Foil Edition — Nonfoil Edition,1
asset_master.csv,name,asset_name,Drop: Secretversary Superdrop - Happy Little Gathering Foil Edition - Traditional Foil Edition — Foil Edition,1
asset_master.csv,name,asset_name,"Drop: Secretversary Superdrop - No Foils, No Nonsense Bundle — Foil Edition",1
asset_master.csv,name,asset_name,"Drop: Secretversary Superdrop - Party Hard, Shred Harder - Non-Foil Edition — Nonfoil Edition",1
asset_master.csv,name,asset_name,Drop: Secretversary Superdrop - The Bundle Bundle — Standard Edition,1
asset_master.csv,name,asset_name,Drop: Secretversary Superdrop - We Hope You Like Squirrels - Traditional Foil Edition — Foil Edition,1
asset_master.csv,name,asset_name,Drop: Secretversary Superdrop 2023: Goodie Bag Loaded with Everything Bundle — Standard Edition,1
asset_master.csv,name,asset_name,Drop: Secretversary Superdrop 2023: Goodie Bag Loaded with Foils Bundle — Foil Edition,1
asset_master.csv,name,asset_name,Drop: Secretversary Superdrop 2023: Goodie Bag Loaded with Non-Foils Bundle — Nonfoil Edition,1
asset_master.csv,name,asset_name,Drop: Secretversary Superdrop 2023: Holiday Gift Bag Bundle - Foil Edition — Foil Edition,1
asset_master.csv,name,asset_name,Drop: Secretversary Superdrop 2023: Holiday Gift Bag Bundle - Non-Foil Edition — Nonfoil Edition,1
asset_master.csv,name,asset_name,Drop: Secretversary Superdrop 2023: Jungle Bundle - Foil Edition — Foil Edition,1
asset_master.csv,name,asset_name,Drop: Secretversary Superdrop 2023: Jungle Bundle - Non-Foil Edition — Nonfoil Edition,1
asset_master.csv,name,asset_name,Drop: Secretversary Superdrop 2023: Lara Croft's Adventuring Bundle - Foil Edition — Foil Edition,1
asset_master.csv,name,asset_name,Drop: Secretversary Superdrop 2023: Lara Croft's Adventuring Bundle - Non-Foil Edition — Nonfoil Edition,1
asset_master.csv,name,asset_name,Drop: Secretversary Superdrop 2023: Welcome to Jurassic World Bundle — Standard Edition,1
asset_master.csv,name,asset_name,Drop: Seeing Visions - Traditional Foil Version — Foil Edition,1
asset_master.csv,name,asset_name,Drop: Seven In Heaven Bundle — Standard Edition,1
asset_master.csv,name,asset_name,Drop: Sheldon's Spellbook - Non-Foil Edition — Nonfoil Edition,1
asset_master.csv,name,asset_name,Drop: Sheldon's Spellbook - Rainbow Foil Edition — Foil Edition,1
asset_master.csv,name,asset_name,Drop: Showcase: All Will Be One - Step-and-Compleat Foil Edition — Foil Edition,1
asset_master.csv,name,asset_name,Drop: Showcase: Bloomburrow - Non-Foil Edition — Nonfoil Edition,1
asset_master.csv,name,asset_name,Drop: Showcase: Bloomburrow - Rainbow Foil Edition — Foil Edition,1
asset_master.csv,name,asset_name,Drop: Showcase: Dominaria United - Textured Foil Edition — Foil Edition,1
asset_master.csv,name,asset_name,Drop: Showcase: Duskmourn - Non-Foil Edition — Nonfoil Edition,1
asset_master.csv,name,asset_name,Drop: Showcase: Duskmourn - Rainbow Foil Edition — Foil Edition,1
asset_master.csv,name,asset_name,Drop: Showcase: Kaldheim - Part 1 - Non-Foil Edition — Nonfoil Edition,1
asset_master.csv,name,asset_name,Drop: Showcase: Kaldheim - Part 1 - Traditional Foil Edition — Foil Edition,1
asset_master.csv,name,asset_name,Drop: Showcase: Kaldheim - Part 2 - Non-Foil Edition — Nonfoil Edition,1
asset_master.csv,name,asset_name,Drop: Showcase: Kaldheim - Part 2 - Traditional Foil Edition — Foil Edition,1
asset_master.csv,name,asset_name,Drop: Showcase: March of the Machine Vol. 1 - Halo Foil Edition — Foil Edition,1
asset_master.csv,name,asset_name,Drop: Showcase: March of the Machine Vol. 2 - Halo Foil Edition — Foil Edition,1
asset_master.csv,name,asset_name,Drop: Showcase: March of the Machine Vol. 3 - Halo Foil Edition — Foil Edition,1
asset_master.csv,name,asset_name,Drop: Showcase: Midnight Hunt - Non-Foil Edition — Nonfoil Edition,1
asset_master.csv,name,asset_name,Drop: Showcase: Midnight Hunt - Traditional Foil Edition — Foil Edition,1
asset_master.csv,name,asset_name,Drop: Showcase: Monster Anatomy 101 - Foil Etched Edition — Foil Edition,1
asset_master.csv,name,asset_name,Drop: Showcase: Monster Anatomy 101 - Non-Foil Edition — Nonfoil Edition,1
asset_master.csv,name,asset_name,Drop: Showcase: Murders at Karlov Manor - Non-Foil Edition — Nonfoil Edition,1
asset_master.csv,name,asset_name,Drop: Showcase: Murders at Karlov Manor - Rainbow Foil Edition — Foil Edition,1
asset_master.csv,name,asset_name,Drop: Showcase: Outlaws of Thunder Junction - Non-Foil Edition — Nonfoil Edition,1
asset_master.csv,name,asset_name,Drop: Showcase: Outlaws of Thunder Junction - Traditional Foil Edition — Foil Edition,1
asset_master.csv,name,asset_name,Drop: Showcase: Read The Fine Print - Foil Etched Edition — Foil Edition,1
asset_master.csv,name,asset_name,Drop: Showcase: Read The Fine Print - Non-Foil Edition — Nonfoil Edition,1
asset_master.csv,name,asset_name,Drop: Showcase: Read The Fine Print - Traditional Foil Edition — Foil Edition,1
asset_master.csv,name,asset_name,Drop: Showcase: Streets of New Capenna - Gilded Foil Edition — Foil Edition,1
asset_master.csv,name,asset_name,Drop: Showcase: The Lost Caverns of Ixalan - Non-Foil Edition — Nonfoil Edition,1
asset_master.csv,name,asset_name,Drop: Showcase: The Lost Caverns of Ixalan - Rainbow Foil Edition — Foil Edition,1
asset_master.csv,name,asset_name,Drop: Showcase: Thrilling Tales of the Undead - Non-Foil Edition — Nonfoil Edition,1
asset_master.csv,name,asset_name,Drop: Showcase: Thrilling Tales of the Undead - Traditional Foil Edition — Foil Edition,1
asset_master.csv,name,asset_name,Drop: Showcase: Zendikar Revisited - Non-Foil Edition — Nonfoil Edition,1
asset_master.csv,name,asset_name,Drop: Showcase: Zendikar Revisited - Traditional Foil Edition — Foil Edition,1
asset_master.csv,name,asset_name,Drop: Shredding A Wave of Everything Bundle — Standard Edition,1
asset_master.csv,name,asset_name,Drop: Smitten Superdrop: All-Our-Love Bundle — Standard Edition,1
asset_master.csv,name,asset_name,Drop: Special Guest: Fiona Staples - Non-Foil Edition — Nonfoil Edition,1
asset_master.csv,name,asset_name,Drop: Special Guest: Fiona Staples - Traditional Foil Edition — Foil Edition,1
asset_master.csv,name,asset_name,Drop: Special Guest: Jen Bartel - Non-Foil Edition — Nonfoil Edition,1
asset_master.csv,name,asset_name,Drop: Special Guest: Jen Bartel - Traditional Foil Edition — Foil Edition,1
asset_master.csv,name,asset_name,Drop: Special Guest: Junji Ito (English) - Foil Etched Edition — Foil Edition,1
asset_master.csv,name,asset_name,Drop: Special Guest: Junji Ito (English) - Non-Foil Edition — Nonfoil Edition,1
asset_master.csv,name,asset_name,Drop: Special Guest: Kelogsloops - Non-Foil Edition — Nonfoil Edition,1
asset_master.csv,name,asset_name,Drop: Special Guest: Kelogsloops - Traditional Foil Edition — Foil Edition,1
asset_master.csv,name,asset_name,Drop: Special Guest: Kozyndan: Another Story - Non-Foil Edition — Nonfoil Edition,1
asset_master.csv,name,asset_name,Drop: Special Guest: Kozyndan: Another Story - Traditional Foil Edition — Foil Edition,1
asset_master.csv,name,asset_name,Drop: Special Guest: Kozyndan: The Lands - Non-Foil Edition — Nonfoil Edition,1
asset_master.csv,name,asset_name,Drop: Special Guest: Kozyndan: The Lands - Traditional Foil Edition — Foil Edition,1
asset_master.csv,name,asset_name,Drop: Special Guest: Matt Jukes - Non-Foil Edition — Nonfoil Edition,1
asset_master.csv,name,asset_name,Drop: Special Guest: Matt Jukes - Traditional Foil Edition — Foil Edition,1
asset_master.csv,name,asset_name,Drop: Special Guest: Yoji Shinkawa (English) - Non-Foil Edition — Nonfoil Edition,1
asset_master.csv,name,asset_name,Drop: Special Guest: Yoji Shinkawa (English) - Traditional Foil Edition — Foil Edition,1
asset_master.csv,name,asset_name,Drop: Spring Superdrop 2024: All The Foils Are Blooming Bundle — Foil Edition,1
asset_master.csv,name,asset_name,Drop: Spring Superdrop 2024: All The Non-Foils Are Blooming Bundle — Nonfoil Edition,1
asset_master.csv,name,asset_name,Drop: Spring Superdrop 2024: Everything is Blooming Bundle — Standard Edition,1
asset_master.csv,name,asset_name,Drop: Spring Superdrop 2024: Hatsune Miku: Sakura Superstar Bundle — Standard Edition,1
asset_master.csv,name,asset_name,Drop: Spring Superdrop 2024: Outlaws of Thunder Junction Bundle - Foil Edition — Foil Edition,1
asset_master.csv,name,asset_name,Drop: Spring Superdrop 2024: Outlaws of Thunder Junction Bundle - Non-Foil Edition — Nonfoil Edition,1
asset_master.csv,name,asset_name,Drop: Spring Superdrop 2024: Spring Into Action Bundle - Foil Edition — Foil Edition,1
asset_master.csv,name,asset_name,Drop: Spring Superdrop 2024: Spring Into Action Bundle - Non-Foil Edition — Nonfoil Edition,1
asset_master.csv,name,asset_name,Drop: Ssssssnakessssss - Non-Foil Edition — Nonfoil Edition,1
asset_master.csv,name,asset_name,Drop: Ssssssnakessssss - Traditional Foil Edition — Foil Edition,1
asset_master.csv,name,asset_name,Drop: Summer Superdrop - Can You Feel with a Heart of Steel? - Traditional Foil Edition — Foil Edition,1
asset_master.csv,name,asset_name,"Drop: Summer Superdrop - Mountain, Go - Traditional Foil Edition — Foil Edition",1
asset_master.csv,name,asset_name,Drop: Summer Superdrop - Ornithological Studies - Non-Foil Edition — Nonfoil Edition,1
asset_master.csv,name,asset_name,Drop: Summer Superdrop - The Path Not Traveled - Traditional Foil Edition — Foil Edition,1
asset_master.csv,name,asset_name,Drop: Summer Superdrop 2024: Hatsune Miku: Digital Sensation Bundle — Standard Edition,1
asset_master.csv,name,asset_name,Drop: Summer Superdrop 2024: Showstopper Bundle - Foil Edition — Foil Edition,1
asset_master.csv,name,asset_name,Drop: Summer Superdrop 2024: Showstopper Bundle - Non-Foil Edition — Nonfoil Edition,1
asset_master.csv,name,asset_name,Drop: Summer Superdrop 2024: The Stage with Everything Bundle — Standard Edition,1
asset_master.csv,name,asset_name,Drop: Summer Superdrop 2024: The Stage with Foils Bundle — Foil Edition,1
asset_master.csv,name,asset_name,Drop: Summer Superdrop 2024: The Stage with Non-Foils Bundle — Nonfoil Edition,1
asset_master.csv,name,asset_name,Drop: Summer Superdrop 2024: Virtuoso Bundle - Foil Edition — Foil Edition,1
asset_master.csv,name,asset_name,Drop: Summer Superdrop 2024: Virtuoso Bundle - Non-Foil Edition — Nonfoil Edition,1
asset_master.csv,name,asset_name,Drop: Summer Superdrop 2025 - Artist Series: Phil Foglio (Non-Foil Edition) — Nonfoil Edition,1
asset_master.csv,name,asset_name,Drop: Summer Superdrop 2025 - Artist Series: Phil Foglio (Rainbow Foil Edition) — Foil Edition,1
asset_master.csv,name,asset_name,Drop: Summer Superdrop 2025 - Featuring: Imiri Sakabashira (Non-Foil Edition) — Nonfoil Edition,1
asset_master.csv,name,asset_name,Drop: Summer Superdrop 2025 - Featuring: Imiri Sakabashira (Rainbow Foil Edition) — Foil Edition,1
asset_master.csv,name,asset_name,Drop: Summer Superdrop 2025 - The Art of Frank Frazetta: The Second Exhibition (Non-Foil Edition) — Nonfoil Edition,1
asset_master.csv,name,asset_name,Drop: Summer Superdrop 2025 - The Art of Frank Frazetta: The Second Exhibition (Rainbow Foil Edition) — Foil Edition,1
asset_master.csv,name,asset_name,Drop: Summer Superdrop 2025 - The Artist Spotlight Bundle (Non-Foil Edition) — Nonfoil Edition,1
asset_master.csv,name,asset_name,Drop: Summer Superdrop 2025 - The Artist Spotlight Bundle (Rainbow Foil Edition) — Foil Edition,1
asset_master.csv,name,asset_name,Drop: Summer Superdrop 2025 - The Complete FINAL FANTASY Bundle — Standard Edition,1
asset_master.csv,name,asset_name,Drop: Summer Superdrop 2025 - The English FINAL FANTASY Bundle — Standard Edition,1
asset_master.csv,name,asset_name,Drop: Summer Superdrop 2025 - The Summer Superdrop Bundle (Non-Foil Edition) — Nonfoil Edition,1
asset_master.csv,name,asset_name,Drop: Summer Superdrop 2025 - The Summer Superdrop Bundle (Rainbow Foil Edition) — Foil Edition,1
asset_master.csv,name,asset_name,Drop: Summer Superdrop 2025 - The Summer Superdrop Everything Bundle — Standard Edition,1
asset_master.csv,name,asset_name,Drop: Summer Superdrop Bundle — Standard Edition,1
asset_master.csv,name,asset_name,Drop: Tales of the Time Stoppers - Non-Foil Edition — Nonfoil Edition,1
asset_master.csv,name,asset_name,Drop: Tales of the Time Stoppers - Rainbow Foil Edition — Foil Edition,1
asset_master.csv,name,asset_name,Drop: Tearing Up A Sick Tube of Non-Foils Bundle — Nonfoil Edition,1
asset_master.csv,name,asset_name,Drop: Teferi's Time Trouble - Non-Foil Edition — Nonfoil Edition,1
asset_master.csv,name,asset_name,Drop: Thalia: Beyond the Helvault - Traditional Foil Edition — Foil Edition,1
asset_master.csv,name,asset_name,Drop: The '90s Binder Experience - Non-Foil Edition — Nonfoil Edition,1
asset_master.csv,name,asset_name,Drop: The '90s Binder Experience - Traditional Foil Edition — Foil Edition,1
asset_master.csv,name,asset_name,Drop: The Art of Frank Frazetta - Non-Foil Edition — Nonfoil Edition,1
asset_master.csv,name,asset_name,Drop: The Art of Frank Frazetta - Traditional Foil Edition — Foil Edition,1
asset_master.csv,name,asset_name,Drop: The Beauty of the Beasts - Non-Foil Edition — Nonfoil Edition,1
asset_master.csv,name,asset_name,Drop: The Beauty of the Beasts - Rainbow Foil Edition — Foil Edition,1
asset_master.csv,name,asset_name,Drop: The Bundle Bundle — Standard Edition,1
asset_master.csv,name,asset_name,Drop: The Bundled Bundle Bundle — Standard Edition,1
asset_master.csv,name,asset_name,Drop: The Dracula Lands - Non-Foil Edition — Nonfoil Edition,1
asset_master.csv,name,asset_name,Drop: The Dracula Lands - Traditional Foil Edition — Foil Edition,1
asset_master.csv,name,asset_name,Drop: The Eyes Have It - Non-Foil Edition — Nonfoil Edition,1
asset_master.csv,name,asset_name,Drop: The Eyes Have It - Rainbow Foil Edition — Foil Edition,1
asset_master.csv,name,asset_name,Drop: The Fairest Drop of All - Traditional Foil Edition — Foil Edition,1
asset_master.csv,name,asset_name,Drop: The Godzilla Lands - Traditional Foil Edition — Foil Edition,1
asset_master.csv,name,asset_name,"Drop: The Meaning of Life, Maybe - Non-Foil Edition — Nonfoil Edition",1
asset_master.csv,name,asset_name,"Drop: The Meaning of Life, Maybe - Traditional Foil Edition — Foil Edition",1
asset_master.csv,name,asset_name,Drop: The Prophets Predicted Bundle - Foil Edition — Foil Edition,1
asset_master.csv,name,asset_name,Drop: The Prophets Predicted Bundle - Non-Foil Edition — Nonfoil Edition,1
asset_master.csv,name,asset_name,Drop: The Prophets Predicted Everything Bundle — Standard Edition,1
asset_master.csv,name,asset_name,Drop: The Space Beyond the Stars - Non-Foil Edition — Nonfoil Edition,1
asset_master.csv,name,asset_name,Drop: The Space Beyond the Stars - Traditional Foil Edition — Foil Edition,1
asset_master.csv,name,asset_name,Drop: The Stars Gaze Back - Non-Foil Edition — Nonfoil Edition,1
asset_master.csv,name,asset_name,Drop: The Stars Gaze Back - Traditional Foil Edition — Foil Edition,1
asset_master.csv,name,asset_name,Drop: The Strange Sands: Forest - Non-Foil Edition — Nonfoil Edition,1
asset_master.csv,name,asset_name,Drop: The Strange Sands: Forest - Rainbow Foil Edition — Foil Edition,1
asset_master.csv,name,asset_name,Drop: The Strange Sands: Island - Non-Foil Edition — Nonfoil Edition,1
asset_master.csv,name,asset_name,Drop: The Strange Sands: Island - Rainbow Foil Edition — Foil Edition,1
asset_master.csv,name,asset_name,Drop: The Strange Sands: Mountain - Non-Foil Edition — Nonfoil Edition,1
asset_master.csv,name,asset_name,Drop: The Strange Sands: Mountain - Rainbow Foil Edition — Foil Edition,1
asset_master.csv,name,asset_name,Drop: The Strange Sands: Plains - Non-Foil Edition — Nonfoil Edition,1
asset_master.csv,name,asset_name,Drop: The Strange Sands: Plains - Rainbow Foil Edition — Foil Edition,1
asset_master.csv,name,asset_name,Drop: The Strange Sands: Swamp - Non-Foil Edition — Nonfoil Edition,1
asset_master.csv,name,asset_name,Drop: The Strange Sands: Swamp - Rainbow Foil Edition — Foil Edition,1
asset_master.csv,name,asset_name,Drop: The Tokyo Lands - Etched Foil Edition — Foil Edition,1
asset_master.csv,name,asset_name,Drop: The Tokyo Lands - Non-Foil Edition — Nonfoil Edition,1
asset_master.csv,name,asset_name,Drop: The Ultimate Pencil - Almost Everything Bundle — Standard Edition,1
asset_master.csv,name,asset_name,Drop: The Ultimate Pencil - Literally Everything Bundle — Standard Edition,1
asset_master.csv,name,asset_name,Drop: The Ultimate Pencil - Non-Foil Bundle — Nonfoil Edition,1
asset_master.csv,name,asset_name,Drop: The Ultimate Pencil - Rainbow Foil Bundle — Foil Edition,1
asset_master.csv,name,asset_name,Drop: The Unfathomable Crushing Brutality of Basic Lands - Non-Foil Edition — Nonfoil Edition,1
asset_master.csv,name,asset_name,Drop: The Unfathomable Crushing Brutality of Basic Lands - Traditional Foil Edition — Foil Edition,1
asset_master.csv,name,asset_name,Drop: The Walking Dead - Traditional Foil Edition — Foil Edition,1
asset_master.csv,name,asset_name,Drop: The Weirdest Pets in the Multiverse - Non-Foil Edition — Nonfoil Edition,1
asset_master.csv,name,asset_name,Drop: The Weirdest Pets in the Multiverse - Traditional Foil Edition — Foil Edition,1
asset_master.csv,name,asset_name,Drop: Theros Stargazing Bundle: Vol. I-V - Traditional Foil Edition — Foil Edition,1
asset_master.csv,name,asset_name,Drop: Theros Stargazing: Vol.I (Heliod) - Traditional Foil Edition — Foil Edition,1
asset_master.csv,name,asset_name,Drop: Theros Stargazing: Vol.II (Thassa) - Traditional Foil Edition — Foil Edition,1
asset_master.csv,name,asset_name,Drop: Theros Stargazing: Vol.III (Erebos) - Traditional Foil Edition — Foil Edition,1
asset_master.csv,name,asset_name,Drop: Theros Stargazing: Vol.IV (Purphoros) - Traditional Foil Edition — Foil Edition,1
asset_master.csv,name,asset_name,Drop: Theros Stargazing: Vol.V (Nylea) - Traditional Foil Edition — Foil Edition,1
asset_master.csv,name,asset_name,Drop: This One Goes Out To My Everything Bundle — Standard Edition,1
asset_master.csv,name,asset_name,Drop: This One Is Dedicated To My Foils Bundle — Foil Edition,1
asset_master.csv,name,asset_name,Drop: This One Is For My Non-Foils Bundle — Nonfoil Edition,1
asset_master.csv,name,asset_name,Drop: Those Foils Are Really Coming Down Bundle — Foil Edition,1
asset_master.csv,name,asset_name,Drop: Those Non-Foils Just Won't Let Up Bundle — Nonfoil Edition,1
asset_master.csv,name,asset_name,Drop: Through the Wormhole - Galaxy Foil Edition — Foil Edition,1
asset_master.csv,name,asset_name,Drop: Through the Wormhole - Non-Foil Edition — Nonfoil Edition,1
asset_master.csv,name,asset_name,Drop: Time Trouble Two - Non-Foil Edition — Nonfoil Edition,1
asset_master.csv,name,asset_name,Drop: Time Trouble Two - Traditional Foil Edition — Foil Edition,1
asset_master.csv,name,asset_name,Drop: Toby's Journey By Gary Baseman - Non-Foil Edition — Nonfoil Edition,1
asset_master.csv,name,asset_name,Drop: Toby's Journey By Gary Baseman - Traditional Foil Edition — Foil Edition,1
asset_master.csv,name,asset_name,Drop: Tome of the Astral Sorceress - Non-Foil Edition — Nonfoil Edition,1
asset_master.csv,name,asset_name,Drop: Tome of the Astral Sorceress - Rainbow Foil Edition — Foil Edition,1
asset_master.csv,name,asset_name,Drop: Totally Refreshing - Non-Foil Edition — Nonfoil Edition,1
asset_master.csv,name,asset_name,Drop: Totally Spaced Out - Galaxy Foil Edition — Foil Edition,1
asset_master.csv,name,asset_name,Drop: Totally TubuLair Superdrop: Heroes in a Half Shell Non-Foil Bundle — Nonfoil Edition,1
asset_master.csv,name,asset_name,Drop: Totally TubuLair Superdrop: Totally Tubulair! Everything Bundle — Standard Edition,1
asset_master.csv,name,asset_name,Drop: Totally TubuLair Superdrop: Turtle Power Foil Bundle — Foil Edition,1
asset_master.csv,name,asset_name,Drop: Transformers Foil Bundle — Foil Edition,1
asset_master.csv,name,asset_name,Drop: Transformers Non-Foil Bundle — Nonfoil Edition,1
asset_master.csv,name,asset_name,"Drop: Transformers: One Shall Stand, One Shall Fall - Non-Foil Edition — Nonfoil Edition",1
asset_master.csv,name,asset_name,"Drop: Transformers: One Shall Stand, One Shall Fall - Traditional Foil Edition — Foil Edition",1
asset_master.csv,name,asset_name,Drop: Transformers: Optimus Prime Vs. Megatron - Non-Foil Edition — Nonfoil Edition,1
asset_master.csv,name,asset_name,Drop: Transformers: Optimus Prime Vs. Megatron - Traditional Foil Edition — Foil Edition,1
asset_master.csv,name,asset_name,Drop: Transformers: Roll Out or Rise Up - Non-Foil Edition — Nonfoil Edition,1
asset_master.csv,name,asset_name,Drop: Transformers: Roll Out or Rise Up - Traditional Foil Edition — Foil Edition,1
asset_master.csv,name,asset_name,Drop: Trick or Treat - Non-Foil Edition — Nonfoil Edition,1
asset_master.csv,name,asset_name,Drop: Trick or Treat - Rainbow Foil Edition — Foil Edition,1
asset_master.csv,name,asset_name,Drop: Two Scoops - Double Chocolate Bundle — Standard Edition,1
asset_master.csv,name,asset_name,Drop: Two Scoops - Double Chocolate With Sprinkles Bundle — Standard Edition,1
asset_master.csv,name,asset_name,Drop: Two Scoops - Double Sprinkles Bundle — Standard Edition,1
asset_master.csv,name,asset_name,Drop: Two Scoops - Double Vanilla Bundle — Standard Edition,1
asset_master.csv,name,asset_name,Drop: Two Scoops - Double Vanilla With Sprinkles Bundle — Standard Edition,1
asset_master.csv,name,asset_name,Drop: Two Scoops - The Chocolate Sampler Bundle — Standard Edition,1
asset_master.csv,name,asset_name,Drop: Two Scoops - The House Special Bundle — Standard Edition,1
asset_master.csv,name,asset_name,"Drop: Two Scoops - The Vanilla Business, Chocolate Party Bundle — Standard Edition",1
asset_master.csv,name,asset_name,"Drop: Two Scoops - The Vanilla Party, Chocolate Business Bundle — Standard Edition",1
asset_master.csv,name,asset_name,Drop: Two Scoops - The Vanilla Sampler Bundle — Standard Edition,1
asset_master.csv,name,asset_name,Drop: Valentine's Day 2021 - Non-Foil Edition — Nonfoil Edition,1
asset_master.csv,name,asset_name,Drop: Valentine's Day 2021 - Replacement Heliod Pack - Non-Foil Edition — Nonfoil Edition,1
asset_master.csv,name,asset_name,Drop: Valentine's Day 2021 - Replacement Heliod Pack - Traditional Foil Edition — Foil Edition,1
asset_master.csv,name,asset_name,Drop: Valentine's Day 2021 - Traditional Foil Edition — Foil Edition,1
asset_master.csv,name,asset_name,Drop: Viva Las Rakdos - Foil Edition — Foil Edition,1
asset_master.csv,name,asset_name,Drop: Welcome to Castle Dracula - Non-Foil Edition — Nonfoil Edition,1
asset_master.csv,name,asset_name,Drop: Welcome to Castle Dracula - Traditional Foil Edition — Foil Edition,1
asset_master.csv,name,asset_name,Drop: Welcome to the Fungal - Non-Foil Edition — Nonfoil Edition,1
asset_master.csv,name,asset_name,Drop: Welcome to the Fungal - Traditional Foil Edition — Foil Edition,1
asset_master.csv,name,asset_name,Drop: Whimsy & Wonder Bundle - Rainbow Foil Edition — Foil Edition,1
asset_master.csv,name,asset_name,Drop: Wild in Bloom - Traditional Foil Edition — Foil Edition,1
asset_master.csv,name,asset_name,Drop: Winter Superdrop 2024: All the Savory Non-Foils Bundle — Nonfoil Edition,1
asset_master.csv,name,asset_name,Drop: Winter Superdrop 2024: All the Sweet Foils Bundle — Foil Edition,1
asset_master.csv,name,asset_name,Drop: Winter Superdrop 2024: Beastly Breakfast Omens Bundle - Foil Edition — Foil Edition,1
asset_master.csv,name,asset_name,Drop: Winter Superdrop 2024: Beastly Breakfast Omens Bundle - Non-Foil Edition — Nonfoil Edition,1
asset_master.csv,name,asset_name,Drop: Winter Superdrop 2024: Dark Mysteries Bundle - Foil Edition — Foil Edition,1
asset_master.csv,name,asset_name,Drop: Winter Superdrop 2024: Dark Mysteries Bundle - Non-Foil Edition — Nonfoil Edition,1
asset_master.csv,name,asset_name,Drop: Winter Superdrop 2024: Everything on the Menu Bundle — Standard Edition,1
asset_master.csv,name,asset_name,Drop: Winter Superdrop 2025: Campfire Merriment Bundle - Foil Edition — Foil Edition,1
asset_master.csv,name,asset_name,Drop: Winter Superdrop 2025: Campfire Merriment Bundle - Non-Foil Edition — Nonfoil Edition,1
asset_master.csv,name,asset_name,Drop: Winter Superdrop 2025: Everything a Pioneer Needs Bundle — Standard Edition,1
asset_master.csv,name,asset_name,Drop: Winter Superdrop 2025: Hatsune Miku: Winter Diva Bundle — Standard Edition,1
asset_master.csv,name,asset_name,Drop: Winter Superdrop 2025: Survival-Grade Foils Bundle — Foil Edition,1
asset_master.csv,name,asset_name,Drop: Winter Superdrop 2025: Trail-Ready Non-Foils Bundle — Nonfoil Edition,1
asset_master.csv,name,asset_name,Drop: Winter Superdrop 2025: Trailblazing Bundle - Foil Edition — Foil Edition,1
asset_master.csv,name,asset_name,Drop: Winter Superdrop 2025: Trailblazing Bundle - Non-Foil Edition — Nonfoil Edition,1
asset_master.csv,name,asset_name,Drop: Witch's Familiar - Non-Foil Edition — Nonfoil Edition,1
asset_master.csv,name,asset_name,Drop: Witch's Familiar - Traditional Foil Edition — Foil Edition,1
asset_master.csv,name,asset_name,Drop: Wizards of the Street - Non-Foil Edition — Nonfoil Edition,1
asset_master.csv,name,asset_name,Drop: Wizards of the Street - Traditional Foil Edition — Foil Edition,1
asset_master.csv,name,asset_name,Drop: Year of the Rat - Traditional Foil Edition — Foil Edition,1
asset_master.csv,name,asset_name,Drop: sAnS mERcY - Non-Foil Edition — Nonfoil Edition,1
asset_master.csv,name,asset_name,Drop: sAnS mERcY - Rainbow Foil Edition — Foil Edition,1
asset_master.csv,name,asset_name,Drop: vroooOOOMMMMMM! - Non-Foil Edition — Nonfoil Edition,1
asset_master.csv,name,asset_name,Drop: vroooOOOMMMMMM! - Non-Foil Playset Bundle — Nonfoil Edition,1
asset_master.csv,name,asset_name,Drop: vroooOOOMMMMMM! - Rainbow Foil Edition — Foil Edition,1
asset_master.csv,name,asset_name,Drop: vroooOOOMMMMMM! - Rainbow Foil Playset Bundle — Foil Edition,1
asset_master.csv,name,asset_name,Drop: vroooOOOMMMMMM! - Raised Foil Edition — Foil Edition,1
asset_master.csv,name,asset_name,Drop: vroooOOOMMMMMM! - Raised Foil Playset Bundle — Foil Edition,1
asset_master.csv,name,asset_name,Drop: “explosion sounds” - Non-Foil Edition — Nonfoil Edition,1
asset_master.csv,name,asset_name,Festival in a Box Barcelona 2023 - Commander Fan Bundle — Standard Edition,1
asset_master.csv,name,asset_name,Festival in a Box Barcelona 2023 - Drafter's Dream Bundle — Standard Edition,1
asset_master.csv,name,asset_name,Festival in a Box Bundle — Standard Edition,1
asset_master.csv,name,asset_name,Festival in a Box Las Vegas 2023 Bundle — Standard Edition,1
asset_master.csv,name,asset_name,Festival in a Box Las Vegas 2024 Bundle — Standard Edition,1
asset_master.csv,name,asset_name,Festival in a Box Minneapolis 2023 Bundle — Standard Edition,1
asset_master.csv,name,asset_name,Festival in a Box Philadelphia 2023 Bundle — Standard Edition,1
asset_master.csv,name,asset_name,Full Bundle — Standard Edition,1
asset_master.csv,name,asset_name,Ponies: The Galloping 2: Extra Life 2023 - Non-Foil Edition — Nonfoil Edition,1
asset_master.csv,name,asset_name,Ponies: The Galloping 2: Extra Life 2023 - Traditional Foil Edition — Foil Edition,1
asset_master.csv,name,asset_name,Reality Fracture - Secret Lair Bundle Case — Standard Edition,1
asset_master.csv,name,asset_name,Reality Fracture - Secret Lair Bundle — Standard Edition,1
asset_master.csv,name,asset_name,Roadshow Edition: Burning Revelations - Rainbow Foil Edition — Foil Edition,1
asset_master.csv,name,asset_name,Roadshow Edition: Li'l Giri Saves the Day - Traditional Foil Edition — Foil Edition,1
asset_master.csv,name,asset_name,Roadshow Edition: So Salty - Traditional Foil Edition — Foil Edition,1
asset_master.csv,name,asset_name,Superdrop: Culture Shocks: Bant - Non-Foil Edition — Nonfoil Edition,1
asset_master.csv,name,asset_name,Superdrop: Culture Shocks: Esper - Non-Foil Edition — Nonfoil Edition,1
asset_master.csv,name,asset_name,Superdrop: Culture Shocks: Grixis - Non-Foil Edition — Nonfoil Edition,1
asset_master.csv,name,asset_name,Superdrop: Culture Shocks: Jund - Non-Foil Edition — Nonfoil Edition,1
asset_master.csv,name,asset_name,Superdrop: Culture Shocks: Naya - Non-Foil Edition — Nonfoil Edition,1
asset_master.csv,name,asset_name,"Superdrop: OUR SHOW IS ON FRIDAY, CAN YOU MAKE IT? - Non-Foil Edition — Nonfoil Edition",1
asset_master.csv,name,asset_name,Superdrop: Showcase: Strixhaven - Non-Foil Edition — Nonfoil Edition,1
asset_master.csv,name,asset_name,Superdrop: Showcase: Strixhaven - Traditional Foil Edition — Foil Edition,1
asset_master.csv,name,asset_name,Superdrop: Supershock Bundle - Non-Foil Edition — Nonfoil Edition,1
asset_master.csv,name,asset_name,Superdrop: The Full-Text Lands - Non-Foil Edition — Nonfoil Edition,1
asset_master.csv,name,asset_name,Superdrop: The Full-Text Lands - Traditional Foil Edition — Foil Edition,1
asset_master.csv,name,asset_name,Superdrop: The Main Event Bundle — Standard Edition,1
asset_master.csv,name,asset_name,Superdrop: The World's Bundliest Bundle — Standard Edition,1
asset_master.csv,name,asset_name,Superdrop: The World's Foil-est Bundle — Foil Edition,1
asset_master.csv,name,asset_name,Superdrop: The World's Non-foil-est Bundle — Nonfoil Edition,1
asset_master.csv,name,asset_name,Superdrop: Voracious Reader Bundle - Foil — Foil Edition,1
asset_master.csv,name,asset_name,Superdrop: Voracious Reader Bundle - Non-foil — Nonfoil Edition,1
asset_master.csv,name,asset_name,x Avatar: The Last Airbender Superdrop: Avatar State Foil Bundle — Foil Edition,1
asset_master.csv,name,asset_name,x Avatar: The Last Airbender Superdrop: Avatar State Non-Foil Bundle — Nonfoil Edition,1
asset_master.csv,name,asset_name,x Avatar: The Last Airbender Superdrop: Master Of All Elements Everything Bundle — Standard Edition,1
asset_master.csv,name,asset_name,x Avatar: The Last Airbender: A Lot To Learn - Non-Foil Edition — Nonfoil Edition,1
asset_master.csv,name,asset_name,x Avatar: The Last Airbender: A Lot To Learn - Rainbow Foil Edition — Foil Edition,1
asset_master.csv,name,asset_name,x Avatar: The Last Airbender: Everything Changed - Non-Foil Edition — Nonfoil Edition,1
asset_master.csv,name,asset_name,x Avatar: The Last Airbender: Everything Changed - Rainbow Foil Edition — Foil Edition,1
asset_master.csv,name,asset_name,x Avatar: The Last Airbender: My Cabbages! - Non-Foil Edition — Nonfoil Edition,1
asset_master.csv,name,asset_name,x Avatar: The Last Airbender: My Cabbages! - Rainbow Foil Edition — Foil Edition,1
asset_master.csv,name,asset_name,x Avatar: The Last Airbender: One with the Elements - Non-Foil Edition — Nonfoil Edition,1
asset_master.csv,name,asset_name,x Avatar: The Last Airbender: One with the Elements - Rainbow Foil Edition — Foil Edition,1
asset_master.csv,name,asset_name,x Avatar: The Last Airbender: The Ember Island Players - Non-Foil Edition — Nonfoil Edition,1
asset_master.csv,name,asset_name,x Avatar: The Last Airbender: The Ember Island Players - Rainbow Foil Edition — Foil Edition,1
asset_master.csv,name,asset_name,x Blood Bowl - Non-Foil Edition — Nonfoil Edition,1
asset_master.csv,name,asset_name,x Blood Bowl - Traditional Foil Edition — Foil Edition,1
asset_master.csv,name,asset_name,x Chaos Vault Drop: Alien Auroras (Galaxy Foil) — Foil Edition,1
asset_master.csv,name,asset_name,x Chaos Vault Drop: Commander Reinforcements Counter Intelligence Bundle (Galaxy Foil) — Foil Edition,1
asset_master.csv,name,asset_name,x Chaos Vault Drop: Commander Reinforcements Counter Intelligence Bundle — Standard Edition,1
asset_master.csv,name,asset_name,x Chaos Vault Drop: Commander Reinforcements World Shaper Bundle (Galaxy Foil) — Foil Edition,1
asset_master.csv,name,asset_name,x Chaos Vault Drop: Commander Reinforcements World Shaper Bundle — Standard Edition,1
asset_master.csv,name,asset_name,x Chaos Vault Drop: Featuring: Deathburger (Galaxy Foil) — Foil Edition,1
asset_master.csv,name,asset_name,x FINAL FANTASY: Game Over - Non-Foil Edition — Nonfoil Edition,1
asset_master.csv,name,asset_name,x FINAL FANTASY: Game Over - Rainbow Foil Edition — Foil Edition,1
asset_master.csv,name,asset_name,x FINAL FANTASY: Gilded Lotus - Rainbow Foil Edition — Foil Edition,1
asset_master.csv,name,asset_name,x FINAL FANTASY: Grimoire - Non-Foil Edition — Nonfoil Edition,1
asset_master.csv,name,asset_name,x FINAL FANTASY: Grimoire - Rainbow Foil Edition — Foil Edition,1
asset_master.csv,name,asset_name,x FINAL FANTASY: Weapons - Non-Foil Edition — Nonfoil Edition,1
asset_master.csv,name,asset_name,x FINAL FANTASY: Weapons - Rainbow Foil Edition — Foil Edition,1
asset_master.csv,name,asset_name,x Fallout: Rad Superdrop: The Atomic-Grade Foil Bundle — Foil Edition,1
asset_master.csv,name,asset_name,x Fallout: Rad Superdrop: The Built To Last Everything Bundle — Standard Edition,1
asset_master.csv,name,asset_name,x Fallout: Rad Superdrop: The Vault-Issue Non-Foil Bundle — Nonfoil Edition,1
asset_master.csv,name,asset_name,x Furby: Doo-ay Noo-lah - Confetti Foil Edition — Foil Edition,1
asset_master.csv,name,asset_name,x Furby: Doo-ay Noo-lah - Non-Foil Edition — Nonfoil Edition,1
asset_master.csv,name,asset_name,x Furby: Doo-ay Noo-lah - Rainbow Foil Edition — Foil Edition,1
asset_master.csv,name,asset_name,x Furby: The Gathering - Confetti Foil Edition — Foil Edition,1
asset_master.csv,name,asset_name,x Furby: The Gathering - Non-Foil Edition — Nonfoil Edition,1
asset_master.csv,name,asset_name,x Furby: The Gathering - Rainbow Foil Edition — Foil Edition,1
asset_master.csv,name,asset_name,x Furby: The Oddbodies - Confetti Foil Edition — Foil Edition,1
asset_master.csv,name,asset_name,x Furby: The Oddbodies - Non-Foil Edition — Nonfoil Edition,1
asset_master.csv,name,asset_name,x Furby: The Oddbodies - Rainbow Foil Edition — Foil Edition,1
asset_master.csv,name,asset_name,x Ghost of Tsushima - Non-Foil Edition — Nonfoil Edition,1
asset_master.csv,name,asset_name,x Ghost of Tsushima - Rainbow Foil Edition — Foil Edition,1
asset_master.csv,name,asset_name,x God of War: Greek - Non-Foil Edition — Nonfoil Edition,1
asset_master.csv,name,asset_name,x God of War: Greek - Traditional Foil Edition — Foil Edition,1
asset_master.csv,name,asset_name,x God of War: Norse - Non-Foil Edition — Nonfoil Edition,1
asset_master.csv,name,asset_name,x God of War: Norse - Traditional Foil Edition — Foil Edition,1
asset_master.csv,name,asset_name,x Horizon: Into the Forbidden West - Non-Foil Edition — Nonfoil Edition,1
asset_master.csv,name,asset_name,x Horizon: Into the Forbidden West - Rainbow Foil Edition — Foil Edition,1
asset_master.csv,name,asset_name,x Iron Maiden: Album Art - Non-Foil Edition — Nonfoil Edition,1
asset_master.csv,name,asset_name,x Iron Maiden: Album Art - Rainbow Foil Edition — Foil Edition,1
asset_master.csv,name,asset_name,x Iron Maiden: Eddie Unchained - Non-Foil Edition — Nonfoil Edition,1
asset_master.csv,name,asset_name,x Iron Maiden: Eddie Unchained - Rainbow Foil Edition — Foil Edition,1
asset_master.csv,name,asset_name,x Jaws: Terror of Amity Island - Non-Foil Edition — Nonfoil Edition,1
asset_master.csv,name,asset_name,x Jaws: Terror of Amity Island - Rainbow Foil Edition — Foil Edition,1
asset_master.csv,name,asset_name,"x Marvel: Arcane Signet as ""Earth's Mightiest Emblem"" - Rainbow Foil Edition — Foil Edition",1
asset_master.csv,name,asset_name,x NALAC Drop: Nuestra Magia (Rainbow Foil) — Foil Edition,1
asset_master.csv,name,asset_name,x NALAC Drop: Nuestra Magia (SP Non-Foil) — Nonfoil Edition,1
asset_master.csv,name,asset_name,x NALAC Drop: Nuestra Magia (SP Rainbow Foil) — Foil Edition,1
asset_master.csv,name,asset_name,x NALAC Drop: Nuestra Magia — Nonfoil Edition,1
asset_master.csv,name,asset_name,x Play-Doh: Squishful Thinking: Extra Life 2025 - Non-Foil Edition — Nonfoil Edition,1
asset_master.csv,name,asset_name,x Play-Doh: Squishful Thinking: Extra Life 2025 - Rainbow Foil Edition — Foil Edition,1
asset_master.csv,name,asset_name,x Playstation Superdrop: Foil Trophy Bundle — Foil Edition,1
asset_master.csv,name,asset_name,x Playstation Superdrop: Non-Foil Trophy Bundle — Nonfoil Edition,1
asset_master.csv,name,asset_name,x Playstation Superdrop: Platinum Trophy Bundle — Standard Edition,1
asset_master.csv,name,asset_name,x Post Malone: Backstage Pass - Non-Foil Edition — Nonfoil Edition,1
asset_master.csv,name,asset_name,x Post Malone: Backstage Pass - Traditional Foil Edition — Foil Edition,1
asset_master.csv,name,asset_name,x Post Malone: The Lands - Non-Foil Edition — Nonfoil Edition,1
asset_master.csv,name,asset_name,x Post Malone: The Lands - Traditional Foil Edition — Foil Edition,1
asset_master.csv,name,asset_name,x Sonic the Hedgehog Superdrop: Chasing Adventure (Rainbow Foil) — Foil Edition,1
asset_master.csv,name,asset_name,x Sonic the Hedgehog Superdrop: Chasing Adventure — Nonfoil Edition,1
asset_master.csv,name,asset_name,x Sonic the Hedgehog Superdrop: Friends & Foes (Rainbow Foil) — Foil Edition,1
asset_master.csv,name,asset_name,x Sonic the Hedgehog Superdrop: Friends & Foes — Nonfoil Edition,1
asset_master.csv,name,asset_name,x Sonic the Hedgehog Superdrop: Sonic 100% Complete Bundle — Standard Edition,1
asset_master.csv,name,asset_name,x Sonic the Hedgehog Superdrop: Super Sonic Bundle (Rainbow Foil) — Foil Edition,1
asset_master.csv,name,asset_name,x Sonic the Hedgehog Superdrop: Super Sonic Bundle — Nonfoil Edition,1
asset_master.csv,name,asset_name,x Sonic the Hedgehog Superdrop: Turbo Gear (Rainbow Foil) — Foil Edition,1
asset_master.csv,name,asset_name,x Sonic the Hedgehog Superdrop: Turbo Gear — Nonfoil Edition,1
asset_master.csv,name,asset_name,x The Last of Us Part I - Non-Foil Edition — Nonfoil Edition,1
asset_master.csv,name,asset_name,x The Last of Us Part I - Rainbow Foil Edition — Foil Edition,1
asset_master.csv,name,asset_name,x The Last of Us Part II - Non-Foil Edition — Nonfoil Edition,1
asset_master.csv,name,asset_name,x The Last of Us Part II - Rainbow Foil Edition — Foil Edition,1
asset_master.csv,name,asset_name,x The Office: Dwight's Destiny - Non-Foil Edition — Nonfoil Edition,1
asset_master.csv,name,asset_name,x The Office: Dwight's Destiny - Traditional Foil Edition — Foil Edition,1
asset_master.csv,name,asset_name,x Uncharted - Non-Foil Edition — Nonfoil Edition,1
asset_master.csv,name,asset_name,x Uncharted - Rainbow Foil Edition — Foil Edition,1
asset_master.csv,name,asset_name,"x Warhammer 40,000: Orks - Non-Foil Edition — Nonfoil Edition",1
asset_master.csv,name,asset_name,"x Warhammer 40,000: Orks - Traditional Foil Edition — Foil Edition",1
asset_master.csv,name,asset_name,x Warhammer Age of Sigmar - Non-Foil Edition — Nonfoil Edition,1
asset_master.csv,name,asset_name,x Warhammer Age of Sigmar - Traditional Foil Edition — Foil Edition,1
asset_master.csv,name,asset_name,x Warhammer Bundle — Standard Edition,1
asset_master.csv,category,asset_subclass,SECRET_LAIR,973
asset_master.csv,category,asset_subclass,PRE_COLLECTOR_BOOSTER_BOX,119
asset_master.csv,category,asset_subclass,COLLECTOR_BOOSTER_BOX,49
asset_master.csv,category,asset_class,MTG,1141
forecasts.csv,identifier,asset_id,MTG:SECRET_LAIR:SL-00DFD5FAF7A6FF,1
forecasts.csv,identifier,asset_id,MTG:SECRET_LAIR:SL-014CB03DE34288,1
forecasts.csv,identifier,asset_id,MTG:SECRET_LAIR:SL-0170AA960296CD,1
forecasts.csv,identifier,asset_id,MTG:SECRET_LAIR:SL-01A33A04CE8DA9,1
forecasts.csv,identifier,asset_id,MTG:SECRET_LAIR:SL-01DC7B8F9D05F8,1
forecasts.csv,identifier,asset_id,MTG:SECRET_LAIR:SL-01E98F93055799,1
forecasts.csv,identifier,asset_id,MTG:SECRET_LAIR:SL-01F4014DB0F8CA,1
forecasts.csv,identifier,asset_id,MTG:SECRET_LAIR:SL-02041401623B89,1
forecasts.csv,identifier,asset_id,MTG:SECRET_LAIR:SL-021B2153DBD979,1
forecasts.csv,identifier,asset_id,MTG:SECRET_LAIR:SL-02BF1E90F565BA,1
forecasts.csv,identifier,asset_id,MTG:SECRET_LAIR:SL-030C40B079BE71,1
forecasts.csv,identifier,asset_id,MTG:SECRET_LAIR:SL-031591793B58D2,1
forecasts.csv,identifier,asset_id,MTG:SECRET_LAIR:SL-035B905324063A,1
forecasts.csv,identifier,asset_id,MTG:SECRET_LAIR:SL-038D960C141CC9,1
forecasts.csv,identifier,asset_id,MTG:SECRET_LAIR:SL-0430987FB34846,1
forecasts.csv,identifier,asset_id,MTG:SECRET_LAIR:SL-0464E462AF6315,1
forecasts.csv,identifier,asset_id,MTG:SECRET_LAIR:SL-04F997D8C52528,1
forecasts.csv,identifier,asset_id,MTG:SECRET_LAIR:SL-0559BC4D37DF0B,1
forecasts.csv,identifier,asset_id,MTG:SECRET_LAIR:SL-061D727564DFFE,1
forecasts.csv,identifier,asset_id,MTG:SECRET_LAIR:SL-064D2E49795666,1
forecasts.csv,identifier,asset_id,MTG:SECRET_LAIR:SL-0695851252F6DF,1
forecasts.csv,identifier,asset_id,MTG:SECRET_LAIR:SL-06CAAF43297C92,1
forecasts.csv,identifier,asset_id,MTG:SECRET_LAIR:SL-074AA34DCCD62C,1
forecasts.csv,identifier,asset_id,MTG:SECRET_LAIR:SL-07E8B624A8C7D4,1
forecasts.csv,identifier,asset_id,MTG:SECRET_LAIR:SL-083956F35FB3E4,1
forecasts.csv,identifier,asset_id,MTG:SECRET_LAIR:SL-091253B94BB947,1
forecasts.csv,identifier,asset_id,MTG:SECRET_LAIR:SL-09332718CFEA52,1
forecasts.csv,identifier,asset_id,MTG:SECRET_LAIR:SL-0957EA8624A898,1
forecasts.csv,identifier,asset_id,MTG:SECRET_LAIR:SL-095A861D9875C3,1
forecasts.csv,identifier,asset_id,MTG:SECRET_LAIR:SL-09F80672292CE8,1
forecasts.csv,identifier,asset_id,MTG:SECRET_LAIR:SL-0A174DAC0F9024,1
forecasts.csv,identifier,asset_id,MTG:SECRET_LAIR:SL-0A1AF554F409DF,1
forecasts.csv,identifier,asset_id,MTG:SECRET_LAIR:SL-0AA8438AAB4240,1
forecasts.csv,identifier,asset_id,MTG:SECRET_LAIR:SL-0B3132C3EEAD64,1
forecasts.csv,identifier,asset_id,MTG:SECRET_LAIR:SL-0B75BFD8A38901,1
forecasts.csv,identifier,asset_id,MTG:SECRET_LAIR:SL-0C1E7816FD9FE9,1
forecasts.csv,identifier,asset_id,MTG:SECRET_LAIR:SL-0C4B6E83C3E214,1
forecasts.csv,identifier,asset_id,MTG:SECRET_LAIR:SL-0CEABF59829053,1
forecasts.csv,identifier,asset_id,MTG:SECRET_LAIR:SL-0CED568CA776CD,1
forecasts.csv,identifier,asset_id,MTG:SECRET_LAIR:SL-0CF3E7A9C296C3,1
forecasts.csv,identifier,asset_id,MTG:SECRET_LAIR:SL-0CFD9C26617BF8,1
forecasts.csv,identifier,asset_id,MTG:SECRET_LAIR:SL-0D7734D027859B,1
forecasts.csv,identifier,asset_id,MTG:SECRET_LAIR:SL-0D989A557A9D90,1
forecasts.csv,identifier,asset_id,MTG:SECRET_LAIR:SL-0E13518CC2D50B,1
forecasts.csv,identifier,asset_id,MTG:SECRET_LAIR:SL-0E630241169A8E,1
forecasts.csv,identifier,asset_id,MTG:SECRET_LAIR:SL-0E772D4E9A9FA4,1
forecasts.csv,identifier,asset_id,MTG:SECRET_LAIR:SL-0EA9F010F7F403,1
forecasts.csv,identifier,asset_id,MTG:SECRET_LAIR:SL-0ED724E9E0E76F,1
forecasts.csv,identifier,asset_id,MTG:SECRET_LAIR:SL-0EF6F56C669DFA,1
forecasts.csv,identifier,asset_id,MTG:SECRET_LAIR:SL-0F1DBD84485B3E,1
forecasts.csv,identifier,asset_id,MTG:SECRET_LAIR:SL-0F86D31256941D,1
forecasts.csv,identifier,asset_id,MTG:SECRET_LAIR:SL-0F8CABC723BB6B,1
forecasts.csv,identifier,asset_id,MTG:SECRET_LAIR:SL-0FD5F6D742E1F1,1
forecasts.csv,identifier,asset_id,MTG:SECRET_LAIR:SL-1051ECFDCBF5AF,1
forecasts.csv,identifier,asset_id,MTG:SECRET_LAIR:SL-10654C31034738,1
forecasts.csv,identifier,asset_id,MTG:SECRET_LAIR:SL-10F7835581923D,1
forecasts.csv,identifier,asset_id,MTG:SECRET_LAIR:SL-115EC34A20CEBD,1
forecasts.csv,identifier,asset_id,MTG:SECRET_LAIR:SL-118CC96FD450B8,1
forecasts.csv,identifier,asset_id,MTG:SECRET_LAIR:SL-120AAF80ADF7D7,1
forecasts.csv,identifier,asset_id,MTG:SECRET_LAIR:SL-122DA15C9E14A2,1
forecasts.csv,identifier,asset_id,MTG:SECRET_LAIR:SL-126AA07A5786BF,1
forecasts.csv,identifier,asset_id,MTG:SECRET_LAIR:SL-12A0108619FC9B,1
forecasts.csv,identifier,asset_id,MTG:SECRET_LAIR:SL-12C2591B92C35D,1
forecasts.csv,identifier,asset_id,MTG:SECRET_LAIR:SL-1300E73CDDA9B5,1
forecasts.csv,identifier,asset_id,MTG:SECRET_LAIR:SL-1304148BB94881,1
forecasts.csv,identifier,asset_id,MTG:SECRET_LAIR:SL-137214427FCCAA,1
forecasts.csv,identifier,asset_id,MTG:SECRET_LAIR:SL-13874C5D848C73,1
forecasts.csv,identifier,asset_id,MTG:SECRET_LAIR:SL-13A381A40449C9,1
forecasts.csv,identifier,asset_id,MTG:SECRET_LAIR:SL-13FAC3EF59E6AC,1
forecasts.csv,identifier,asset_id,MTG:SECRET_LAIR:SL-14069B556F0234,1
forecasts.csv,identifier,asset_id,MTG:SECRET_LAIR:SL-140EB9D3B38175,1
forecasts.csv,identifier,asset_id,MTG:SECRET_LAIR:SL-142966DB35DC8F,1
forecasts.csv,identifier,asset_id,MTG:SECRET_LAIR:SL-145E2D7DAB1056,1
forecasts.csv,identifier,asset_id,MTG:SECRET_LAIR:SL-14CB93A38C37A0,1
forecasts.csv,identifier,asset_id,MTG:SECRET_LAIR:SL-15ADFCF5094915,1
forecasts.csv,identifier,asset_id,MTG:SECRET_LAIR:SL-15F0BDC0F7B590,1
forecasts.csv,identifier,asset_id,MTG:SECRET_LAIR:SL-167399D6CD6288,1
forecasts.csv,identifier,asset_id,MTG:SECRET_LAIR:SL-1673F72E783176,1
forecasts.csv,identifier,asset_id,MTG:SECRET_LAIR:SL-1716D8997667E1,1
forecasts.csv,identifier,asset_id,MTG:SECRET_LAIR:SL-17405C5D45E661,1
forecasts.csv,identifier,asset_id,MTG:SECRET_LAIR:SL-18623F544924A7,1
forecasts.csv,identifier,asset_id,MTG:SECRET_LAIR:SL-189ED14E304342,1
forecasts.csv,identifier,asset_id,MTG:SECRET_LAIR:SL-18DF50D0713A3D,1
forecasts.csv,identifier,asset_id,MTG:SECRET_LAIR:SL-19307234228696,1
forecasts.csv,identifier,asset_id,MTG:SECRET_LAIR:SL-197CCEBB8BF2AC,1
forecasts.csv,identifier,asset_id,MTG:SECRET_LAIR:SL-197EC2ADF7628E,1
forecasts.csv,identifier,asset_id,MTG:SECRET_LAIR:SL-197F90EACBF23A,1
forecasts.csv,identifier,asset_id,MTG:SECRET_LAIR:SL-19B445CB21B8AA,1
forecasts.csv,identifier,asset_id,MTG:SECRET_LAIR:SL-1AC45BAFCC79A8,1
forecasts.csv,identifier,asset_id,MTG:SECRET_LAIR:SL-1B0779915A22B6,1
forecasts.csv,identifier,asset_id,MTG:SECRET_LAIR:SL-1B4F52C53867DC,1
forecasts.csv,identifier,asset_id,MTG:SECRET_LAIR:SL-1B5B0C7B7DFD8A,1
forecasts.csv,identifier,asset_id,MTG:SECRET_LAIR:SL-1C45E7F91C62E4,1
forecasts.csv,identifier,asset_id,MTG:SECRET_LAIR:SL-1CBB2CDA24A606,1
forecasts.csv,identifier,asset_id,MTG:SECRET_LAIR:SL-1D01680A770718,1
forecasts.csv,identifier,asset_id,MTG:SECRET_LAIR:SL-1D242838322B00,1
forecasts.csv,identifier,asset_id,MTG:SECRET_LAIR:SL-1D9FB450470C75,1
forecasts.csv,identifier,asset_id,MTG:SECRET_LAIR:SL-1DA21B27711D91,1
forecasts.csv,identifier,asset_id,MTG:SECRET_LAIR:SL-1DE33F0229DA09,1
forecasts.csv,identifier,asset_id,MTG:SECRET_LAIR:SL-1E11913E760B30,1
forecasts.csv,identifier,asset_id,MTG:SECRET_LAIR:SL-1F7D163D1ACEFB,1
forecasts.csv,identifier,asset_id,MTG:SECRET_LAIR:SL-1F9921A151E628,1
forecasts.csv,identifier,asset_id,MTG:SECRET_LAIR:SL-2007070E059EDF,1
forecasts.csv,identifier,asset_id,MTG:SECRET_LAIR:SL-204D6B03D36FE2,1
forecasts.csv,identifier,asset_id,MTG:SECRET_LAIR:SL-207EFFFEEB79A0,1
forecasts.csv,identifier,asset_id,MTG:SECRET_LAIR:SL-2098A235696D4F,1
forecasts.csv,identifier,asset_id,MTG:SECRET_LAIR:SL-20A675073DCB5D,1
forecasts.csv,identifier,asset_id,MTG:SECRET_LAIR:SL-20D499A470B8A5,1
forecasts.csv,identifier,asset_id,MTG:SECRET_LAIR:SL-20E2C89BAB6915,1
forecasts.csv,identifier,asset_id,MTG:SECRET_LAIR:SL-20EA4A771B3569,1
forecasts.csv,identifier,asset_id,MTG:SECRET_LAIR:SL-213339E791C59A,1
forecasts.csv,identifier,asset_id,MTG:SECRET_LAIR:SL-214ED723D3A771,1
forecasts.csv,identifier,asset_id,MTG:SECRET_LAIR:SL-21979E71D302E5,1
forecasts.csv,identifier,asset_id,MTG:SECRET_LAIR:SL-219DB149BBB690,1
forecasts.csv,identifier,asset_id,MTG:SECRET_LAIR:SL-22454153307BC0,1
forecasts.csv,identifier,asset_id,MTG:SECRET_LAIR:SL-226F557D91DE6E,1
forecasts.csv,identifier,asset_id,MTG:SECRET_LAIR:SL-22B841990DAC1F,1
forecasts.csv,identifier,asset_id,MTG:SECRET_LAIR:SL-22CD7E1A6B7A30,1
forecasts.csv,identifier,asset_id,MTG:SECRET_LAIR:SL-22E3600468CA16,1
forecasts.csv,identifier,asset_id,MTG:SECRET_LAIR:SL-2347A35CDE0CCA,1
forecasts.csv,identifier,asset_id,MTG:SECRET_LAIR:SL-23598BE2582FF4,1
forecasts.csv,identifier,asset_id,MTG:SECRET_LAIR:SL-239D6859BD1D9C,1
forecasts.csv,identifier,asset_id,MTG:SECRET_LAIR:SL-23E541A279A532,1
forecasts.csv,identifier,asset_id,MTG:SECRET_LAIR:SL-23F2295DED1E9C,1
forecasts.csv,identifier,asset_id,MTG:SECRET_LAIR:SL-23FA662D95286E,1
forecasts.csv,identifier,asset_id,MTG:SECRET_LAIR:SL-24526707F6CB2D,1
forecasts.csv,identifier,asset_id,MTG:SECRET_LAIR:SL-24D60CEE50EB04,1
forecasts.csv,identifier,asset_id,MTG:SECRET_LAIR:SL-255A0A2F4FEB20,1
forecasts.csv,identifier,asset_id,MTG:SECRET_LAIR:SL-2569BCFE16FD2C,1
forecasts.csv,identifier,asset_id,MTG:SECRET_LAIR:SL-256B2682940475,1
forecasts.csv,identifier,asset_id,MTG:SECRET_LAIR:SL-25FFECED0CE8DE,1
forecasts.csv,identifier,asset_id,MTG:SECRET_LAIR:SL-26B06B683BCA6B,1
forecasts.csv,identifier,asset_id,MTG:SECRET_LAIR:SL-26CE439D88A06A,1
forecasts.csv,identifier,asset_id,MTG:SECRET_LAIR:SL-26D338135420FD,1
forecasts.csv,identifier,asset_id,MTG:SECRET_LAIR:SL-26D60205AA523A,1
forecasts.csv,identifier,asset_id,MTG:SECRET_LAIR:SL-272CED28AF6023,1
forecasts.csv,identifier,asset_id,MTG:SECRET_LAIR:SL-2786878C1D8F2A,1
forecasts.csv,identifier,asset_id,MTG:SECRET_LAIR:SL-278D493DAEF98B,1
forecasts.csv,identifier,asset_id,MTG:SECRET_LAIR:SL-27BCF6F90AE7CD,1
forecasts.csv,identifier,asset_id,MTG:SECRET_LAIR:SL-27F25ED44B60AC,1
forecasts.csv,identifier,asset_id,MTG:SECRET_LAIR:SL-27F53952DEB63B,1
forecasts.csv,identifier,asset_id,MTG:SECRET_LAIR:SL-2825A1B58F0B24,1
forecasts.csv,identifier,asset_id,MTG:SECRET_LAIR:SL-284D5484C99F48,1
forecasts.csv,identifier,asset_id,MTG:SECRET_LAIR:SL-28E7EF25549A0F,1
forecasts.csv,identifier,asset_id,MTG:SECRET_LAIR:SL-290BC5AB169700,1
forecasts.csv,identifier,asset_id,MTG:SECRET_LAIR:SL-299EFC297156F1,1
forecasts.csv,identifier,asset_id,MTG:SECRET_LAIR:SL-2A0B13F359B600,1
forecasts.csv,identifier,asset_id,MTG:SECRET_LAIR:SL-2A2F4D4D905F89,1
forecasts.csv,identifier,asset_id,MTG:SECRET_LAIR:SL-2AA846FD9ACD02,1
forecasts.csv,identifier,asset_id,MTG:SECRET_LAIR:SL-2AC9C47B84FA46,1
forecasts.csv,identifier,asset_id,MTG:SECRET_LAIR:SL-2ADC84D7922A98,1
forecasts.csv,identifier,asset_id,MTG:SECRET_LAIR:SL-2AF8009F200134,1
forecasts.csv,identifier,asset_id,MTG:SECRET_LAIR:SL-2B046AC7FBA460,1
forecasts.csv,identifier,asset_id,MTG:SECRET_LAIR:SL-2B40642CD07C6B,1
forecasts.csv,identifier,asset_id,MTG:SECRET_LAIR:SL-2B55545460A82C,1
forecasts.csv,identifier,asset_id,MTG:SECRET_LAIR:SL-2B817FBC9624E5,1
forecasts.csv,identifier,asset_id,MTG:SECRET_LAIR:SL-2B9EE853724B6D,1
forecasts.csv,identifier,asset_id,MTG:SECRET_LAIR:SL-2BC80C4864DCB3,1
forecasts.csv,identifier,asset_id,MTG:SECRET_LAIR:SL-2C8BD576A51D61,1
forecasts.csv,identifier,asset_id,MTG:SECRET_LAIR:SL-2CC41EDDF7EBA1,1
forecasts.csv,identifier,asset_id,MTG:SECRET_LAIR:SL-2CFDA3F4C0066D,1
forecasts.csv,identifier,asset_id,MTG:SECRET_LAIR:SL-2D3CABC651E40A,1
forecasts.csv,identifier,asset_id,MTG:SECRET_LAIR:SL-2D3F3FFB5E9435,1
forecasts.csv,identifier,asset_id,MTG:SECRET_LAIR:SL-2D5B5D6DB161EE,1
forecasts.csv,identifier,asset_id,MTG:SECRET_LAIR:SL-2E5D3F1C55B40E,1
forecasts.csv,identifier,asset_id,MTG:SECRET_LAIR:SL-2E6BF27043E9BB,1
forecasts.csv,identifier,asset_id,MTG:SECRET_LAIR:SL-2F0C6070A19154,1
forecasts.csv,identifier,asset_id,MTG:SECRET_LAIR:SL-2F498E0B93A360,1
forecasts.csv,identifier,asset_id,MTG:SECRET_LAIR:SL-2F5BFD58A416E7,1
forecasts.csv,identifier,asset_id,MTG:SECRET_LAIR:SL-2FCD076205C4F4,1
forecasts.csv,identifier,asset_id,MTG:SECRET_LAIR:SL-2FE515EC6D482C,1
forecasts.csv,identifier,asset_id,MTG:SECRET_LAIR:SL-301D3C32669404,1
forecasts.csv,identifier,asset_id,MTG:SECRET_LAIR:SL-30B353B1E2F40A,1
forecasts.csv,identifier,asset_id,MTG:SECRET_LAIR:SL-30C88E4C2B3278,1
forecasts.csv,identifier,asset_id,MTG:SECRET_LAIR:SL-30DF537FBDFC90,1
forecasts.csv,identifier,asset_id,MTG:SECRET_LAIR:SL-3104ED52ED0029,1
forecasts.csv,identifier,asset_id,MTG:SECRET_LAIR:SL-31ABCEB49A1123,1
forecasts.csv,identifier,asset_id,MTG:SECRET_LAIR:SL-31EB584CE2759D,1
forecasts.csv,identifier,asset_id,MTG:SECRET_LAIR:SL-31EB85A6AF4F60,1
forecasts.csv,identifier,asset_id,MTG:SECRET_LAIR:SL-32E9767E0B3D5C,1
forecasts.csv,identifier,asset_id,MTG:SECRET_LAIR:SL-33DE5E031EFD3B,1
forecasts.csv,identifier,asset_id,MTG:SECRET_LAIR:SL-33FFFBC2DAC5E2,1
forecasts.csv,identifier,asset_id,MTG:SECRET_LAIR:SL-34194E4F054A23,1
forecasts.csv,identifier,asset_id,MTG:SECRET_LAIR:SL-34352A7A87C72D,1
forecasts.csv,identifier,asset_id,MTG:SECRET_LAIR:SL-347373B1ADC604,1
forecasts.csv,identifier,asset_id,MTG:SECRET_LAIR:SL-35D49FF298AC45,1
forecasts.csv,identifier,asset_id,MTG:SECRET_LAIR:SL-36280CB83AC2AF,1
forecasts.csv,identifier,asset_id,MTG:SECRET_LAIR:SL-364F90FA6A1775,1
forecasts.csv,identifier,asset_id,MTG:SECRET_LAIR:SL-366202692BF768,1
forecasts.csv,identifier,asset_id,MTG:SECRET_LAIR:SL-3695BA5801481E,1
forecasts.csv,identifier,asset_id,MTG:SECRET_LAIR:SL-369FF863EC799B,1
forecasts.csv,identifier,asset_id,MTG:SECRET_LAIR:SL-3734ADEE0BD3D9,1
forecasts.csv,identifier,asset_id,MTG:SECRET_LAIR:SL-373CCE73104F13,1
forecasts.csv,identifier,asset_id,MTG:SECRET_LAIR:SL-37C6B768973D2F,1
forecasts.csv,identifier,asset_id,MTG:SECRET_LAIR:SL-37F143176116F8,1
forecasts.csv,identifier,asset_id,MTG:SECRET_LAIR:SL-37F8EC322DC4FF,1
forecasts.csv,identifier,asset_id,MTG:SECRET_LAIR:SL-383A5390F8CB76,1
forecasts.csv,identifier,asset_id,MTG:SECRET_LAIR:SL-384FB17537F64E,1
forecasts.csv,identifier,asset_id,MTG:SECRET_LAIR:SL-3852DBF0BE0E0F,1
forecasts.csv,identifier,asset_id,MTG:SECRET_LAIR:SL-38870530CF4440,1
forecasts.csv,identifier,asset_id,MTG:SECRET_LAIR:SL-38D62E44CA4044,1
forecasts.csv,identifier,asset_id,MTG:SECRET_LAIR:SL-391ADFABB49A8E,1
forecasts.csv,identifier,asset_id,MTG:SECRET_LAIR:SL-397AD1D0B568A3,1
forecasts.csv,identifier,asset_id,MTG:SECRET_LAIR:SL-39B978CCE71007,1
forecasts.csv,identifier,asset_id,MTG:SECRET_LAIR:SL-39CDF02CD749A1,1
forecasts.csv,identifier,asset_id,MTG:SECRET_LAIR:SL-39F25CFE2C5A26,1
forecasts.csv,identifier,asset_id,MTG:SECRET_LAIR:SL-3A02BD35AC0C02,1
forecasts.csv,identifier,asset_id,MTG:SECRET_LAIR:SL-3A798704DD8BBD,1
forecasts.csv,identifier,asset_id,MTG:SECRET_LAIR:SL-3A8C34AA302232,1
forecasts.csv,identifier,asset_id,MTG:SECRET_LAIR:SL-3ABE230D547642,1
forecasts.csv,identifier,asset_id,MTG:SECRET_LAIR:SL-3AD38730FCEF33,1
forecasts.csv,identifier,asset_id,MTG:SECRET_LAIR:SL-3AE8E2E6E8B3B6,1
forecasts.csv,identifier,asset_id,MTG:SECRET_LAIR:SL-3AED22057A4FFB,1
forecasts.csv,identifier,asset_id,MTG:SECRET_LAIR:SL-3B1C73233CF74E,1
forecasts.csv,identifier,asset_id,MTG:SECRET_LAIR:SL-3BCA01B6A36AD0,1
forecasts.csv,identifier,asset_id,MTG:SECRET_LAIR:SL-3BF23A821ADB00,1
forecasts.csv,identifier,asset_id,MTG:SECRET_LAIR:SL-3BF37BD3ACB158,1
forecasts.csv,identifier,asset_id,MTG:SECRET_LAIR:SL-3BF8B1EFC3D63E,1
forecasts.csv,identifier,asset_id,MTG:SECRET_LAIR:SL-3C65FD2BF954A2,1
forecasts.csv,identifier,asset_id,MTG:SECRET_LAIR:SL-3C8F74D9F8C33A,1
forecasts.csv,identifier,asset_id,MTG:SECRET_LAIR:SL-3C90B58C213EC3,1
forecasts.csv,identifier,asset_id,MTG:SECRET_LAIR:SL-3CA7E30CC977F0,1
forecasts.csv,identifier,asset_id,MTG:SECRET_LAIR:SL-3CE747424ABD9D,1
forecasts.csv,identifier,asset_id,MTG:SECRET_LAIR:SL-3D0052CFE56421,1
forecasts.csv,identifier,asset_id,MTG:SECRET_LAIR:SL-3D01D7D0EAE8CA,1
forecasts.csv,identifier,asset_id,MTG:SECRET_LAIR:SL-3D16987F5EDCDC,1
forecasts.csv,identifier,asset_id,MTG:SECRET_LAIR:SL-3D43E1264ED817,1
forecasts.csv,identifier,asset_id,MTG:SECRET_LAIR:SL-3D4434A1970156,1
forecasts.csv,identifier,asset_id,MTG:SECRET_LAIR:SL-3D4D8B9063C0F4,1
forecasts.csv,identifier,asset_id,MTG:SECRET_LAIR:SL-3D98DA707A8A83,1
forecasts.csv,identifier,asset_id,MTG:SECRET_LAIR:SL-3EEFF77D627261,1
forecasts.csv,identifier,asset_id,MTG:SECRET_LAIR:SL-3EF9855B3720AF,1
forecasts.csv,identifier,asset_id,MTG:SECRET_LAIR:SL-3F0275C619056A,1
forecasts.csv,identifier,asset_id,MTG:SECRET_LAIR:SL-3F1F1DB9343414,1
forecasts.csv,identifier,asset_id,MTG:SECRET_LAIR:SL-3F2B421DD9669F,1
forecasts.csv,identifier,asset_id,MTG:SECRET_LAIR:SL-3F3C86FF9BD9C8,1
forecasts.csv,identifier,asset_id,MTG:SECRET_LAIR:SL-3F745D24C8D183,1
forecasts.csv,identifier,asset_id,MTG:SECRET_LAIR:SL-4018B4444438E9,1
forecasts.csv,identifier,asset_id,MTG:SECRET_LAIR:SL-401C61727EE263,1
forecasts.csv,identifier,asset_id,MTG:SECRET_LAIR:SL-40670F87176D8C,1
forecasts.csv,identifier,asset_id,MTG:SECRET_LAIR:SL-40B6F9DD3A4665,1
forecasts.csv,identifier,asset_id,MTG:SECRET_LAIR:SL-412C261AA45A1B,1
forecasts.csv,identifier,asset_id,MTG:SECRET_LAIR:SL-415E40E57B3DAB,1
forecasts.csv,identifier,asset_id,MTG:SECRET_LAIR:SL-41A8311FB84FA5,1
forecasts.csv,identifier,asset_id,MTG:SECRET_LAIR:SL-41DAD3A3B372D8,1
forecasts.csv,identifier,asset_id,MTG:SECRET_LAIR:SL-42559D1C728178,1
forecasts.csv,identifier,asset_id,MTG:SECRET_LAIR:SL-4262135C124315,1
forecasts.csv,identifier,asset_id,MTG:SECRET_LAIR:SL-42D8B704EA16D9,1
forecasts.csv,identifier,asset_id,MTG:SECRET_LAIR:SL-43286263D6D2C4,1
forecasts.csv,identifier,asset_id,MTG:SECRET_LAIR:SL-43659890F8CF5B,1
forecasts.csv,identifier,asset_id,MTG:SECRET_LAIR:SL-43DBFB9B561C4B,1
forecasts.csv,identifier,asset_id,MTG:SECRET_LAIR:SL-4445D560A16695,1
forecasts.csv,identifier,asset_id,MTG:SECRET_LAIR:SL-44C1A8804ED001,1
forecasts.csv,identifier,asset_id,MTG:SECRET_LAIR:SL-452614AF0A815A,1
forecasts.csv,identifier,asset_id,MTG:SECRET_LAIR:SL-4538C3C87DD66E,1
forecasts.csv,identifier,asset_id,MTG:SECRET_LAIR:SL-45AC0450672011,1
forecasts.csv,identifier,asset_id,MTG:SECRET_LAIR:SL-45AD439AB34854,1
forecasts.csv,identifier,asset_id,MTG:SECRET_LAIR:SL-4608D41552CD68,1
forecasts.csv,identifier,asset_id,MTG:SECRET_LAIR:SL-4735ED23F7A4FD,1
forecasts.csv,identifier,asset_id,MTG:SECRET_LAIR:SL-47609F826AE46F,1
forecasts.csv,identifier,asset_id,MTG:SECRET_LAIR:SL-47D0706F022868,1
forecasts.csv,identifier,asset_id,MTG:SECRET_LAIR:SL-47FD7A58931702,1
forecasts.csv,identifier,asset_id,MTG:SECRET_LAIR:SL-481026198BBC92,1
forecasts.csv,identifier,asset_id,MTG:SECRET_LAIR:SL-481C91DE34F288,1
forecasts.csv,identifier,asset_id,MTG:SECRET_LAIR:SL-485FDCB7A00AFE,1
forecasts.csv,identifier,asset_id,MTG:SECRET_LAIR:SL-48E2D44B0DB112,1
forecasts.csv,identifier,asset_id,MTG:SECRET_LAIR:SL-4A13D668591161,1
forecasts.csv,identifier,asset_id,MTG:SECRET_LAIR:SL-4AF8E5539A3A37,1
forecasts.csv,identifier,asset_id,MTG:SECRET_LAIR:SL-4AFB9096DD6221,1
forecasts.csv,identifier,asset_id,MTG:SECRET_LAIR:SL-4B22D43419542B,1
forecasts.csv,identifier,asset_id,MTG:SECRET_LAIR:SL-4B314F21B95F79,1
forecasts.csv,identifier,asset_id,MTG:SECRET_LAIR:SL-4BE57560047EB4,1
forecasts.csv,identifier,asset_id,MTG:SECRET_LAIR:SL-4BF63B64592660,1
forecasts.csv,identifier,asset_id,MTG:SECRET_LAIR:SL-4BF7FE45B6D5FA,1
forecasts.csv,identifier,asset_id,MTG:SECRET_LAIR:SL-4C044399719CB3,1
forecasts.csv,identifier,asset_id,MTG:SECRET_LAIR:SL-4C3509AD7E230B,1
forecasts.csv,identifier,asset_id,MTG:SECRET_LAIR:SL-4C4FCD42C6E4CB,1
forecasts.csv,identifier,asset_id,MTG:SECRET_LAIR:SL-4C6A3C65A74465,1
forecasts.csv,identifier,asset_id,MTG:SECRET_LAIR:SL-4D59CDC526B4A4,1
forecasts.csv,identifier,asset_id,MTG:SECRET_LAIR:SL-4D89F0ED51988D,1
forecasts.csv,identifier,asset_id,MTG:SECRET_LAIR:SL-4E0F9462AECE34,1
forecasts.csv,identifier,asset_id,MTG:SECRET_LAIR:SL-4E3DD31A8F10CD,1
forecasts.csv,identifier,asset_id,MTG:SECRET_LAIR:SL-4E446C326A35E0,1
forecasts.csv,identifier,asset_id,MTG:SECRET_LAIR:SL-4E4666C9C585DF,1
forecasts.csv,identifier,asset_id,MTG:SECRET_LAIR:SL-4F949907592453,1
forecasts.csv,identifier,asset_id,MTG:SECRET_LAIR:SL-500F5F97CE9D3D,1
forecasts.csv,identifier,asset_id,MTG:SECRET_LAIR:SL-5023185002A2AA,1
forecasts.csv,identifier,asset_id,MTG:SECRET_LAIR:SL-5068960BC36908,1
forecasts.csv,identifier,asset_id,MTG:SECRET_LAIR:SL-50C145DADB01EC,1
forecasts.csv,identifier,asset_id,MTG:SECRET_LAIR:SL-50E644B80B9CC1,1
forecasts.csv,identifier,asset_id,MTG:SECRET_LAIR:SL-50FC4B0DB8BFBC,1
forecasts.csv,identifier,asset_id,MTG:SECRET_LAIR:SL-514B5766ECCE6E,1
forecasts.csv,identifier,asset_id,MTG:SECRET_LAIR:SL-514C1D6728B156,1
forecasts.csv,identifier,asset_id,MTG:SECRET_LAIR:SL-51976658E5C23C,1
forecasts.csv,identifier,asset_id,MTG:SECRET_LAIR:SL-51F0E5266661E3,1
forecasts.csv,identifier,asset_id,MTG:SECRET_LAIR:SL-51F6FE2831BC59,1
forecasts.csv,identifier,asset_id,MTG:SECRET_LAIR:SL-52287049EB9C78,1
forecasts.csv,identifier,asset_id,MTG:SECRET_LAIR:SL-5255E36FDEE99C,1
forecasts.csv,identifier,asset_id,MTG:SECRET_LAIR:SL-52AD75C0AF1006,1
forecasts.csv,identifier,asset_id,MTG:SECRET_LAIR:SL-52D6DADA65F954,1
forecasts.csv,identifier,asset_id,MTG:SECRET_LAIR:SL-52F611E7CD122A,1
forecasts.csv,identifier,asset_id,MTG:SECRET_LAIR:SL-5372DCEAF5B496,1
forecasts.csv,identifier,asset_id,MTG:SECRET_LAIR:SL-5375C51D0AF757,1
forecasts.csv,identifier,asset_id,MTG:SECRET_LAIR:SL-537F7A73B4E5D7,1
forecasts.csv,identifier,asset_id,MTG:SECRET_LAIR:SL-539814AFE340EF,1
forecasts.csv,identifier,asset_id,MTG:SECRET_LAIR:SL-53DBCED4126506,1
forecasts.csv,identifier,asset_id,MTG:SECRET_LAIR:SL-53E99BA82486AE,1
forecasts.csv,identifier,asset_id,MTG:SECRET_LAIR:SL-53EFFF4AB66655,1
forecasts.csv,identifier,asset_id,MTG:SECRET_LAIR:SL-5460CC74A875D8,1
forecasts.csv,identifier,asset_id,MTG:SECRET_LAIR:SL-5468F7B9EAB454,1
forecasts.csv,identifier,asset_id,MTG:SECRET_LAIR:SL-54C9080526A1C2,1
forecasts.csv,identifier,asset_id,MTG:SECRET_LAIR:SL-54E30F9610306E,1
forecasts.csv,identifier,asset_id,MTG:SECRET_LAIR:SL-55E97B4006F89E,1
forecasts.csv,identifier,asset_id,MTG:SECRET_LAIR:SL-560F109DA33288,1
forecasts.csv,identifier,asset_id,MTG:SECRET_LAIR:SL-5623C86036522B,1
forecasts.csv,identifier,asset_id,MTG:SECRET_LAIR:SL-568C9C053EB3C5,1
forecasts.csv,identifier,asset_id,MTG:SECRET_LAIR:SL-56A06CCE61A990,1
forecasts.csv,identifier,asset_id,MTG:SECRET_LAIR:SL-57224CF33D1B18,1
forecasts.csv,identifier,asset_id,MTG:SECRET_LAIR:SL-57B769C050A1F6,1
forecasts.csv,identifier,asset_id,MTG:SECRET_LAIR:SL-585CACD9E76000,1
forecasts.csv,identifier,asset_id,MTG:SECRET_LAIR:SL-5866DDA4AFF1E6,1
forecasts.csv,identifier,asset_id,MTG:SECRET_LAIR:SL-5870A36D552768,1
forecasts.csv,identifier,asset_id,MTG:SECRET_LAIR:SL-58CA1F11EE3BE3,1
forecasts.csv,identifier,asset_id,MTG:SECRET_LAIR:SL-5933AE80C184BC,1
forecasts.csv,identifier,asset_id,MTG:SECRET_LAIR:SL-59E7F564794C20,1
forecasts.csv,identifier,asset_id,MTG:SECRET_LAIR:SL-5A1F788DAA7722,1
forecasts.csv,identifier,asset_id,MTG:SECRET_LAIR:SL-5A4A678A238B50,1
forecasts.csv,identifier,asset_id,MTG:SECRET_LAIR:SL-5A6AE8606BA087,1
forecasts.csv,identifier,asset_id,MTG:SECRET_LAIR:SL-5B3A6F59394F77,1
forecasts.csv,identifier,asset_id,MTG:SECRET_LAIR:SL-5B5B32122CDD63,1
forecasts.csv,identifier,asset_id,MTG:SECRET_LAIR:SL-5B6759715093DA,1
forecasts.csv,identifier,asset_id,MTG:SECRET_LAIR:SL-5C3F30C12BEBAB,1
forecasts.csv,identifier,asset_id,MTG:SECRET_LAIR:SL-5C5578252D2926,1
forecasts.csv,identifier,asset_id,MTG:SECRET_LAIR:SL-5C83F0908286AA,1
forecasts.csv,identifier,asset_id,MTG:SECRET_LAIR:SL-5CD1718708F7CF,1
forecasts.csv,identifier,asset_id,MTG:SECRET_LAIR:SL-5D627AA081FA6B,1
forecasts.csv,identifier,asset_id,MTG:SECRET_LAIR:SL-5DCBAF53678E9A,1
forecasts.csv,identifier,asset_id,MTG:SECRET_LAIR:SL-5DE687263E31C2,1
forecasts.csv,identifier,asset_id,MTG:SECRET_LAIR:SL-5DFBCE0AB83C38,1
forecasts.csv,identifier,asset_id,MTG:SECRET_LAIR:SL-5E385BCEB8C1D3,1
forecasts.csv,identifier,asset_id,MTG:SECRET_LAIR:SL-5E88158210994E,1
forecasts.csv,identifier,asset_id,MTG:SECRET_LAIR:SL-5EF93AB87CC7BC,1
forecasts.csv,identifier,asset_id,MTG:SECRET_LAIR:SL-5FB294356B3D9E,1
forecasts.csv,identifier,asset_id,MTG:SECRET_LAIR:SL-5FE7868CA1C657,1
forecasts.csv,identifier,asset_id,MTG:SECRET_LAIR:SL-5FF41CC2D13BA0,1
forecasts.csv,identifier,asset_id,MTG:SECRET_LAIR:SL-600CD704BB077D,1
forecasts.csv,identifier,asset_id,MTG:SECRET_LAIR:SL-60461872853DE5,1
forecasts.csv,identifier,asset_id,MTG:SECRET_LAIR:SL-60A40519C4C2EC,1
forecasts.csv,identifier,asset_id,MTG:SECRET_LAIR:SL-60B5B69D0C5853,1
forecasts.csv,identifier,asset_id,MTG:SECRET_LAIR:SL-60BFB1DCD1B82F,1
forecasts.csv,identifier,asset_id,MTG:SECRET_LAIR:SL-60FC2555A55C64,1
forecasts.csv,identifier,asset_id,MTG:SECRET_LAIR:SL-61289242472F60,1
forecasts.csv,identifier,asset_id,MTG:SECRET_LAIR:SL-61E8E5DF8B1BBE,1
forecasts.csv,identifier,asset_id,MTG:SECRET_LAIR:SL-61FF8037187542,1
forecasts.csv,identifier,asset_id,MTG:SECRET_LAIR:SL-622D7365B067D1,1
forecasts.csv,identifier,asset_id,MTG:SECRET_LAIR:SL-623013DF1CDC7A,1
forecasts.csv,identifier,asset_id,MTG:SECRET_LAIR:SL-62530032A99C72,1
forecasts.csv,identifier,asset_id,MTG:SECRET_LAIR:SL-6272B7E7FCCDE5,1
forecasts.csv,identifier,asset_id,MTG:SECRET_LAIR:SL-627854ED741646,1
forecasts.csv,identifier,asset_id,MTG:SECRET_LAIR:SL-62924E622370DA,1
forecasts.csv,identifier,asset_id,MTG:SECRET_LAIR:SL-62BFC9811DD915,1
forecasts.csv,identifier,asset_id,MTG:SECRET_LAIR:SL-62C80AB34D9CC5,1
forecasts.csv,identifier,asset_id,MTG:SECRET_LAIR:SL-63246582180433,1
forecasts.csv,identifier,asset_id,MTG:SECRET_LAIR:SL-63F3882ECD7C27,1
forecasts.csv,identifier,asset_id,MTG:SECRET_LAIR:SL-641F10B993511F,1
forecasts.csv,identifier,asset_id,MTG:SECRET_LAIR:SL-64570B00C96787,1
forecasts.csv,identifier,asset_id,MTG:SECRET_LAIR:SL-649995DEB9E53B,1
forecasts.csv,identifier,asset_id,MTG:SECRET_LAIR:SL-64DF5C443D393A,1
forecasts.csv,identifier,asset_id,MTG:SECRET_LAIR:SL-653ECA949C539E,1
forecasts.csv,identifier,asset_id,MTG:SECRET_LAIR:SL-65D2FBF09647F2,1
forecasts.csv,identifier,asset_id,MTG:SECRET_LAIR:SL-6640A3B637C825,1
forecasts.csv,identifier,asset_id,MTG:SECRET_LAIR:SL-66650DD69BF4D5,1
forecasts.csv,identifier,asset_id,MTG:SECRET_LAIR:SL-67CAEA24680CC1,1
forecasts.csv,identifier,asset_id,MTG:SECRET_LAIR:SL-6826C5CCC691B8,1
forecasts.csv,identifier,asset_id,MTG:SECRET_LAIR:SL-686E1BBEBCBFAA,1
forecasts.csv,identifier,asset_id,MTG:SECRET_LAIR:SL-690BF3733992EE,1
forecasts.csv,identifier,asset_id,MTG:SECRET_LAIR:SL-6913FBEDFDB80B,1
forecasts.csv,identifier,asset_id,MTG:SECRET_LAIR:SL-69852EB562DC18,1
forecasts.csv,identifier,asset_id,MTG:SECRET_LAIR:SL-698A08AB4D7C37,1
forecasts.csv,identifier,asset_id,MTG:SECRET_LAIR:SL-69FAC4782CEAD8,1
forecasts.csv,identifier,asset_id,MTG:SECRET_LAIR:SL-6A188AFCDB31E1,1
forecasts.csv,identifier,asset_id,MTG:SECRET_LAIR:SL-6A2D2E139F2254,1
forecasts.csv,identifier,asset_id,MTG:SECRET_LAIR:SL-6A7B01B7E9573D,1
forecasts.csv,identifier,asset_id,MTG:SECRET_LAIR:SL-6AF6F8F8E4C984,1
forecasts.csv,identifier,asset_id,MTG:SECRET_LAIR:SL-6B03C6C7C5B91D,1
forecasts.csv,identifier,asset_id,MTG:SECRET_LAIR:SL-6B5DCD60BA5730,1
forecasts.csv,identifier,asset_id,MTG:SECRET_LAIR:SL-6B6C979A6E1B4E,1
forecasts.csv,identifier,asset_id,MTG:SECRET_LAIR:SL-6B7BB6F2DC6CCE,1
forecasts.csv,identifier,asset_id,MTG:SECRET_LAIR:SL-6C10833A178EED,1
forecasts.csv,identifier,asset_id,MTG:SECRET_LAIR:SL-6C1B3964A65485,1
forecasts.csv,identifier,asset_id,MTG:SECRET_LAIR:SL-6C256345194D9E,1
forecasts.csv,identifier,asset_id,MTG:SECRET_LAIR:SL-6CD9F3DF876B1F,1
forecasts.csv,identifier,asset_id,MTG:SECRET_LAIR:SL-6CE59E51DCC615,1
forecasts.csv,identifier,asset_id,MTG:SECRET_LAIR:SL-6D386CB092B8F1,1
forecasts.csv,identifier,asset_id,MTG:SECRET_LAIR:SL-6D6C79C2652BFD,1
forecasts.csv,identifier,asset_id,MTG:SECRET_LAIR:SL-6DA9DA55C5623B,1
forecasts.csv,identifier,asset_id,MTG:SECRET_LAIR:SL-6DF016FCB60547,1
forecasts.csv,identifier,asset_id,MTG:SECRET_LAIR:SL-6DFA783F3B9A37,1
forecasts.csv,identifier,asset_id,MTG:SECRET_LAIR:SL-6E10E7A8BD8C2C,1
forecasts.csv,identifier,asset_id,MTG:SECRET_LAIR:SL-6E398CB1F66169,1
forecasts.csv,identifier,asset_id,MTG:SECRET_LAIR:SL-6E41C5BF4AA13D,1
forecasts.csv,identifier,asset_id,MTG:SECRET_LAIR:SL-6E54B9A2BF9CBF,1
forecasts.csv,identifier,asset_id,MTG:SECRET_LAIR:SL-6EB03A8FE440C8,1
forecasts.csv,identifier,asset_id,MTG:SECRET_LAIR:SL-6EC27A54060DFF,1
forecasts.csv,identifier,asset_id,MTG:SECRET_LAIR:SL-6F5DC80C66F4E7,1
forecasts.csv,identifier,asset_id,MTG:SECRET_LAIR:SL-6F9B1732BC4226,1
forecasts.csv,identifier,asset_id,MTG:SECRET_LAIR:SL-701AF6693C838C,1
forecasts.csv,identifier,asset_id,MTG:SECRET_LAIR:SL-70307120926003,1
forecasts.csv,identifier,asset_id,MTG:SECRET_LAIR:SL-711EEDF03C34FB,1
forecasts.csv,identifier,asset_id,MTG:SECRET_LAIR:SL-7184A0B63B1E9E,1
forecasts.csv,identifier,asset_id,MTG:SECRET_LAIR:SL-72472EFE8746C4,1
forecasts.csv,identifier,asset_id,MTG:SECRET_LAIR:SL-729124208E824A,1
forecasts.csv,identifier,asset_id,MTG:SECRET_LAIR:SL-72B79910F6BD16,1
forecasts.csv,identifier,asset_id,MTG:SECRET_LAIR:SL-72C3D4333AE81B,1
forecasts.csv,identifier,asset_id,MTG:SECRET_LAIR:SL-72C515905E7352,1
forecasts.csv,identifier,asset_id,MTG:SECRET_LAIR:SL-7321B93310E560,1
forecasts.csv,identifier,asset_id,MTG:SECRET_LAIR:SL-732A9E59B24774,1
forecasts.csv,identifier,asset_id,MTG:SECRET_LAIR:SL-73CD6FD155407F,1
forecasts.csv,identifier,asset_id,MTG:SECRET_LAIR:SL-73D3B01E989878,1
forecasts.csv,identifier,asset_id,MTG:SECRET_LAIR:SL-73D93121EB1CDB,1
forecasts.csv,identifier,asset_id,MTG:SECRET_LAIR:SL-74035B29B5EAA4,1
forecasts.csv,identifier,asset_id,MTG:SECRET_LAIR:SL-74104655C7BE3C,1
forecasts.csv,identifier,asset_id,MTG:SECRET_LAIR:SL-7417373ADFE528,1
forecasts.csv,identifier,asset_id,MTG:SECRET_LAIR:SL-747C45FB80DFBE,1
forecasts.csv,identifier,asset_id,MTG:SECRET_LAIR:SL-750655931E6F97,1
forecasts.csv,identifier,asset_id,MTG:SECRET_LAIR:SL-75579AD5DE6CB9,1
forecasts.csv,identifier,asset_id,MTG:SECRET_LAIR:SL-75A147DF7061C1,1
forecasts.csv,identifier,asset_id,MTG:SECRET_LAIR:SL-75C9DE65D2674C,1
forecasts.csv,identifier,asset_id,MTG:SECRET_LAIR:SL-75D2EFF8DB9AA4,1
forecasts.csv,identifier,asset_id,MTG:SECRET_LAIR:SL-75EB6270819FE3,1
forecasts.csv,identifier,asset_id,MTG:SECRET_LAIR:SL-761D477012E693,1
forecasts.csv,identifier,asset_id,MTG:SECRET_LAIR:SL-769EDCF494E5DB,1
forecasts.csv,identifier,asset_id,MTG:SECRET_LAIR:SL-76D63CDFA651CA,1
forecasts.csv,identifier,asset_id,MTG:SECRET_LAIR:SL-76D8B5BE432384,1
forecasts.csv,identifier,asset_id,MTG:SECRET_LAIR:SL-76EE3574620B68,1
forecasts.csv,identifier,asset_id,MTG:SECRET_LAIR:SL-7704D13F4E7F46,1
forecasts.csv,identifier,asset_id,MTG:SECRET_LAIR:SL-7716CAD08A2C84,1
forecasts.csv,identifier,asset_id,MTG:SECRET_LAIR:SL-771BBE0ADFF762,1
forecasts.csv,identifier,asset_id,MTG:SECRET_LAIR:SL-774E94D5987351,1
forecasts.csv,identifier,asset_id,MTG:SECRET_LAIR:SL-77B45F83FF98D9,1
forecasts.csv,identifier,asset_id,MTG:SECRET_LAIR:SL-789447B652E3B8,1
forecasts.csv,identifier,asset_id,MTG:SECRET_LAIR:SL-78C40B1B9F39C2,1
forecasts.csv,identifier,asset_id,MTG:SECRET_LAIR:SL-7993B0A0677511,1
forecasts.csv,identifier,asset_id,MTG:SECRET_LAIR:SL-7A106AED6BFADC,1
forecasts.csv,identifier,asset_id,MTG:SECRET_LAIR:SL-7A15A1811F841D,1
forecasts.csv,identifier,asset_id,MTG:SECRET_LAIR:SL-7A1A1484F233C2,1
forecasts.csv,identifier,asset_id,MTG:SECRET_LAIR:SL-7AB8CB8D6BF8A6,1
forecasts.csv,identifier,asset_id,MTG:SECRET_LAIR:SL-7AFCC7EB7F6678,1
forecasts.csv,identifier,asset_id,MTG:SECRET_LAIR:SL-7B02CD15018C5D,1
forecasts.csv,identifier,asset_id,MTG:SECRET_LAIR:SL-7B17A9D6C16703,1
forecasts.csv,identifier,asset_id,MTG:SECRET_LAIR:SL-7B48FB549C4A3E,1
forecasts.csv,identifier,asset_id,MTG:SECRET_LAIR:SL-7B6BF7476036E4,1
forecasts.csv,identifier,asset_id,MTG:SECRET_LAIR:SL-7C2B424B1C7969,1
forecasts.csv,identifier,asset_id,MTG:SECRET_LAIR:SL-7C656D70CEC8AA,1
forecasts.csv,identifier,asset_id,MTG:SECRET_LAIR:SL-7CCCC779832E62,1
forecasts.csv,identifier,asset_id,MTG:SECRET_LAIR:SL-7CCD4E3550ADDB,1
forecasts.csv,identifier,asset_id,MTG:SECRET_LAIR:SL-7CD7CFCF523E56,1
forecasts.csv,identifier,asset_id,MTG:SECRET_LAIR:SL-7D6A0F10ADD5A6,1
forecasts.csv,identifier,asset_id,MTG:SECRET_LAIR:SL-7DE930AD4A4B8C,1
forecasts.csv,identifier,asset_id,MTG:SECRET_LAIR:SL-7E347F44185EA2,1
forecasts.csv,identifier,asset_id,MTG:SECRET_LAIR:SL-7E61275FD5CC85,1
forecasts.csv,identifier,asset_id,MTG:SECRET_LAIR:SL-7E75AB2D5E48E1,1
forecasts.csv,identifier,asset_id,MTG:SECRET_LAIR:SL-7E80920E7FFF0A,1
forecasts.csv,identifier,asset_id,MTG:SECRET_LAIR:SL-7EA408BA13BB00,1
forecasts.csv,identifier,asset_id,MTG:SECRET_LAIR:SL-7EAFE139BC0BCD,1
forecasts.csv,identifier,asset_id,MTG:SECRET_LAIR:SL-7ECED24F562902,1
forecasts.csv,identifier,asset_id,MTG:SECRET_LAIR:SL-7F55A4E4C3D3D0,1
forecasts.csv,identifier,asset_id,MTG:SECRET_LAIR:SL-7F86F1BD66EEEB,1
forecasts.csv,identifier,asset_id,MTG:SECRET_LAIR:SL-7FD38092671142,1
forecasts.csv,identifier,asset_id,MTG:SECRET_LAIR:SL-7FF5D4693BDBF9,1
forecasts.csv,identifier,asset_id,MTG:SECRET_LAIR:SL-800F3A66865530,1
forecasts.csv,identifier,asset_id,MTG:SECRET_LAIR:SL-81870DDCED77D3,1
forecasts.csv,identifier,asset_id,MTG:SECRET_LAIR:SL-81FFD366420F3A,1
forecasts.csv,identifier,asset_id,MTG:SECRET_LAIR:SL-823B9F2127A229,1
forecasts.csv,identifier,asset_id,MTG:SECRET_LAIR:SL-831C7242985EC8,1
forecasts.csv,identifier,asset_id,MTG:SECRET_LAIR:SL-832BF55C6E27A1,1
forecasts.csv,identifier,asset_id,MTG:SECRET_LAIR:SL-835C4CD141949B,1
forecasts.csv,identifier,asset_id,MTG:SECRET_LAIR:SL-8396530F9CA30C,1
forecasts.csv,identifier,asset_id,MTG:SECRET_LAIR:SL-839B89840B6DBF,1
forecasts.csv,identifier,asset_id,MTG:SECRET_LAIR:SL-83DFC7BCCB8A6D,1
forecasts.csv,identifier,asset_id,MTG:SECRET_LAIR:SL-83E8E9E9BDAB7C,1
forecasts.csv,identifier,asset_id,MTG:SECRET_LAIR:SL-85D9B6A0A7C714,1
forecasts.csv,identifier,asset_id,MTG:SECRET_LAIR:SL-86693ED2B58D32,1
forecasts.csv,identifier,asset_id,MTG:SECRET_LAIR:SL-866F1B1463479D,1
forecasts.csv,identifier,asset_id,MTG:SECRET_LAIR:SL-8679F958F70268,1
forecasts.csv,identifier,asset_id,MTG:SECRET_LAIR:SL-867D74417C00E1,1
forecasts.csv,identifier,asset_id,MTG:SECRET_LAIR:SL-86A2BCC3D47BF2,1
forecasts.csv,identifier,asset_id,MTG:SECRET_LAIR:SL-86AA5CC0673EF5,1
forecasts.csv,identifier,asset_id,MTG:SECRET_LAIR:SL-86C6A385452411,1
forecasts.csv,identifier,asset_id,MTG:SECRET_LAIR:SL-86F0753AA66E4B,1
forecasts.csv,identifier,asset_id,MTG:SECRET_LAIR:SL-87225328ADBE06,1
forecasts.csv,identifier,asset_id,MTG:SECRET_LAIR:SL-873865C256386B,1
forecasts.csv,identifier,asset_id,MTG:SECRET_LAIR:SL-8741607914304D,1
forecasts.csv,identifier,asset_id,MTG:SECRET_LAIR:SL-876ECC963B1678,1
forecasts.csv,identifier,asset_id,MTG:SECRET_LAIR:SL-8789D987BBC540,1
forecasts.csv,identifier,asset_id,MTG:SECRET_LAIR:SL-87961062B3471E,1
forecasts.csv,identifier,asset_id,MTG:SECRET_LAIR:SL-879DE87D93AF4D,1
forecasts.csv,identifier,asset_id,MTG:SECRET_LAIR:SL-87A9F998D7BC8B,1
forecasts.csv,identifier,asset_id,MTG:SECRET_LAIR:SL-88061F345B7215,1
forecasts.csv,identifier,asset_id,MTG:SECRET_LAIR:SL-8809E95120F445,1
forecasts.csv,identifier,asset_id,MTG:SECRET_LAIR:SL-88141E031F2873,1
forecasts.csv,identifier,asset_id,MTG:SECRET_LAIR:SL-88858FD4A6CAF7,1
forecasts.csv,identifier,asset_id,MTG:SECRET_LAIR:SL-888F2E0C4FB9B0,1
forecasts.csv,identifier,asset_id,MTG:SECRET_LAIR:SL-88ECC52C2FD66F,1
forecasts.csv,identifier,asset_id,MTG:SECRET_LAIR:SL-89002E8BB22ACE,1
forecasts.csv,identifier,asset_id,MTG:SECRET_LAIR:SL-892D977231D36E,1
forecasts.csv,identifier,asset_id,MTG:SECRET_LAIR:SL-896468C2158E5D,1
forecasts.csv,identifier,asset_id,MTG:SECRET_LAIR:SL-89D18240A7624C,1
forecasts.csv,identifier,asset_id,MTG:SECRET_LAIR:SL-89EE2906EE10D0,1
forecasts.csv,identifier,asset_id,MTG:SECRET_LAIR:SL-8A15902ECB78B5,1
forecasts.csv,identifier,asset_id,MTG:SECRET_LAIR:SL-8A1A953119552E,1
forecasts.csv,identifier,asset_id,MTG:SECRET_LAIR:SL-8AAEC38BEC5FBD,1
forecasts.csv,identifier,asset_id,MTG:SECRET_LAIR:SL-8AF1D3A4344B55,1
forecasts.csv,identifier,asset_id,MTG:SECRET_LAIR:SL-8B33672F7EA3BC,1
forecasts.csv,identifier,asset_id,MTG:SECRET_LAIR:SL-8B470F1D9379AF,1
forecasts.csv,identifier,asset_id,MTG:SECRET_LAIR:SL-8BC0DEE34E59D2,1
forecasts.csv,identifier,asset_id,MTG:SECRET_LAIR:SL-8D1031212D3210,1
forecasts.csv,identifier,asset_id,MTG:SECRET_LAIR:SL-8D82D482708660,1
forecasts.csv,identifier,asset_id,MTG:SECRET_LAIR:SL-8DF7AA99C9F2C9,1
forecasts.csv,identifier,asset_id,MTG:SECRET_LAIR:SL-8DFBEA2BADBCC4,1
forecasts.csv,identifier,asset_id,MTG:SECRET_LAIR:SL-8E1886C829359A,1
forecasts.csv,identifier,asset_id,MTG:SECRET_LAIR:SL-8E83F173AEC350,1
forecasts.csv,identifier,asset_id,MTG:SECRET_LAIR:SL-8EBDE365E2A458,1
forecasts.csv,identifier,asset_id,MTG:SECRET_LAIR:SL-8F42E22C21A812,1
forecasts.csv,identifier,asset_id,MTG:SECRET_LAIR:SL-8F5540C2D38BA1,1
forecasts.csv,identifier,asset_id,MTG:SECRET_LAIR:SL-8FC5EC5CE5CF31,1
forecasts.csv,identifier,asset_id,MTG:SECRET_LAIR:SL-8FED6673D932CA,1
forecasts.csv,identifier,asset_id,MTG:SECRET_LAIR:SL-901432F718875C,1
forecasts.csv,identifier,asset_id,MTG:SECRET_LAIR:SL-9026C39DC2D584,1
forecasts.csv,identifier,asset_id,MTG:SECRET_LAIR:SL-906DC103EE0D2F,1
forecasts.csv,identifier,asset_id,MTG:SECRET_LAIR:SL-90725EB2DB66FA,1
forecasts.csv,identifier,asset_id,MTG:SECRET_LAIR:SL-908B8F97F7A4CA,1
forecasts.csv,identifier,asset_id,MTG:SECRET_LAIR:SL-90A9B91CE326E6,1
forecasts.csv,identifier,asset_id,MTG:SECRET_LAIR:SL-9179B083C2914F,1
forecasts.csv,identifier,asset_id,MTG:SECRET_LAIR:SL-91B8D55112E9C9,1
forecasts.csv,identifier,asset_id,MTG:SECRET_LAIR:SL-920AF504850AFD,1
forecasts.csv,identifier,asset_id,MTG:SECRET_LAIR:SL-92D9B3EFB117F4,1
forecasts.csv,identifier,asset_id,MTG:SECRET_LAIR:SL-934530AEA76C05,1
forecasts.csv,identifier,asset_id,MTG:SECRET_LAIR:SL-9354CD516531FE,1
forecasts.csv,identifier,asset_id,MTG:SECRET_LAIR:SL-9392A78457BB01,1
forecasts.csv,identifier,asset_id,MTG:SECRET_LAIR:SL-93933272405D31,1
forecasts.csv,identifier,asset_id,MTG:SECRET_LAIR:SL-93F3442047281C,1
forecasts.csv,identifier,asset_id,MTG:SECRET_LAIR:SL-945C1DB70B69C9,1
forecasts.csv,identifier,asset_id,MTG:SECRET_LAIR:SL-946D20169FB178,1
forecasts.csv,identifier,asset_id,MTG:SECRET_LAIR:SL-94AFDF17C76C12,1
forecasts.csv,identifier,asset_id,MTG:SECRET_LAIR:SL-94D47F07F61A0F,1
forecasts.csv,identifier,asset_id,MTG:SECRET_LAIR:SL-9501FA347D3861,1
forecasts.csv,identifier,asset_id,MTG:SECRET_LAIR:SL-950215B0A2668B,1
forecasts.csv,identifier,asset_id,MTG:SECRET_LAIR:SL-950A1262892ED0,1
forecasts.csv,identifier,asset_id,MTG:SECRET_LAIR:SL-95580EA636B3FF,1
forecasts.csv,identifier,asset_id,MTG:SECRET_LAIR:SL-95C045CE385254,1
forecasts.csv,identifier,asset_id,MTG:SECRET_LAIR:SL-95CA1F687198C8,1
forecasts.csv,identifier,asset_id,MTG:SECRET_LAIR:SL-95F8B6ADF74AF6,1
forecasts.csv,identifier,asset_id,MTG:SECRET_LAIR:SL-960978B749E8BC,1
forecasts.csv,identifier,asset_id,MTG:SECRET_LAIR:SL-960F8E0D48A128,1
forecasts.csv,identifier,asset_id,MTG:SECRET_LAIR:SL-9636BECFACB4FB,1
forecasts.csv,identifier,asset_id,MTG:SECRET_LAIR:SL-96BE56C157011C,1
forecasts.csv,identifier,asset_id,MTG:SECRET_LAIR:SL-96C67AB7F9BDE5,1
forecasts.csv,identifier,asset_id,MTG:SECRET_LAIR:SL-96CADB0742DD94,1
forecasts.csv,identifier,asset_id,MTG:SECRET_LAIR:SL-9704D4ABAC066A,1
forecasts.csv,identifier,asset_id,MTG:SECRET_LAIR:SL-97078E5D14EBE4,1
forecasts.csv,identifier,asset_id,MTG:SECRET_LAIR:SL-9717333D02A391,1
forecasts.csv,identifier,asset_id,MTG:SECRET_LAIR:SL-9762ED8DD0FDB9,1
forecasts.csv,identifier,asset_id,MTG:SECRET_LAIR:SL-97A19C3BC3A646,1
forecasts.csv,identifier,asset_id,MTG:SECRET_LAIR:SL-97B83ADAA797E8,1
forecasts.csv,identifier,asset_id,MTG:SECRET_LAIR:SL-97D4DC2FDE2271,1
forecasts.csv,identifier,asset_id,MTG:SECRET_LAIR:SL-97E67435FE209E,1
forecasts.csv,identifier,asset_id,MTG:SECRET_LAIR:SL-98B49C340237E2,1
forecasts.csv,identifier,asset_id,MTG:SECRET_LAIR:SL-9956C343D188B0,1
forecasts.csv,identifier,asset_id,MTG:SECRET_LAIR:SL-9962EA8B669B4F,1
forecasts.csv,identifier,asset_id,MTG:SECRET_LAIR:SL-9A20B1803ACEFF,1
forecasts.csv,identifier,asset_id,MTG:SECRET_LAIR:SL-9A6EF28EECF2DC,1
forecasts.csv,identifier,asset_id,MTG:SECRET_LAIR:SL-9A70751B3B58BD,1
forecasts.csv,identifier,asset_id,MTG:SECRET_LAIR:SL-9B1071444456CB,1
forecasts.csv,identifier,asset_id,MTG:SECRET_LAIR:SL-9B4F84E69F4CCE,1
forecasts.csv,identifier,asset_id,MTG:SECRET_LAIR:SL-9BC9B71A47DED5,1
forecasts.csv,identifier,asset_id,MTG:SECRET_LAIR:SL-9BE91DCFB8B637,1
forecasts.csv,identifier,asset_id,MTG:SECRET_LAIR:SL-9BF166AA8657DF,1
forecasts.csv,identifier,asset_id,MTG:SECRET_LAIR:SL-9CD3BAD93DA107,1
forecasts.csv,identifier,asset_id,MTG:SECRET_LAIR:SL-9CD93C9989F563,1
forecasts.csv,identifier,asset_id,MTG:SECRET_LAIR:SL-9E1C46A1207B0B,1
forecasts.csv,identifier,asset_id,MTG:SECRET_LAIR:SL-9E3BBD4ED8D2C6,1
forecasts.csv,identifier,asset_id,MTG:SECRET_LAIR:SL-9EA2580F2EEDC6,1
forecasts.csv,identifier,asset_id,MTG:SECRET_LAIR:SL-9EAF8671F2BE80,1
forecasts.csv,identifier,asset_id,MTG:SECRET_LAIR:SL-9EDDAD28E6FDFB,1
forecasts.csv,identifier,asset_id,MTG:SECRET_LAIR:SL-9EEE08FA6CD557,1
forecasts.csv,identifier,asset_id,MTG:SECRET_LAIR:SL-9EFB956D77D864,1
forecasts.csv,identifier,asset_id,MTG:SECRET_LAIR:SL-9F25EFE6D18364,1
forecasts.csv,identifier,asset_id,MTG:SECRET_LAIR:SL-9F2EA943C39F55,1
forecasts.csv,identifier,asset_id,MTG:SECRET_LAIR:SL-9F9E2E3B15A276,1
forecasts.csv,identifier,asset_id,MTG:SECRET_LAIR:SL-9FDDEAE495C5DE,1
forecasts.csv,identifier,asset_id,MTG:SECRET_LAIR:SL-A000A22E459D28,1
forecasts.csv,identifier,asset_id,MTG:SECRET_LAIR:SL-A0A3FDF7E0BD6D,1
forecasts.csv,identifier,asset_id,MTG:SECRET_LAIR:SL-A0CEFE66D8D941,1
forecasts.csv,identifier,asset_id,MTG:SECRET_LAIR:SL-A0E13DA74146D6,1
forecasts.csv,identifier,asset_id,MTG:SECRET_LAIR:SL-A0F468E911DF55,1
forecasts.csv,identifier,asset_id,MTG:SECRET_LAIR:SL-A13BDE5A40E7C6,1
forecasts.csv,identifier,asset_id,MTG:SECRET_LAIR:SL-A15A9EF8FFC0C3,1
forecasts.csv,identifier,asset_id,MTG:SECRET_LAIR:SL-A1DD82B9F45A59,1
forecasts.csv,identifier,asset_id,MTG:SECRET_LAIR:SL-A1F9DC4DE016E1,1
forecasts.csv,identifier,asset_id,MTG:SECRET_LAIR:SL-A26DEC91D98CFF,1
forecasts.csv,identifier,asset_id,MTG:SECRET_LAIR:SL-A2CAA7DD3627FD,1
forecasts.csv,identifier,asset_id,MTG:SECRET_LAIR:SL-A2E8FE14360AF9,1
forecasts.csv,identifier,asset_id,MTG:SECRET_LAIR:SL-A3ADDCA9165A2F,1
forecasts.csv,identifier,asset_id,MTG:SECRET_LAIR:SL-A4528679EBCD24,1
forecasts.csv,identifier,asset_id,MTG:SECRET_LAIR:SL-A461D1EB9128DC,1
forecasts.csv,identifier,asset_id,MTG:SECRET_LAIR:SL-A47DB53641C91B,1
forecasts.csv,identifier,asset_id,MTG:SECRET_LAIR:SL-A4B37777A977B9,1
forecasts.csv,identifier,asset_id,MTG:SECRET_LAIR:SL-A5708359BCF021,1
forecasts.csv,identifier,asset_id,MTG:SECRET_LAIR:SL-A57E7603094331,1
forecasts.csv,identifier,asset_id,MTG:SECRET_LAIR:SL-A59C9ADCD75BE0,1
forecasts.csv,identifier,asset_id,MTG:SECRET_LAIR:SL-A5E1293D263AF0,1
forecasts.csv,identifier,asset_id,MTG:SECRET_LAIR:SL-A63C3F080DE9D2,1
forecasts.csv,identifier,asset_id,MTG:SECRET_LAIR:SL-A6ECC7D38BF81A,1
forecasts.csv,identifier,asset_id,MTG:SECRET_LAIR:SL-A6FBE97D53BCE6,1
forecasts.csv,identifier,asset_id,MTG:SECRET_LAIR:SL-A709252A4DA96B,1
forecasts.csv,identifier,asset_id,MTG:SECRET_LAIR:SL-A7A995D0FE468E,1
forecasts.csv,identifier,asset_id,MTG:SECRET_LAIR:SL-A7E5B7F6EC8B4A,1
forecasts.csv,identifier,asset_id,MTG:SECRET_LAIR:SL-A7EA98C7CECF4C,1
forecasts.csv,identifier,asset_id,MTG:SECRET_LAIR:SL-A82A8D6CE7A54C,1
forecasts.csv,identifier,asset_id,MTG:SECRET_LAIR:SL-A82BC05ADED8C7,1
forecasts.csv,identifier,asset_id,MTG:SECRET_LAIR:SL-A82BF7D7962B00,1
forecasts.csv,identifier,asset_id,MTG:SECRET_LAIR:SL-A8A83DC7B06C38,1
forecasts.csv,identifier,asset_id,MTG:SECRET_LAIR:SL-A8B0B83EFB86DE,1
forecasts.csv,identifier,asset_id,MTG:SECRET_LAIR:SL-A8B11C02BE3C6B,1
forecasts.csv,identifier,asset_id,MTG:SECRET_LAIR:SL-A8BD8FB79427E4,1
forecasts.csv,identifier,asset_id,MTG:SECRET_LAIR:SL-A9B0DE6D450794,1
forecasts.csv,identifier,asset_id,MTG:SECRET_LAIR:SL-AA1F67E9D21D5F,1
forecasts.csv,identifier,asset_id,MTG:SECRET_LAIR:SL-AA2410B0C1D7D4,1
forecasts.csv,identifier,asset_id,MTG:SECRET_LAIR:SL-AB047EA1882C29,1
forecasts.csv,identifier,asset_id,MTG:SECRET_LAIR:SL-AB56800C1F600A,1
forecasts.csv,identifier,asset_id,MTG:SECRET_LAIR:SL-AB95FD365E982F,1
forecasts.csv,identifier,asset_id,MTG:SECRET_LAIR:SL-ABB49E64363CCC,1
forecasts.csv,identifier,asset_id,MTG:SECRET_LAIR:SL-ABCCB33232898E,1
forecasts.csv,identifier,asset_id,MTG:SECRET_LAIR:SL-ABDD178723A109,1
forecasts.csv,identifier,asset_id,MTG:SECRET_LAIR:SL-AC1856E0C8845C,1
forecasts.csv,identifier,asset_id,MTG:SECRET_LAIR:SL-AC65540B60B707,1
forecasts.csv,identifier,asset_id,MTG:SECRET_LAIR:SL-ACABE87A5A45D3,1
forecasts.csv,identifier,asset_id,MTG:SECRET_LAIR:SL-AD341F83F23370,1
forecasts.csv,identifier,asset_id,MTG:SECRET_LAIR:SL-AD7D0C2C8E16D2,1
forecasts.csv,identifier,asset_id,MTG:SECRET_LAIR:SL-AD8DAA8BB11594,1
forecasts.csv,identifier,asset_id,MTG:SECRET_LAIR:SL-AE029B9E8B8A9F,1
forecasts.csv,identifier,asset_id,MTG:SECRET_LAIR:SL-AEAC3B5B48F1C7,1
forecasts.csv,identifier,asset_id,MTG:SECRET_LAIR:SL-AED577907E5FAA,1
forecasts.csv,identifier,asset_id,MTG:SECRET_LAIR:SL-AEE188BFE88ED3,1
forecasts.csv,identifier,asset_id,MTG:SECRET_LAIR:SL-AF4CAB7AA2FC3B,1
forecasts.csv,identifier,asset_id,MTG:SECRET_LAIR:SL-AF7841CC1354F9,1
forecasts.csv,identifier,asset_id,MTG:SECRET_LAIR:SL-AFC52E51751441,1
forecasts.csv,identifier,asset_id,MTG:SECRET_LAIR:SL-B00E61FF6854EE,1
forecasts.csv,identifier,asset_id,MTG:SECRET_LAIR:SL-B01296C6F1D9D6,1
forecasts.csv,identifier,asset_id,MTG:SECRET_LAIR:SL-B0373781315725,1
forecasts.csv,identifier,asset_id,MTG:SECRET_LAIR:SL-B08949D7A3AFE1,1
forecasts.csv,identifier,asset_id,MTG:SECRET_LAIR:SL-B0DEB8AFB8B821,1
forecasts.csv,identifier,asset_id,MTG:SECRET_LAIR:SL-B0E43DFE167A56,1
forecasts.csv,identifier,asset_id,MTG:SECRET_LAIR:SL-B11309A971433D,1
forecasts.csv,identifier,asset_id,MTG:SECRET_LAIR:SL-B226AC313B5F39,1
forecasts.csv,identifier,asset_id,MTG:SECRET_LAIR:SL-B2289CE720A189,1
forecasts.csv,identifier,asset_id,MTG:SECRET_LAIR:SL-B251BF4C4DE61E,1
forecasts.csv,identifier,asset_id,MTG:SECRET_LAIR:SL-B269AC7AB5080A,1
forecasts.csv,identifier,asset_id,MTG:SECRET_LAIR:SL-B2753C6B1814F0,1
forecasts.csv,identifier,asset_id,MTG:SECRET_LAIR:SL-B28206C8B43B74,1
forecasts.csv,identifier,asset_id,MTG:SECRET_LAIR:SL-B2C9080295DEB3,1
forecasts.csv,identifier,asset_id,MTG:SECRET_LAIR:SL-B31C27C4C58973,1
forecasts.csv,identifier,asset_id,MTG:SECRET_LAIR:SL-B36930BACADDCD,1
forecasts.csv,identifier,asset_id,MTG:SECRET_LAIR:SL-B39A2F769F1E07,1
forecasts.csv,identifier,asset_id,MTG:SECRET_LAIR:SL-B3B225E03D06DC,1
forecasts.csv,identifier,asset_id,MTG:SECRET_LAIR:SL-B3DBBD3351A867,1
forecasts.csv,identifier,asset_id,MTG:SECRET_LAIR:SL-B3EF01C8308565,1
forecasts.csv,identifier,asset_id,MTG:SECRET_LAIR:SL-B44FBD97799E08,1
forecasts.csv,identifier,asset_id,MTG:SECRET_LAIR:SL-B483A5C23B7FF5,1
forecasts.csv,identifier,asset_id,MTG:SECRET_LAIR:SL-B5264E7BA2DC13,1
forecasts.csv,identifier,asset_id,MTG:SECRET_LAIR:SL-B5552250031A5D,1
forecasts.csv,identifier,asset_id,MTG:SECRET_LAIR:SL-B565A4B1F936CC,1
forecasts.csv,identifier,asset_id,MTG:SECRET_LAIR:SL-B57576270D7B62,1
forecasts.csv,identifier,asset_id,MTG:SECRET_LAIR:SL-B58718E7FE11D2,1
forecasts.csv,identifier,asset_id,MTG:SECRET_LAIR:SL-B5D96EAAB94F7F,1
forecasts.csv,identifier,asset_id,MTG:SECRET_LAIR:SL-B5DE5D10D8B22E,1
forecasts.csv,identifier,asset_id,MTG:SECRET_LAIR:SL-B5E5B47263114D,1
forecasts.csv,identifier,asset_id,MTG:SECRET_LAIR:SL-B5F3C839262F36,1
forecasts.csv,identifier,asset_id,MTG:SECRET_LAIR:SL-B60C7F6F56C30B,1
forecasts.csv,identifier,asset_id,MTG:SECRET_LAIR:SL-B631EAF6D5C7C4,1
forecasts.csv,identifier,asset_id,MTG:SECRET_LAIR:SL-B679A1089E8A6B,1
forecasts.csv,identifier,asset_id,MTG:SECRET_LAIR:SL-B689085E2D41DE,1
forecasts.csv,identifier,asset_id,MTG:SECRET_LAIR:SL-B762CD279E0001,1
forecasts.csv,identifier,asset_id,MTG:SECRET_LAIR:SL-B7E3C5DC70940E,1
forecasts.csv,identifier,asset_id,MTG:SECRET_LAIR:SL-B81DED4DD2F7F0,1
forecasts.csv,identifier,asset_id,MTG:SECRET_LAIR:SL-B8709846C8E5AF,1
forecasts.csv,identifier,asset_id,MTG:SECRET_LAIR:SL-B8DCA91EB62983,1
forecasts.csv,identifier,asset_id,MTG:SECRET_LAIR:SL-B9248149A4056B,1
forecasts.csv,identifier,asset_id,MTG:SECRET_LAIR:SL-B92B03D94C10E9,1
forecasts.csv,identifier,asset_id,MTG:SECRET_LAIR:SL-B9580FD00B16BE,1
forecasts.csv,identifier,asset_id,MTG:SECRET_LAIR:SL-B959CE689FE1E3,1
forecasts.csv,identifier,asset_id,MTG:SECRET_LAIR:SL-B96EF3DC64D9A0,1
forecasts.csv,identifier,asset_id,MTG:SECRET_LAIR:SL-B971F1BAF798C2,1
forecasts.csv,identifier,asset_id,MTG:SECRET_LAIR:SL-B9970477DCCBC7,1
forecasts.csv,identifier,asset_id,MTG:SECRET_LAIR:SL-B9EC0C6C5561F1,1
forecasts.csv,identifier,asset_id,MTG:SECRET_LAIR:SL-BA4475B87E38DE,1
forecasts.csv,identifier,asset_id,MTG:SECRET_LAIR:SL-BA53143C1DDB56,1
forecasts.csv,identifier,asset_id,MTG:SECRET_LAIR:SL-BAD5D1CC179E4B,1
forecasts.csv,identifier,asset_id,MTG:SECRET_LAIR:SL-BB18909619320D,1
forecasts.csv,identifier,asset_id,MTG:SECRET_LAIR:SL-BB4A4AE1ECFE2A,1
forecasts.csv,identifier,asset_id,MTG:SECRET_LAIR:SL-BB4FA54DEBF880,1
forecasts.csv,identifier,asset_id,MTG:SECRET_LAIR:SL-BB54D8943F73E3,1
forecasts.csv,identifier,asset_id,MTG:SECRET_LAIR:SL-BB7E07A2986BB4,1
forecasts.csv,identifier,asset_id,MTG:SECRET_LAIR:SL-BBC8F93DE82CE5,1
forecasts.csv,identifier,asset_id,MTG:SECRET_LAIR:SL-BC079E499A94AF,1
forecasts.csv,identifier,asset_id,MTG:SECRET_LAIR:SL-BC4683677FBC3C,1
forecasts.csv,identifier,asset_id,MTG:SECRET_LAIR:SL-BC99042387317D,1
forecasts.csv,identifier,asset_id,MTG:SECRET_LAIR:SL-BCC1519C11A8AC,1
forecasts.csv,identifier,asset_id,MTG:SECRET_LAIR:SL-BD0B168FBB02B6,1
forecasts.csv,identifier,asset_id,MTG:SECRET_LAIR:SL-BD4B37C3973D10,1
forecasts.csv,identifier,asset_id,MTG:SECRET_LAIR:SL-BE3F32B80FEA2E,1
forecasts.csv,identifier,asset_id,MTG:SECRET_LAIR:SL-BE705BBFC18014,1
forecasts.csv,identifier,asset_id,MTG:SECRET_LAIR:SL-BF008024F9A243,1
forecasts.csv,identifier,asset_id,MTG:SECRET_LAIR:SL-BF1ED354A371C1,1
forecasts.csv,identifier,asset_id,MTG:SECRET_LAIR:SL-BF202C705FA210,1
forecasts.csv,identifier,asset_id,MTG:SECRET_LAIR:SL-BF26DFD5509ADC,1
forecasts.csv,identifier,asset_id,MTG:SECRET_LAIR:SL-BF2B66F024D88D,1
forecasts.csv,identifier,asset_id,MTG:SECRET_LAIR:SL-BF3E293642759E,1
forecasts.csv,identifier,asset_id,MTG:SECRET_LAIR:SL-BF588F593E480E,1
forecasts.csv,identifier,asset_id,MTG:SECRET_LAIR:SL-BF5BC53AD18E85,1
forecasts.csv,identifier,asset_id,MTG:SECRET_LAIR:SL-BF755AD9D8CE5F,1
forecasts.csv,identifier,asset_id,MTG:SECRET_LAIR:SL-BFACC46E5A3310,1
forecasts.csv,identifier,asset_id,MTG:SECRET_LAIR:SL-BFAF5430109A2E,1
forecasts.csv,identifier,asset_id,MTG:SECRET_LAIR:SL-BFF6DA64140996,1
forecasts.csv,identifier,asset_id,MTG:SECRET_LAIR:SL-C03E05940DAAFA,1
forecasts.csv,identifier,asset_id,MTG:SECRET_LAIR:SL-C0418534DE36CF,1
forecasts.csv,identifier,asset_id,MTG:SECRET_LAIR:SL-C04853F17A0313,1
forecasts.csv,identifier,asset_id,MTG:SECRET_LAIR:SL-C050DAEA74CC9C,1
forecasts.csv,identifier,asset_id,MTG:SECRET_LAIR:SL-C05D25C1CB85E9,1
forecasts.csv,identifier,asset_id,MTG:SECRET_LAIR:SL-C07200E6FB8843,1
forecasts.csv,identifier,asset_id,MTG:SECRET_LAIR:SL-C09C8446FDE850,1
forecasts.csv,identifier,asset_id,MTG:SECRET_LAIR:SL-C09D8E25A3F347,1
forecasts.csv,identifier,asset_id,MTG:SECRET_LAIR:SL-C0AA65531F16E2,1
forecasts.csv,identifier,asset_id,MTG:SECRET_LAIR:SL-C1564B1CC85C5F,1
forecasts.csv,identifier,asset_id,MTG:SECRET_LAIR:SL-C1A0A189180507,1
forecasts.csv,identifier,asset_id,MTG:SECRET_LAIR:SL-C2217F8AD4F84B,1
forecasts.csv,identifier,asset_id,MTG:SECRET_LAIR:SL-C24946B295061F,1
forecasts.csv,identifier,asset_id,MTG:SECRET_LAIR:SL-C2CAC5DFF1B8FE,1
forecasts.csv,identifier,asset_id,MTG:SECRET_LAIR:SL-C2DA212EE2424D,1
forecasts.csv,identifier,asset_id,MTG:SECRET_LAIR:SL-C365E12BA9F953,1
forecasts.csv,identifier,asset_id,MTG:SECRET_LAIR:SL-C3A8669A77CF0F,1
forecasts.csv,identifier,asset_id,MTG:SECRET_LAIR:SL-C3D0A31003B38B,1
forecasts.csv,identifier,asset_id,MTG:SECRET_LAIR:SL-C43B4DA056180D,1
forecasts.csv,identifier,asset_id,MTG:SECRET_LAIR:SL-C44AE37BDB68A9,1
forecasts.csv,identifier,asset_id,MTG:SECRET_LAIR:SL-C4573F398978D7,1
forecasts.csv,identifier,asset_id,MTG:SECRET_LAIR:SL-C4E698097E6EB6,1
forecasts.csv,identifier,asset_id,MTG:SECRET_LAIR:SL-C53B25CD55720F,1
forecasts.csv,identifier,asset_id,MTG:SECRET_LAIR:SL-C53BF262ADA17B,1
forecasts.csv,identifier,asset_id,MTG:SECRET_LAIR:SL-C59DE249DE7287,1
forecasts.csv,identifier,asset_id,MTG:SECRET_LAIR:SL-C5A93064AA668C,1
forecasts.csv,identifier,asset_id,MTG:SECRET_LAIR:SL-C649AFADB4E38B,1
forecasts.csv,identifier,asset_id,MTG:SECRET_LAIR:SL-C67CDDB0AE44ED,1
forecasts.csv,identifier,asset_id,MTG:SECRET_LAIR:SL-C70FCBB505BD77,1
forecasts.csv,identifier,asset_id,MTG:SECRET_LAIR:SL-C72D4B2E5B3130,1
forecasts.csv,identifier,asset_id,MTG:SECRET_LAIR:SL-C7694953E368F4,1
forecasts.csv,identifier,asset_id,MTG:SECRET_LAIR:SL-C805DBBC1C6677,1
forecasts.csv,identifier,asset_id,MTG:SECRET_LAIR:SL-C80FAE8D249054,1
forecasts.csv,identifier,asset_id,MTG:SECRET_LAIR:SL-C822436F428050,1
forecasts.csv,identifier,asset_id,MTG:SECRET_LAIR:SL-C82833E3A7C3DF,1
forecasts.csv,identifier,asset_id,MTG:SECRET_LAIR:SL-C82FB71F29626A,1
forecasts.csv,identifier,asset_id,MTG:SECRET_LAIR:SL-C83649108644FE,1
forecasts.csv,identifier,asset_id,MTG:SECRET_LAIR:SL-C863D417DDE83A,1
forecasts.csv,identifier,asset_id,MTG:SECRET_LAIR:SL-C8B08A7139FC31,1
forecasts.csv,identifier,asset_id,MTG:SECRET_LAIR:SL-C94DD14ECC45A6,1
forecasts.csv,identifier,asset_id,MTG:SECRET_LAIR:SL-C9877AF6FE4DA4,1
forecasts.csv,identifier,asset_id,MTG:SECRET_LAIR:SL-C999737763FC53,1
forecasts.csv,identifier,asset_id,MTG:SECRET_LAIR:SL-C9B2F11CEB5F77,1
forecasts.csv,identifier,asset_id,MTG:SECRET_LAIR:SL-CA134058712347,1
forecasts.csv,identifier,asset_id,MTG:SECRET_LAIR:SL-CA17EB83C29B15,1
forecasts.csv,identifier,asset_id,MTG:SECRET_LAIR:SL-CA2C167AAFAD55,1
forecasts.csv,identifier,asset_id,MTG:SECRET_LAIR:SL-CA3A146FC06964,1
forecasts.csv,identifier,asset_id,MTG:SECRET_LAIR:SL-CA46F5F5791EBB,1
forecasts.csv,identifier,asset_id,MTG:SECRET_LAIR:SL-CA6CCECFEBEC2C,1
forecasts.csv,identifier,asset_id,MTG:SECRET_LAIR:SL-CA6FA7819E27BD,1
forecasts.csv,identifier,asset_id,MTG:SECRET_LAIR:SL-CAB929EA2DD4AE,1
forecasts.csv,identifier,asset_id,MTG:SECRET_LAIR:SL-CAEFD21D151456,1
forecasts.csv,identifier,asset_id,MTG:SECRET_LAIR:SL-CB766B61EEFB6E,1
forecasts.csv,identifier,asset_id,MTG:SECRET_LAIR:SL-CBFED1F92A630D,1
forecasts.csv,identifier,asset_id,MTG:SECRET_LAIR:SL-CC030DBD6E29FE,1
forecasts.csv,identifier,asset_id,MTG:SECRET_LAIR:SL-CC5293951E84F8,1
forecasts.csv,identifier,asset_id,MTG:SECRET_LAIR:SL-CCE426CFBA5D07,1
forecasts.csv,identifier,asset_id,MTG:SECRET_LAIR:SL-CD2FC308C3644A,1
forecasts.csv,identifier,asset_id,MTG:SECRET_LAIR:SL-CD43B6F3D7A59F,1
forecasts.csv,identifier,asset_id,MTG:SECRET_LAIR:SL-CD637B6154FA4F,1
forecasts.csv,identifier,asset_id,MTG:SECRET_LAIR:SL-CD67446B439F75,1
forecasts.csv,identifier,asset_id,MTG:SECRET_LAIR:SL-CE0D22C4A5732F,1
forecasts.csv,identifier,asset_id,MTG:SECRET_LAIR:SL-CE39B48D52F07A,1
forecasts.csv,identifier,asset_id,MTG:SECRET_LAIR:SL-CE3BB4F7AF5651,1
forecasts.csv,identifier,asset_id,MTG:SECRET_LAIR:SL-CE6909ECF00CA8,1
forecasts.csv,identifier,asset_id,MTG:SECRET_LAIR:SL-CEB06DD843F657,1
forecasts.csv,identifier,asset_id,MTG:SECRET_LAIR:SL-CED357C3AB21E8,1
forecasts.csv,identifier,asset_id,MTG:SECRET_LAIR:SL-CEFFC6DB7F7ABD,1
forecasts.csv,identifier,asset_id,MTG:SECRET_LAIR:SL-CFD92A398D8349,1
forecasts.csv,identifier,asset_id,MTG:SECRET_LAIR:SL-D061A6FE209B52,1
forecasts.csv,identifier,asset_id,MTG:SECRET_LAIR:SL-D126DBCCB251DC,1
forecasts.csv,identifier,asset_id,MTG:SECRET_LAIR:SL-D133893D13E78E,1
forecasts.csv,identifier,asset_id,MTG:SECRET_LAIR:SL-D13D0C095C023B,1
forecasts.csv,identifier,asset_id,MTG:SECRET_LAIR:SL-D14CD1568AC703,1
forecasts.csv,identifier,asset_id,MTG:SECRET_LAIR:SL-D1513B904FE27E,1
forecasts.csv,identifier,asset_id,MTG:SECRET_LAIR:SL-D18A4E24571B1B,1
forecasts.csv,identifier,asset_id,MTG:SECRET_LAIR:SL-D1A162914F5B85,1
forecasts.csv,identifier,asset_id,MTG:SECRET_LAIR:SL-D23F4A9FC75D03,1
forecasts.csv,identifier,asset_id,MTG:SECRET_LAIR:SL-D263E9818F8B46,1
forecasts.csv,identifier,asset_id,MTG:SECRET_LAIR:SL-D2FCABD86AD689,1
forecasts.csv,identifier,asset_id,MTG:SECRET_LAIR:SL-D367F0D637FE13,1
forecasts.csv,identifier,asset_id,MTG:SECRET_LAIR:SL-D3778B65B20E24,1
forecasts.csv,identifier,asset_id,MTG:SECRET_LAIR:SL-D3C161D032DC86,1
forecasts.csv,identifier,asset_id,MTG:SECRET_LAIR:SL-D3C9566D0E6FB5,1
forecasts.csv,identifier,asset_id,MTG:SECRET_LAIR:SL-D3D61A3D20908A,1
forecasts.csv,identifier,asset_id,MTG:SECRET_LAIR:SL-D53A1849E7B1C9,1
forecasts.csv,identifier,asset_id,MTG:SECRET_LAIR:SL-D5C35A28D4B658,1
forecasts.csv,identifier,asset_id,MTG:SECRET_LAIR:SL-D5D2DCA70EA4CD,1
forecasts.csv,identifier,asset_id,MTG:SECRET_LAIR:SL-D608F5D4F5385E,1
forecasts.csv,identifier,asset_id,MTG:SECRET_LAIR:SL-D62B35CD192D99,1
forecasts.csv,identifier,asset_id,MTG:SECRET_LAIR:SL-D62C510B60B977,1
forecasts.csv,identifier,asset_id,MTG:SECRET_LAIR:SL-D68D8EB45F05E9,1
forecasts.csv,identifier,asset_id,MTG:SECRET_LAIR:SL-D68D9EB4249382,1
forecasts.csv,identifier,asset_id,MTG:SECRET_LAIR:SL-D6C7802610A57F,1
forecasts.csv,identifier,asset_id,MTG:SECRET_LAIR:SL-D76CD5BC7E1068,1
forecasts.csv,identifier,asset_id,MTG:SECRET_LAIR:SL-D792C24E8A09CF,1
forecasts.csv,identifier,asset_id,MTG:SECRET_LAIR:SL-D7984A9CB76C99,1
forecasts.csv,identifier,asset_id,MTG:SECRET_LAIR:SL-D80EFE168FB6A1,1
forecasts.csv,identifier,asset_id,MTG:SECRET_LAIR:SL-D83DCC4548D04F,1
forecasts.csv,identifier,asset_id,MTG:SECRET_LAIR:SL-D85757C8DB2B40,1
forecasts.csv,identifier,asset_id,MTG:SECRET_LAIR:SL-D8B6168FF7A7AD,1
forecasts.csv,identifier,asset_id,MTG:SECRET_LAIR:SL-D91B54107A78A7,1
forecasts.csv,identifier,asset_id,MTG:SECRET_LAIR:SL-D929FF1E16FDD7,1
forecasts.csv,identifier,asset_id,MTG:SECRET_LAIR:SL-D9CB56BE93955C,1
forecasts.csv,identifier,asset_id,MTG:SECRET_LAIR:SL-D9F56A65FD35C5,1
forecasts.csv,identifier,asset_id,MTG:SECRET_LAIR:SL-D9F7FC2E4D48A5,1
forecasts.csv,identifier,asset_id,MTG:SECRET_LAIR:SL-DA0255DFD87A79,1
forecasts.csv,identifier,asset_id,MTG:SECRET_LAIR:SL-DA137A8920D7BE,1
forecasts.csv,identifier,asset_id,MTG:SECRET_LAIR:SL-DA14F1AD8875AF,1
forecasts.csv,identifier,asset_id,MTG:SECRET_LAIR:SL-DA7F8AD7B0BC80,1
forecasts.csv,identifier,asset_id,MTG:SECRET_LAIR:SL-DA95D95DF8A49D,1
forecasts.csv,identifier,asset_id,MTG:SECRET_LAIR:SL-DAA2346E431D52,1
forecasts.csv,identifier,asset_id,MTG:SECRET_LAIR:SL-DB82DC16CD1A6A,1
forecasts.csv,identifier,asset_id,MTG:SECRET_LAIR:SL-DBB9EAD006DF92,1
forecasts.csv,identifier,asset_id,MTG:SECRET_LAIR:SL-DBDF87736B4AD6,1
forecasts.csv,identifier,asset_id,MTG:SECRET_LAIR:SL-DC36FC64429D5D,1
forecasts.csv,identifier,asset_id,MTG:SECRET_LAIR:SL-DCD05FAA1B15E7,1
forecasts.csv,identifier,asset_id,MTG:SECRET_LAIR:SL-DCDC09399C5D54,1
forecasts.csv,identifier,asset_id,MTG:SECRET_LAIR:SL-DD0C5279EE2007,1
forecasts.csv,identifier,asset_id,MTG:SECRET_LAIR:SL-DD25AF4AC936E2,1
forecasts.csv,identifier,asset_id,MTG:SECRET_LAIR:SL-DD3248D210AC90,1
forecasts.csv,identifier,asset_id,MTG:SECRET_LAIR:SL-DD3A0B4F1E7DA1,1
forecasts.csv,identifier,asset_id,MTG:SECRET_LAIR:SL-DD598BF68D0AC7,1
forecasts.csv,identifier,asset_id,MTG:SECRET_LAIR:SL-DD778C566554A0,1
forecasts.csv,identifier,asset_id,MTG:SECRET_LAIR:SL-DDF2764A92D297,1
forecasts.csv,identifier,asset_id,MTG:SECRET_LAIR:SL-DE73D77FB013F4,1
forecasts.csv,identifier,asset_id,MTG:SECRET_LAIR:SL-DEB0786B62B51D,1
forecasts.csv,identifier,asset_id,MTG:SECRET_LAIR:SL-DEE8CCCA9CFCCE,1
forecasts.csv,identifier,asset_id,MTG:SECRET_LAIR:SL-DEF4A1D4ADC965,1
forecasts.csv,identifier,asset_id,MTG:SECRET_LAIR:SL-DF5563A6AB6A1B,1
forecasts.csv,identifier,asset_id,MTG:SECRET_LAIR:SL-DFE9AC9C5D05C9,1
forecasts.csv,identifier,asset_id,MTG:SECRET_LAIR:SL-E000815724EA2A,1
forecasts.csv,identifier,asset_id,MTG:SECRET_LAIR:SL-E0190484BE31DE,1
forecasts.csv,identifier,asset_id,MTG:SECRET_LAIR:SL-E03F5C270405EA,1
forecasts.csv,identifier,asset_id,MTG:SECRET_LAIR:SL-E0414D04317EA2,1
forecasts.csv,identifier,asset_id,MTG:SECRET_LAIR:SL-E05E06D6578028,1
forecasts.csv,identifier,asset_id,MTG:SECRET_LAIR:SL-E06DD3E1E3F4CD,1
forecasts.csv,identifier,asset_id,MTG:SECRET_LAIR:SL-E126175F5EEBFF,1
forecasts.csv,identifier,asset_id,MTG:SECRET_LAIR:SL-E14AB3D48E2308,1
forecasts.csv,identifier,asset_id,MTG:SECRET_LAIR:SL-E19F0A74D8000D,1
forecasts.csv,identifier,asset_id,MTG:SECRET_LAIR:SL-E1E2903CCE3709,1
forecasts.csv,identifier,asset_id,MTG:SECRET_LAIR:SL-E23BF5EAA4F5AA,1
forecasts.csv,identifier,asset_id,MTG:SECRET_LAIR:SL-E24F74D610175D,1
forecasts.csv,identifier,asset_id,MTG:SECRET_LAIR:SL-E2540C64CF5262,1
forecasts.csv,identifier,asset_id,MTG:SECRET_LAIR:SL-E282CE5635F5FC,1
forecasts.csv,identifier,asset_id,MTG:SECRET_LAIR:SL-E2DB1B58657D1A,1
forecasts.csv,identifier,asset_id,MTG:SECRET_LAIR:SL-E339A090348C36,1
forecasts.csv,identifier,asset_id,MTG:SECRET_LAIR:SL-E3519A1A83A8E6,1
forecasts.csv,identifier,asset_id,MTG:SECRET_LAIR:SL-E397494832E845,1
forecasts.csv,identifier,asset_id,MTG:SECRET_LAIR:SL-E3D6BE401B6F95,1
forecasts.csv,identifier,asset_id,MTG:SECRET_LAIR:SL-E3E88EC01DA49B,1
forecasts.csv,identifier,asset_id,MTG:SECRET_LAIR:SL-E44D69BCAF5561,1
forecasts.csv,identifier,asset_id,MTG:SECRET_LAIR:SL-E4888AAC444029,1
forecasts.csv,identifier,asset_id,MTG:SECRET_LAIR:SL-E4AC3EAED9F285,1
forecasts.csv,identifier,asset_id,MTG:SECRET_LAIR:SL-E558347311E1F4,1
forecasts.csv,identifier,asset_id,MTG:SECRET_LAIR:SL-E577A60B3B1BA6,1
forecasts.csv,identifier,asset_id,MTG:SECRET_LAIR:SL-E5F4CFCD2D1E21,1
forecasts.csv,identifier,asset_id,MTG:SECRET_LAIR:SL-E5F7C4556D2AE8,1
forecasts.csv,identifier,asset_id,MTG:SECRET_LAIR:SL-E618F74B27D105,1
forecasts.csv,identifier,asset_id,MTG:SECRET_LAIR:SL-E63BB6ABED78A1,1
forecasts.csv,identifier,asset_id,MTG:SECRET_LAIR:SL-E6815E809637CD,1
forecasts.csv,identifier,asset_id,MTG:SECRET_LAIR:SL-E6ACEF67518AF1,1
forecasts.csv,identifier,asset_id,MTG:SECRET_LAIR:SL-E73519A6D7C437,1
forecasts.csv,identifier,asset_id,MTG:SECRET_LAIR:SL-E761E1777C5411,1
forecasts.csv,identifier,asset_id,MTG:SECRET_LAIR:SL-E7BDE12BA780C5,1
forecasts.csv,identifier,asset_id,MTG:SECRET_LAIR:SL-E82C687C9DB063,1
forecasts.csv,identifier,asset_id,MTG:SECRET_LAIR:SL-E84A5B15E6F9C3,1
forecasts.csv,identifier,asset_id,MTG:SECRET_LAIR:SL-E8AF55C924629C,1
forecasts.csv,identifier,asset_id,MTG:SECRET_LAIR:SL-E94BE968A3A112,1
forecasts.csv,identifier,asset_id,MTG:SECRET_LAIR:SL-E976A82043B976,1
forecasts.csv,identifier,asset_id,MTG:SECRET_LAIR:SL-E9DEA56D4176E0,1
forecasts.csv,identifier,asset_id,MTG:SECRET_LAIR:SL-EA00AF141F2FAC,1
forecasts.csv,identifier,asset_id,MTG:SECRET_LAIR:SL-EA3F127E1B6608,1
forecasts.csv,identifier,asset_id,MTG:SECRET_LAIR:SL-EA8B400EB7587C,1
forecasts.csv,identifier,asset_id,MTG:SECRET_LAIR:SL-EB7674C656581E,1
forecasts.csv,identifier,asset_id,MTG:SECRET_LAIR:SL-EB7E2032D0A931,1
forecasts.csv,identifier,asset_id,MTG:SECRET_LAIR:SL-EB862139323FA8,1
forecasts.csv,identifier,asset_id,MTG:SECRET_LAIR:SL-EBBF87B2EDF78C,1
forecasts.csv,identifier,asset_id,MTG:SECRET_LAIR:SL-EBF12D8FC470D3,1
forecasts.csv,identifier,asset_id,MTG:SECRET_LAIR:SL-EC805E73DB692C,1
forecasts.csv,identifier,asset_id,MTG:SECRET_LAIR:SL-EDA5F0018F2448,1
forecasts.csv,identifier,asset_id,MTG:SECRET_LAIR:SL-EE12104C3A49E7,1
forecasts.csv,identifier,asset_id,MTG:SECRET_LAIR:SL-EE73A455D6DAFC,1
forecasts.csv,identifier,asset_id,MTG:SECRET_LAIR:SL-EE882204CA80F5,1
forecasts.csv,identifier,asset_id,MTG:SECRET_LAIR:SL-EF03D947F97187,1
forecasts.csv,identifier,asset_id,MTG:SECRET_LAIR:SL-EF10004B2C3091,1
forecasts.csv,identifier,asset_id,MTG:SECRET_LAIR:SL-EF5BBE513EE03C,1
forecasts.csv,identifier,asset_id,MTG:SECRET_LAIR:SL-EFFCE6D4208A63,1
forecasts.csv,identifier,asset_id,MTG:SECRET_LAIR:SL-F0ADDB74A0D856,1
forecasts.csv,identifier,asset_id,MTG:SECRET_LAIR:SL-F0D638918879B3,1
forecasts.csv,identifier,asset_id,MTG:SECRET_LAIR:SL-F0F3F16536C281,1
forecasts.csv,identifier,asset_id,MTG:SECRET_LAIR:SL-F14FB92D2DCBC6,1
forecasts.csv,identifier,asset_id,MTG:SECRET_LAIR:SL-F1CC2FF6F7667E,1
forecasts.csv,identifier,asset_id,MTG:SECRET_LAIR:SL-F25C6E61EC9D3B,1
forecasts.csv,identifier,asset_id,MTG:SECRET_LAIR:SL-F26AFF6BB24E88,1
forecasts.csv,identifier,asset_id,MTG:SECRET_LAIR:SL-F2F5EBEEEBD0C5,1
forecasts.csv,identifier,asset_id,MTG:SECRET_LAIR:SL-F2F92FE2CD5458,1
forecasts.csv,identifier,asset_id,MTG:SECRET_LAIR:SL-F378E79C981B5B,1
forecasts.csv,identifier,asset_id,MTG:SECRET_LAIR:SL-F3C784F688A104,1
forecasts.csv,identifier,asset_id,MTG:SECRET_LAIR:SL-F3D3088DA018D0,1
forecasts.csv,identifier,asset_id,MTG:SECRET_LAIR:SL-F3F1C2A23E48D0,1
forecasts.csv,identifier,asset_id,MTG:SECRET_LAIR:SL-F419DE27DCB991,1
forecasts.csv,identifier,asset_id,MTG:SECRET_LAIR:SL-F46976B12ECA22,1
forecasts.csv,identifier,asset_id,MTG:SECRET_LAIR:SL-F4935DE607204D,1
forecasts.csv,identifier,asset_id,MTG:SECRET_LAIR:SL-F4A97CEA3A7C1C,1
forecasts.csv,identifier,asset_id,MTG:SECRET_LAIR:SL-F4DBBBEC3CFEB4,1
forecasts.csv,identifier,asset_id,MTG:SECRET_LAIR:SL-F546FBC2EE4D47,1
forecasts.csv,identifier,asset_id,MTG:SECRET_LAIR:SL-F5C7D5AC423EC1,1
forecasts.csv,identifier,asset_id,MTG:SECRET_LAIR:SL-F5FC37E9763B7C,1
forecasts.csv,identifier,asset_id,MTG:SECRET_LAIR:SL-F638B39456864F,1
forecasts.csv,identifier,asset_id,MTG:SECRET_LAIR:SL-F66DFA42E52417,1
forecasts.csv,identifier,asset_id,MTG:SECRET_LAIR:SL-F6CE9EEE501707,1
forecasts.csv,identifier,asset_id,MTG:SECRET_LAIR:SL-F70A9FB130F172,1
forecasts.csv,identifier,asset_id,MTG:SECRET_LAIR:SL-F7BF46E86FD15C,1
forecasts.csv,identifier,asset_id,MTG:SECRET_LAIR:SL-F7E159B4E7D922,1
forecasts.csv,identifier,asset_id,MTG:SECRET_LAIR:SL-F7E2916CEC3366,1
forecasts.csv,identifier,asset_id,MTG:SECRET_LAIR:SL-F8091FD6F7CD83,1
forecasts.csv,identifier,asset_id,MTG:SECRET_LAIR:SL-F8130EF2307D5F,1
forecasts.csv,identifier,asset_id,MTG:SECRET_LAIR:SL-F87B4FFB3CCD49,1
forecasts.csv,identifier,asset_id,MTG:SECRET_LAIR:SL-F886C775F2D753,1
forecasts.csv,identifier,asset_id,MTG:SECRET_LAIR:SL-F8A34E5202D218,1
forecasts.csv,identifier,asset_id,MTG:SECRET_LAIR:SL-F960B8C972DDE8,1
forecasts.csv,identifier,asset_id,MTG:SECRET_LAIR:SL-F97114C3F34013,1
forecasts.csv,identifier,asset_id,MTG:SECRET_LAIR:SL-F9C826AE302BF4,1
forecasts.csv,identifier,asset_id,MTG:SECRET_LAIR:SL-F9E21EA0D52C4A,1
forecasts.csv,identifier,asset_id,MTG:SECRET_LAIR:SL-FA32CF1A49D1D5,1
forecasts.csv,identifier,asset_id,MTG:SECRET_LAIR:SL-FA3D9482741C16,1
forecasts.csv,identifier,asset_id,MTG:SECRET_LAIR:SL-FA6223566C7B76,1
forecasts.csv,identifier,asset_id,MTG:SECRET_LAIR:SL-FA7A7EE1991025,1
forecasts.csv,identifier,asset_id,MTG:SECRET_LAIR:SL-FA7D6580C34737,1
forecasts.csv,identifier,asset_id,MTG:SECRET_LAIR:SL-FB01410D9F3250,1
forecasts.csv,identifier,asset_id,MTG:SECRET_LAIR:SL-FB1E1566446236,1
forecasts.csv,identifier,asset_id,MTG:SECRET_LAIR:SL-FB1FECB0690176,1
forecasts.csv,identifier,asset_id,MTG:SECRET_LAIR:SL-FB8F41B5698E85,1
forecasts.csv,identifier,asset_id,MTG:SECRET_LAIR:SL-FBADB7587BFD9A,1
forecasts.csv,identifier,asset_id,MTG:SECRET_LAIR:SL-FC44F373482E68,1
forecasts.csv,identifier,asset_id,MTG:SECRET_LAIR:SL-FC508070AC9ECD,1
forecasts.csv,identifier,asset_id,MTG:SECRET_LAIR:SL-FCAEA5C157AA2D,1
forecasts.csv,identifier,asset_id,MTG:SECRET_LAIR:SL-FD327F76CA9BCB,1
forecasts.csv,identifier,asset_id,MTG:SECRET_LAIR:SL-FD569236BFC307,1
forecasts.csv,identifier,asset_id,MTG:SECRET_LAIR:SL-FD7EED45ECCFC6,1
forecasts.csv,identifier,asset_id,MTG:SECRET_LAIR:SL-FDA8FA789BE3A1,1
forecasts.csv,identifier,asset_id,MTG:SECRET_LAIR:SL-FDAA65C601D268,1
forecasts.csv,identifier,asset_id,MTG:SECRET_LAIR:SL-FE0F8BC07F7E66,1
forecasts.csv,identifier,asset_id,MTG:SECRET_LAIR:SL-FEA5D283ED723B,1
forecasts.csv,identifier,asset_id,MTG:SECRET_LAIR:SL-FF8B50F46CBD31,1
forecasts.csv,identifier,asset_id,MTG:SECRET_LAIR:SL-FFA400FF14BF49,1
forecasts.csv,identifier,asset_id,MTG:SECRET_LAIR:SL-FFE26A78CDDB2A,1
forecasts.csv,identifier,asset_id,MTG:COLLECTOR_BOOSTER_BOX:TCGCSV-17670-449559,1
forecasts.csv,identifier,asset_id,MTG:COLLECTOR_BOOSTER_BOX:TCGCSV-17684-451880,1
forecasts.csv,identifier,asset_id,MTG:COLLECTOR_BOOSTER_BOX:TCGCSV-22875-475584,1
forecasts.csv,identifier,asset_id,MTG:COLLECTOR_BOOSTER_BOX:TCGCSV-22876-489207,1
forecasts.csv,identifier,asset_id,MTG:COLLECTOR_BOOSTER_BOX:TCGCSV-23019-484912,1
forecasts.csv,identifier,asset_id,MTG:COLLECTOR_BOOSTER_BOX:TCGCSV-23019-515906,1
forecasts.csv,identifier,asset_id,MTG:COLLECTOR_BOOSTER_BOX:TCGCSV-23020-484929,1
forecasts.csv,identifier,asset_id,MTG:COLLECTOR_BOOSTER_BOX:TCGCSV-23163-496041,1
forecasts.csv,identifier,asset_id,MTG:COLLECTOR_BOOSTER_BOX:TCGCSV-23165-496076,1
forecasts.csv,identifier,asset_id,MTG:COLLECTOR_BOOSTER_BOX:TCGCSV-23312-516614,1
forecasts.csv,identifier,asset_id,MTG:COLLECTOR_BOOSTER_BOX:TCGCSV-23319-517708,1
forecasts.csv,identifier,asset_id,MTG:COLLECTOR_BOOSTER_BOX:TCGCSV-23337-523185,1
forecasts.csv,identifier,asset_id,MTG:COLLECTOR_BOOSTER_BOX:TCGCSV-23361-529968,1
forecasts.csv,identifier,asset_id,MTG:COLLECTOR_BOOSTER_BOX:TCGCSV-23439-541090,1
forecasts.csv,identifier,asset_id,MTG:COLLECTOR_BOOSTER_BOX:TCGCSV-23444-541179,1
forecasts.csv,identifier,asset_id,MTG:COLLECTOR_BOOSTER_BOX:TCGCSV-23446-541225,1
forecasts.csv,identifier,asset_id,MTG:COLLECTOR_BOOSTER_BOX:TCGCSV-23447-541238,1
forecasts.csv,identifier,asset_id,MTG:COLLECTOR_BOOSTER_BOX:TCGCSV-23550-557244,1
forecasts.csv,identifier,asset_id,MTG:COLLECTOR_BOOSTER_BOX:TCGCSV-23556-562122,1
forecasts.csv,identifier,asset_id,MTG:COLLECTOR_BOOSTER_BOX:TCGCSV-23848-594681,1
forecasts.csv,identifier,asset_id,MTG:COLLECTOR_BOOSTER_BOX:TCGCSV-23874-604253,1
forecasts.csv,identifier,asset_id,MTG:COLLECTOR_BOOSTER_BOX:TCGCSV-24219-618893,1
forecasts.csv,identifier,asset_id,MTG:COLLECTOR_BOOSTER_BOX:TCGCSV-24232-619649,1
forecasts.csv,identifier,asset_id,MTG:COLLECTOR_BOOSTER_BOX:TCGCSV-24233-619672,1
forecasts.csv,identifier,asset_id,MTG:COLLECTOR_BOOSTER_BOX:TCGCSV-24245-621110,1
forecasts.csv,identifier,asset_id,MTG:COLLECTOR_BOOSTER_BOX:TCGCSV-24421-648650,1
forecasts.csv,identifier,asset_id,MTG:COLLECTOR_BOOSTER_BOX:TCGCSV-24463-656322,1
forecasts.csv,identifier,asset_id,MTG:COLLECTOR_BOOSTER_BOX:TCGCSV-24495-657852,1
forecasts.csv,identifier,asset_id,MTG:COLLECTOR_BOOSTER_BOX:TCGCSV-24553-675606,1
forecasts.csv,identifier,asset_id,MTG:COLLECTOR_BOOSTER_BOX:TCGCSV-24601-675558,1
forecasts.csv,identifier,asset_id,MTG:COLLECTOR_BOOSTER_BOX:TCGCSV-24683-692963,1
forecasts.csv,identifier,asset_id,MTG:COLLECTOR_BOOSTER_BOX:TCGCSV-24684-692983,1
forecasts.csv,identifier,asset_id,MTG:COLLECTOR_BOOSTER_BOX:TCGCSV-2603-208279,1
forecasts.csv,identifier,asset_id,MTG:COLLECTOR_BOOSTER_BOX:TCGCSV-2648-220423,1
forecasts.csv,identifier,asset_id,MTG:COLLECTOR_BOOSTER_BOX:TCGCSV-2653-214818,1
forecasts.csv,identifier,asset_id,MTG:COLLECTOR_BOOSTER_BOX:TCGCSV-2708-221323,1
forecasts.csv,identifier,asset_id,MTG:COLLECTOR_BOOSTER_BOX:TCGCSV-2750-228249,1
forecasts.csv,identifier,asset_id,MTG:COLLECTOR_BOOSTER_BOX:TCGCSV-2773-233232,1
forecasts.csv,identifier,asset_id,MTG:COLLECTOR_BOOSTER_BOX:TCGCSV-2809-236348,1
forecasts.csv,identifier,asset_id,MTG:COLLECTOR_BOOSTER_BOX:TCGCSV-2823-238745,1
forecasts.csv,identifier,asset_id,MTG:COLLECTOR_BOOSTER_BOX:TCGCSV-2862-246457,1
forecasts.csv,identifier,asset_id,MTG:COLLECTOR_BOOSTER_BOX:TCGCSV-2864-244384,1
forecasts.csv,identifier,asset_id,MTG:COLLECTOR_BOOSTER_BOX:TCGCSV-2958-275406,1
forecasts.csv,identifier,asset_id,MTG:COLLECTOR_BOOSTER_BOX:TCGCSV-2965-257563,1
forecasts.csv,identifier,asset_id,MTG:COLLECTOR_BOOSTER_BOX:TCGCSV-3026-264767,1
forecasts.csv,identifier,asset_id,MTG:COLLECTOR_BOOSTER_BOX:TCGCSV-3047-267023,1
forecasts.csv,identifier,asset_id,MTG:COLLECTOR_BOOSTER_BOX:TCGCSV-3070-271509,1
forecasts.csv,identifier,asset_id,MTG:COLLECTOR_BOOSTER_BOX:TCGCSV-3102-275412,1
forecasts.csv,identifier,asset_id,MTG:COLLECTOR_BOOSTER_BOX:TCGCSV-3157-282224,1
forecasts.csv,identifier,asset_id,MTG:PRE_COLLECTOR_BOOSTER_BOX:MTG-CANON-TCGPLAYER-27262,1
forecasts.csv,identifier,asset_id,MTG:PRE_COLLECTOR_BOOSTER_BOX:MTG-CANON-TCGPLAYER-27266,1
forecasts.csv,identifier,asset_id,MTG:PRE_COLLECTOR_BOOSTER_BOX:MTG-CANON-TCGPLAYER-27313,1
forecasts.csv,identifier,asset_id,MTG:PRE_COLLECTOR_BOOSTER_BOX:MTG-CANON-TCGPLAYER-27265,1
forecasts.csv,identifier,asset_id,MTG:PRE_COLLECTOR_BOOSTER_BOX:MTG-CANON-TCGPLAYER-27263,1
forecasts.csv,identifier,asset_id,MTG:PRE_COLLECTOR_BOOSTER_BOX:MTG-CANON-TCGPLAYER-27303,1
forecasts.csv,identifier,asset_id,MTG:PRE_COLLECTOR_BOOSTER_BOX:MTG-CANON-TCGPLAYER-27286,1
forecasts.csv,identifier,asset_id,MTG:PRE_COLLECTOR_BOOSTER_BOX:MTG-CANON-TCGPLAYER-27309,1
forecasts.csv,identifier,asset_id,MTG:PRE_COLLECTOR_BOOSTER_BOX:MTG-CANON-TCGPLAYER-27276,1
forecasts.csv,identifier,asset_id,MTG:PRE_COLLECTOR_BOOSTER_BOX:MTG-CANON-TCGPLAYER-27279,1
forecasts.csv,identifier,asset_id,MTG:PRE_COLLECTOR_BOOSTER_BOX:MTG-CANON-TCGPLAYER-27283,1
forecasts.csv,identifier,asset_id,MTG:PRE_COLLECTOR_BOOSTER_BOX:MTG-CANON-TCGPLAYER-27269,1
forecasts.csv,identifier,asset_id,MTG:PRE_COLLECTOR_BOOSTER_BOX:MTG-CANON-TCGPLAYER-27282,1
forecasts.csv,identifier,asset_id,MTG:PRE_COLLECTOR_BOOSTER_BOX:MTG-CANON-TCGPLAYER-27261,1
forecasts.csv,identifier,asset_id,MTG:PRE_COLLECTOR_BOOSTER_BOX:MTG-CANON-TCGPLAYER-27290,1
forecasts.csv,identifier,asset_id,MTG:PRE_COLLECTOR_BOOSTER_BOX:MTG-CANON-TCGPLAYER-27317,1
forecasts.csv,identifier,asset_id,MTG:PRE_COLLECTOR_BOOSTER_BOX:MTG-CANON-TCGPLAYER-27278,1
forecasts.csv,identifier,asset_id,MTG:PRE_COLLECTOR_BOOSTER_BOX:MTG-CANON-TCGPLAYER-27298,1
forecasts.csv,identifier,asset_id,MTG:PRE_COLLECTOR_BOOSTER_BOX:MTG-CANON-TCGPLAYER-27318,1
forecasts.csv,identifier,asset_id,MTG:PRE_COLLECTOR_BOOSTER_BOX:MTG-CANON-TCGPLAYER-27308,1
forecasts.csv,identifier,asset_id,MTG:PRE_COLLECTOR_BOOSTER_BOX:MTG-CANON-TCGPLAYER-27307,1
forecasts.csv,identifier,asset_id,MTG:PRE_COLLECTOR_BOOSTER_BOX:MTG-CANON-TCGPLAYER-27275,1
forecasts.csv,identifier,asset_id,MTG:PRE_COLLECTOR_BOOSTER_BOX:MTG-CANON-TCGPLAYER-27299,1
forecasts.csv,identifier,asset_id,MTG:PRE_COLLECTOR_BOOSTER_BOX:MTG-CANON-TCGPLAYER-27312,1
forecasts.csv,identifier,asset_id,MTG:PRE_COLLECTOR_BOOSTER_BOX:MTG-CANON-TCGPLAYER-27316,1
forecasts.csv,identifier,asset_id,MTG:PRE_COLLECTOR_BOOSTER_BOX:MTG-CANON-TCGPLAYER-27315,1
forecasts.csv,identifier,asset_id,MTG:PRE_COLLECTOR_BOOSTER_BOX:MTG-CANON-TCGPLAYER-27270,1
forecasts.csv,identifier,asset_id,MTG:PRE_COLLECTOR_BOOSTER_BOX:MTG-CANON-TCGPLAYER-27300,1
forecasts.csv,identifier,asset_id,MTG:PRE_COLLECTOR_BOOSTER_BOX:MTG-CANON-TCGPLAYER-27314,1
forecasts.csv,identifier,asset_id,MTG:PRE_COLLECTOR_BOOSTER_BOX:MTG-CANON-TCGPLAYER-27289,1
forecasts.csv,identifier,asset_id,MTG:PRE_COLLECTOR_BOOSTER_BOX:MTG-CANON-TCGPLAYER-27293,1
forecasts.csv,identifier,asset_id,MTG:PRE_COLLECTOR_BOOSTER_BOX:MTG-CANON-TCGPLAYER-27301,1
forecasts.csv,identifier,asset_id,MTG:PRE_COLLECTOR_BOOSTER_BOX:MTG-CANON-TCGPLAYER-27284,1
forecasts.csv,identifier,asset_id,MTG:PRE_COLLECTOR_BOOSTER_BOX:MTG-CANON-TCGPLAYER-27297,1
forecasts.csv,identifier,asset_id,MTG:PRE_COLLECTOR_BOOSTER_BOX:MTG-CANON-TCGPLAYER-27258,1
forecasts.csv,identifier,asset_id,MTG:PRE_COLLECTOR_BOOSTER_BOX:MTG-CANON-TCGPLAYER-27264,1
forecasts.csv,identifier,asset_id,MTG:PRE_COLLECTOR_BOOSTER_BOX:MTG-CANON-TCGPLAYER-27294,1
forecasts.csv,identifier,asset_id,MTG:PRE_COLLECTOR_BOOSTER_BOX:MTG-CANON-TCGPLAYER-27311,1
forecasts.csv,identifier,asset_id,MTG:PRE_COLLECTOR_BOOSTER_BOX:MTG-CANON-TCGPLAYER-27285,1
forecasts.csv,identifier,asset_id,MTG:PRE_COLLECTOR_BOOSTER_BOX:MTG-CANON-TCGPLAYER-27295,1
forecasts.csv,identifier,asset_id,MTG:PRE_COLLECTOR_BOOSTER_BOX:MTG-CANON-TCGPLAYER-27287,1
forecasts.csv,identifier,asset_id,MTG:PRE_COLLECTOR_BOOSTER_BOX:MTG-CANON-TCGPLAYER-27305,1
forecasts.csv,identifier,asset_id,MTG:PRE_COLLECTOR_BOOSTER_BOX:MTG-CANON-TCGPLAYER-27259,1
forecasts.csv,identifier,asset_id,MTG:PRE_COLLECTOR_BOOSTER_BOX:MTG-CANON-TCGPLAYER-27291,1
forecasts.csv,identifier,asset_id,MTG:PRE_COLLECTOR_BOOSTER_BOX:MTG-CANON-TCGPLAYER-27272,1
forecasts.csv,identifier,asset_id,MTG:PRE_COLLECTOR_BOOSTER_BOX:MTG-CANON-TCGPLAYER-27277,1
forecasts.csv,identifier,asset_id,MTG:PRE_COLLECTOR_BOOSTER_BOX:MTG-CANON-TCGPLAYER-27268,1
forecasts.csv,identifier,asset_id,MTG:PRE_COLLECTOR_BOOSTER_BOX:MTG-CANON-TCGPLAYER-79290,1
forecasts.csv,identifier,asset_id,MTG:PRE_COLLECTOR_BOOSTER_BOX:MTG-CANON-TCGPLAYER-27267,1
forecasts.csv,identifier,asset_id,MTG:PRE_COLLECTOR_BOOSTER_BOX:MTG-CANON-TCGPLAYER-27304,1
forecasts.csv,identifier,asset_id,MTG:PRE_COLLECTOR_BOOSTER_BOX:MTG-CANON-TCGPLAYER-27260,1
forecasts.csv,identifier,asset_id,MTG:PRE_COLLECTOR_BOOSTER_BOX:MTG-CANON-TCGPLAYER-27302,1
forecasts.csv,identifier,asset_id,MTG:PRE_COLLECTOR_BOOSTER_BOX:MTG-CANON-TCGPLAYER-27281,1
forecasts.csv,identifier,asset_id,MTG:PRE_COLLECTOR_BOOSTER_BOX:MTG-CANON-TCGPLAYER-27273,1
forecasts.csv,identifier,asset_id,MTG:PRE_COLLECTOR_BOOSTER_BOX:MTG-CANON-TCGPLAYER-27271,1
forecasts.csv,identifier,asset_id,MTG:PRE_COLLECTOR_BOOSTER_BOX:MTG-CANON-TCGPLAYER-27310,1
forecasts.csv,identifier,asset_id,MTG:PRE_COLLECTOR_BOOSTER_BOX:MTG-CANON-TCGPLAYER-27296,1
forecasts.csv,identifier,asset_id,MTG:PRE_COLLECTOR_BOOSTER_BOX:MTG-CANON-TCGPLAYER-27280,1
forecasts.csv,identifier,asset_id,MTG:PRE_COLLECTOR_BOOSTER_BOX:MTG-CANON-TCGPLAYER-27257,1
forecasts.csv,identifier,asset_id,MTG:PRE_COLLECTOR_BOOSTER_BOX:MTG-CANON-TCGPLAYER-27288,1
forecasts.csv,identifier,asset_id,MTG:PRE_COLLECTOR_BOOSTER_BOX:MTG-CANON-TCGPLAYER-27292,1
forecasts.csv,identifier,asset_id,MTG:PRE_COLLECTOR_BOOSTER_BOX:MTG-CANON-TCGPLAYER-27306,1
forecasts.csv,identifier,asset_id,MTG:PRE_COLLECTOR_BOOSTER_BOX:MTG-CANON-TCGPLAYER-27274,1
forecasts.csv,identifier,asset_id,MTG:PRE_COLLECTOR_BOOSTER_BOX:MTG-CANON-TCGPLAYER-28640,1
forecasts.csv,identifier,asset_id,MTG:PRE_COLLECTOR_BOOSTER_BOX:MTG-CANON-TCGPLAYER-93516,1
forecasts.csv,identifier,asset_id,MTG:PRE_COLLECTOR_BOOSTER_BOX:MTG-CANON-TCGPLAYER-31841,1
forecasts.csv,identifier,asset_id,MTG:PRE_COLLECTOR_BOOSTER_BOX:MTG-CANON-TCGPLAYER-32529,1
forecasts.csv,identifier,asset_id,MTG:PRE_COLLECTOR_BOOSTER_BOX:MTG-CANON-TCGPLAYER-32789,1
forecasts.csv,identifier,asset_id,MTG:PRE_COLLECTOR_BOOSTER_BOX:MTG-CANON-TCGPLAYER-34468,1
forecasts.csv,identifier,asset_id,MTG:PRE_COLLECTOR_BOOSTER_BOX:MTG-CANON-TCGPLAYER-34678,1
forecasts.csv,identifier,asset_id,MTG:PRE_COLLECTOR_BOOSTER_BOX:MTG-CANON-TCGPLAYER-35372,1
forecasts.csv,identifier,asset_id,MTG:PRE_COLLECTOR_BOOSTER_BOX:MTG-CANON-TCGPLAYER-35749,1
forecasts.csv,identifier,asset_id,MTG:PRE_COLLECTOR_BOOSTER_BOX:MTG-CANON-TCGPLAYER-39109,1
forecasts.csv,identifier,asset_id,MTG:PRE_COLLECTOR_BOOSTER_BOX:MTG-CANON-TCGPLAYER-39410,1
forecasts.csv,identifier,asset_id,MTG:PRE_COLLECTOR_BOOSTER_BOX:MTG-CANON-TCGPLAYER-46957,1
forecasts.csv,identifier,asset_id,MTG:PRE_COLLECTOR_BOOSTER_BOX:MTG-CANON-TCGPLAYER-47791,1
forecasts.csv,identifier,asset_id,MTG:PRE_COLLECTOR_BOOSTER_BOX:MTG-CANON-TCGPLAYER-57584,1
forecasts.csv,identifier,asset_id,MTG:PRE_COLLECTOR_BOOSTER_BOX:MTG-CANON-TCGPLAYER-58058,1
forecasts.csv,identifier,asset_id,MTG:PRE_COLLECTOR_BOOSTER_BOX:MTG-CANON-TCGPLAYER-59120,1
forecasts.csv,identifier,asset_id,MTG:PRE_COLLECTOR_BOOSTER_BOX:MTG-CANON-TCGPLAYER-60117,1
forecasts.csv,identifier,asset_id,MTG:PRE_COLLECTOR_BOOSTER_BOX:MTG-CANON-TCGPLAYER-67311,1
forecasts.csv,identifier,asset_id,MTG:PRE_COLLECTOR_BOOSTER_BOX:MTG-CANON-TCGPLAYER-67751,1
forecasts.csv,identifier,asset_id,MTG:PRE_COLLECTOR_BOOSTER_BOX:MTG-CANON-TCGPLAYER-68104,1
forecasts.csv,identifier,asset_id,MTG:PRE_COLLECTOR_BOOSTER_BOX:MTG-CANON-TCGPLAYER-69243,1
forecasts.csv,identifier,asset_id,MTG:PRE_COLLECTOR_BOOSTER_BOX:MTG-CANON-TCGPLAYER-70960,1
forecasts.csv,identifier,asset_id,MTG:PRE_COLLECTOR_BOOSTER_BOX:MTG-CANON-TCGPLAYER-77321,1
forecasts.csv,identifier,asset_id,MTG:PRE_COLLECTOR_BOOSTER_BOX:MTG-CANON-TCGPLAYER-77322,1
forecasts.csv,identifier,asset_id,MTG:PRE_COLLECTOR_BOOSTER_BOX:MTG-CANON-TCGPLAYER-82200,1
forecasts.csv,identifier,asset_id,MTG:PRE_COLLECTOR_BOOSTER_BOX:MTG-CANON-TCGPLAYER-90786,1
forecasts.csv,identifier,asset_id,MTG:PRE_COLLECTOR_BOOSTER_BOX:MTG-CANON-TCGPLAYER-91650,1
forecasts.csv,identifier,asset_id,MTG:PRE_COLLECTOR_BOOSTER_BOX:MTG-CANON-TCGPLAYER-94746,1
forecasts.csv,identifier,asset_id,MTG:PRE_COLLECTOR_BOOSTER_BOX:MTG-CANON-TCGPLAYER-96137,1
forecasts.csv,identifier,asset_id,MTG:PRE_COLLECTOR_BOOSTER_BOX:MTG-CANON-TCGPLAYER-95052,1
forecasts.csv,identifier,asset_id,MTG:PRE_COLLECTOR_BOOSTER_BOX:MTG-CANON-TCGPLAYER-96147,1
forecasts.csv,identifier,asset_id,MTG:PRE_COLLECTOR_BOOSTER_BOX:MTG-CANON-TCGPLAYER-102715,1
forecasts.csv,identifier,asset_id,MTG:PRE_COLLECTOR_BOOSTER_BOX:MTG-CANON-TCGPLAYER-110418,1
forecasts.csv,identifier,asset_id,MTG:PRE_COLLECTOR_BOOSTER_BOX:MTG-CANON-TCGPLAYER-114832,1
forecasts.csv,identifier,asset_id,MTG:PRE_COLLECTOR_BOOSTER_BOX:MTG-CANON-TCGPLAYER-118393,1
forecasts.csv,identifier,asset_id,MTG:PRE_COLLECTOR_BOOSTER_BOX:MTG-CANON-TCGPLAYER-120965,1
forecasts.csv,identifier,asset_id,MTG:PRE_COLLECTOR_BOOSTER_BOX:MTG-CANON-TCGPLAYER-112706,1
forecasts.csv,identifier,asset_id,MTG:PRE_COLLECTOR_BOOSTER_BOX:MTG-CANON-TCGPLAYER-121527,1
forecasts.csv,identifier,asset_id,MTG:PRE_COLLECTOR_BOOSTER_BOX:MTG-CANON-TCGPLAYER-125794,1
forecasts.csv,identifier,asset_id,MTG:PRE_COLLECTOR_BOOSTER_BOX:MTG-CANON-TCGPLAYER-127069,1
forecasts.csv,identifier,asset_id,MTG:PRE_COLLECTOR_BOOSTER_BOX:MTG-CANON-TCGPLAYER-127174,1
forecasts.csv,identifier,asset_id,MTG:PRE_COLLECTOR_BOOSTER_BOX:MTG-CANON-TCGPLAYER-131456,1
forecasts.csv,identifier,asset_id,MTG:PRE_COLLECTOR_BOOSTER_BOX:MTG-CANON-TCGPLAYER-141989,1
forecasts.csv,identifier,asset_id,MTG:PRE_COLLECTOR_BOOSTER_BOX:MTG-CANON-TCGPLAYER-145235,1
forecasts.csv,identifier,asset_id,MTG:PRE_COLLECTOR_BOOSTER_BOX:MTG-CANON-TCGPLAYER-149402,1
forecasts.csv,identifier,asset_id,MTG:PRE_COLLECTOR_BOOSTER_BOX:MTG-CANON-TCGPLAYER-149404,1
forecasts.csv,identifier,asset_id,MTG:PRE_COLLECTOR_BOOSTER_BOX:MTG-CANON-TCGPLAYER-157857,1
forecasts.csv,identifier,asset_id,MTG:PRE_COLLECTOR_BOOSTER_BOX:MTG-CANON-TCGPLAYER-158423,1
forecasts.csv,identifier,asset_id,MTG:PRE_COLLECTOR_BOOSTER_BOX:MTG-CANON-TCGPLAYER-166536,1
forecasts.csv,identifier,asset_id,MTG:PRE_COLLECTOR_BOOSTER_BOX:MTG-CANON-TCGPLAYER-166550,1
forecasts.csv,identifier,asset_id,MTG:PRE_COLLECTOR_BOOSTER_BOX:MTG-CANON-TCGPLAYER-173362,1
forecasts.csv,identifier,asset_id,MTG:PRE_COLLECTOR_BOOSTER_BOX:MTG-CANON-TCGPLAYER-179444,1
forecasts.csv,identifier,asset_id,MTG:PRE_COLLECTOR_BOOSTER_BOX:MTG-CANON-TCGPLAYER-180734,1
forecasts.csv,identifier,asset_id,MTG:PRE_COLLECTOR_BOOSTER_BOX:MTG-CANON-TCGPLAYER-185676,1
forecasts.csv,identifier,asset_id,MTG:PRE_COLLECTOR_BOOSTER_BOX:MTG-CANON-TCGPLAYER-185894,1
forecasts.csv,identifier,asset_id,MTG:PRE_COLLECTOR_BOOSTER_BOX:MTG-CANON-TCGPLAYER-188210,1
forecasts.csv,eligibility,forecast_eligible,NO,1058
forecasts.csv,eligibility,forecast_eligible,YES,83
forecasts.csv,forecast,one_year_base_usd,<BLANK>,1141
forecasts.csv,forecast,three_year_base_usd,<BLANK>,1141
forecasts.csv,forecast,five_year_base_usd,<BLANK>,1141
forecasts.csv,forecast,forecast_method,NATIVE_VALUATION_RANGE,973
forecasts.csv,forecast,forecast_method,TIER_GUARDED_SCENARIO_BANDS,83
forecasts.csv,forecast,forecast_method,NATIVE_MONTE_CARLO_RANGE,48
forecasts.csv,forecast,forecast_method,NO_NUMERIC_FORECAST,37
recommendations.csv,identifier,asset_id,MTG:SECRET_LAIR:SL-00DFD5FAF7A6FF,1
recommendations.csv,identifier,asset_id,MTG:SECRET_LAIR:SL-014CB03DE34288,1
recommendations.csv,identifier,asset_id,MTG:SECRET_LAIR:SL-0170AA960296CD,1
recommendations.csv,identifier,asset_id,MTG:SECRET_LAIR:SL-01A33A04CE8DA9,1
recommendations.csv,identifier,asset_id,MTG:SECRET_LAIR:SL-01DC7B8F9D05F8,1
recommendations.csv,identifier,asset_id,MTG:SECRET_LAIR:SL-01E98F93055799,1
recommendations.csv,identifier,asset_id,MTG:SECRET_LAIR:SL-01F4014DB0F8CA,1
recommendations.csv,identifier,asset_id,MTG:SECRET_LAIR:SL-02041401623B89,1
recommendations.csv,identifier,asset_id,MTG:SECRET_LAIR:SL-021B2153DBD979,1
recommendations.csv,identifier,asset_id,MTG:SECRET_LAIR:SL-02BF1E90F565BA,1
recommendations.csv,identifier,asset_id,MTG:SECRET_LAIR:SL-030C40B079BE71,1
recommendations.csv,identifier,asset_id,MTG:SECRET_LAIR:SL-031591793B58D2,1
recommendations.csv,identifier,asset_id,MTG:SECRET_LAIR:SL-035B905324063A,1
recommendations.csv,identifier,asset_id,MTG:SECRET_LAIR:SL-038D960C141CC9,1
recommendations.csv,identifier,asset_id,MTG:SECRET_LAIR:SL-0430987FB34846,1
recommendations.csv,identifier,asset_id,MTG:SECRET_LAIR:SL-0464E462AF6315,1
recommendations.csv,identifier,asset_id,MTG:SECRET_LAIR:SL-04F997D8C52528,1
recommendations.csv,identifier,asset_id,MTG:SECRET_LAIR:SL-0559BC4D37DF0B,1
recommendations.csv,identifier,asset_id,MTG:SECRET_LAIR:SL-061D727564DFFE,1
recommendations.csv,identifier,asset_id,MTG:SECRET_LAIR:SL-064D2E49795666,1
recommendations.csv,identifier,asset_id,MTG:SECRET_LAIR:SL-0695851252F6DF,1
recommendations.csv,identifier,asset_id,MTG:SECRET_LAIR:SL-06CAAF43297C92,1
recommendations.csv,identifier,asset_id,MTG:SECRET_LAIR:SL-074AA34DCCD62C,1
recommendations.csv,identifier,asset_id,MTG:SECRET_LAIR:SL-07E8B624A8C7D4,1
recommendations.csv,identifier,asset_id,MTG:SECRET_LAIR:SL-083956F35FB3E4,1
recommendations.csv,identifier,asset_id,MTG:SECRET_LAIR:SL-091253B94BB947,1
recommendations.csv,identifier,asset_id,MTG:SECRET_LAIR:SL-09332718CFEA52,1
recommendations.csv,identifier,asset_id,MTG:SECRET_LAIR:SL-0957EA8624A898,1
recommendations.csv,identifier,asset_id,MTG:SECRET_LAIR:SL-095A861D9875C3,1
recommendations.csv,identifier,asset_id,MTG:SECRET_LAIR:SL-09F80672292CE8,1
recommendations.csv,identifier,asset_id,MTG:SECRET_LAIR:SL-0A174DAC0F9024,1
recommendations.csv,identifier,asset_id,MTG:SECRET_LAIR:SL-0A1AF554F409DF,1
recommendations.csv,identifier,asset_id,MTG:SECRET_LAIR:SL-0AA8438AAB4240,1
recommendations.csv,identifier,asset_id,MTG:SECRET_LAIR:SL-0B3132C3EEAD64,1
recommendations.csv,identifier,asset_id,MTG:SECRET_LAIR:SL-0B75BFD8A38901,1
recommendations.csv,identifier,asset_id,MTG:SECRET_LAIR:SL-0C1E7816FD9FE9,1
recommendations.csv,identifier,asset_id,MTG:SECRET_LAIR:SL-0C4B6E83C3E214,1
recommendations.csv,identifier,asset_id,MTG:SECRET_LAIR:SL-0CEABF59829053,1
recommendations.csv,identifier,asset_id,MTG:SECRET_LAIR:SL-0CED568CA776CD,1
recommendations.csv,identifier,asset_id,MTG:SECRET_LAIR:SL-0CF3E7A9C296C3,1
recommendations.csv,identifier,asset_id,MTG:SECRET_LAIR:SL-0CFD9C26617BF8,1
recommendations.csv,identifier,asset_id,MTG:SECRET_LAIR:SL-0D7734D027859B,1
recommendations.csv,identifier,asset_id,MTG:SECRET_LAIR:SL-0D989A557A9D90,1
recommendations.csv,identifier,asset_id,MTG:SECRET_LAIR:SL-0E13518CC2D50B,1
recommendations.csv,identifier,asset_id,MTG:SECRET_LAIR:SL-0E630241169A8E,1
recommendations.csv,identifier,asset_id,MTG:SECRET_LAIR:SL-0E772D4E9A9FA4,1
recommendations.csv,identifier,asset_id,MTG:SECRET_LAIR:SL-0EA9F010F7F403,1
recommendations.csv,identifier,asset_id,MTG:SECRET_LAIR:SL-0ED724E9E0E76F,1
recommendations.csv,identifier,asset_id,MTG:SECRET_LAIR:SL-0EF6F56C669DFA,1
recommendations.csv,identifier,asset_id,MTG:SECRET_LAIR:SL-0F1DBD84485B3E,1
recommendations.csv,identifier,asset_id,MTG:SECRET_LAIR:SL-0F86D31256941D,1
recommendations.csv,identifier,asset_id,MTG:SECRET_LAIR:SL-0F8CABC723BB6B,1
recommendations.csv,identifier,asset_id,MTG:SECRET_LAIR:SL-0FD5F6D742E1F1,1
recommendations.csv,identifier,asset_id,MTG:SECRET_LAIR:SL-1051ECFDCBF5AF,1
recommendations.csv,identifier,asset_id,MTG:SECRET_LAIR:SL-10654C31034738,1
recommendations.csv,identifier,asset_id,MTG:SECRET_LAIR:SL-10F7835581923D,1
recommendations.csv,identifier,asset_id,MTG:SECRET_LAIR:SL-115EC34A20CEBD,1
recommendations.csv,identifier,asset_id,MTG:SECRET_LAIR:SL-118CC96FD450B8,1
recommendations.csv,identifier,asset_id,MTG:SECRET_LAIR:SL-120AAF80ADF7D7,1
recommendations.csv,identifier,asset_id,MTG:SECRET_LAIR:SL-122DA15C9E14A2,1
recommendations.csv,identifier,asset_id,MTG:SECRET_LAIR:SL-126AA07A5786BF,1
recommendations.csv,identifier,asset_id,MTG:SECRET_LAIR:SL-12A0108619FC9B,1
recommendations.csv,identifier,asset_id,MTG:SECRET_LAIR:SL-12C2591B92C35D,1
recommendations.csv,identifier,asset_id,MTG:SECRET_LAIR:SL-1300E73CDDA9B5,1
recommendations.csv,identifier,asset_id,MTG:SECRET_LAIR:SL-1304148BB94881,1
recommendations.csv,identifier,asset_id,MTG:SECRET_LAIR:SL-137214427FCCAA,1
recommendations.csv,identifier,asset_id,MTG:SECRET_LAIR:SL-13874C5D848C73,1
recommendations.csv,identifier,asset_id,MTG:SECRET_LAIR:SL-13A381A40449C9,1
recommendations.csv,identifier,asset_id,MTG:SECRET_LAIR:SL-13FAC3EF59E6AC,1
recommendations.csv,identifier,asset_id,MTG:SECRET_LAIR:SL-14069B556F0234,1
recommendations.csv,identifier,asset_id,MTG:SECRET_LAIR:SL-140EB9D3B38175,1
recommendations.csv,identifier,asset_id,MTG:SECRET_LAIR:SL-142966DB35DC8F,1
recommendations.csv,identifier,asset_id,MTG:SECRET_LAIR:SL-145E2D7DAB1056,1
recommendations.csv,identifier,asset_id,MTG:SECRET_LAIR:SL-14CB93A38C37A0,1
recommendations.csv,identifier,asset_id,MTG:SECRET_LAIR:SL-15ADFCF5094915,1
recommendations.csv,identifier,asset_id,MTG:SECRET_LAIR:SL-15F0BDC0F7B590,1
recommendations.csv,identifier,asset_id,MTG:SECRET_LAIR:SL-167399D6CD6288,1
recommendations.csv,identifier,asset_id,MTG:SECRET_LAIR:SL-1673F72E783176,1
recommendations.csv,identifier,asset_id,MTG:SECRET_LAIR:SL-1716D8997667E1,1
recommendations.csv,identifier,asset_id,MTG:SECRET_LAIR:SL-17405C5D45E661,1
recommendations.csv,identifier,asset_id,MTG:SECRET_LAIR:SL-18623F544924A7,1
recommendations.csv,identifier,asset_id,MTG:SECRET_LAIR:SL-189ED14E304342,1
recommendations.csv,identifier,asset_id,MTG:SECRET_LAIR:SL-18DF50D0713A3D,1
recommendations.csv,identifier,asset_id,MTG:SECRET_LAIR:SL-19307234228696,1
recommendations.csv,identifier,asset_id,MTG:SECRET_LAIR:SL-197CCEBB8BF2AC,1
recommendations.csv,identifier,asset_id,MTG:SECRET_LAIR:SL-197EC2ADF7628E,1
recommendations.csv,identifier,asset_id,MTG:SECRET_LAIR:SL-197F90EACBF23A,1
recommendations.csv,identifier,asset_id,MTG:SECRET_LAIR:SL-19B445CB21B8AA,1
recommendations.csv,identifier,asset_id,MTG:SECRET_LAIR:SL-1AC45BAFCC79A8,1
recommendations.csv,identifier,asset_id,MTG:SECRET_LAIR:SL-1B0779915A22B6,1
recommendations.csv,identifier,asset_id,MTG:SECRET_LAIR:SL-1B4F52C53867DC,1
recommendations.csv,identifier,asset_id,MTG:SECRET_LAIR:SL-1B5B0C7B7DFD8A,1
recommendations.csv,identifier,asset_id,MTG:SECRET_LAIR:SL-1C45E7F91C62E4,1
recommendations.csv,identifier,asset_id,MTG:SECRET_LAIR:SL-1CBB2CDA24A606,1
recommendations.csv,identifier,asset_id,MTG:SECRET_LAIR:SL-1D01680A770718,1
recommendations.csv,identifier,asset_id,MTG:SECRET_LAIR:SL-1D242838322B00,1
recommendations.csv,identifier,asset_id,MTG:SECRET_LAIR:SL-1D9FB450470C75,1
recommendations.csv,identifier,asset_id,MTG:SECRET_LAIR:SL-1DA21B27711D91,1
recommendations.csv,identifier,asset_id,MTG:SECRET_LAIR:SL-1DE33F0229DA09,1
recommendations.csv,identifier,asset_id,MTG:SECRET_LAIR:SL-1E11913E760B30,1
recommendations.csv,identifier,asset_id,MTG:SECRET_LAIR:SL-1F7D163D1ACEFB,1
recommendations.csv,identifier,asset_id,MTG:SECRET_LAIR:SL-1F9921A151E628,1
recommendations.csv,identifier,asset_id,MTG:SECRET_LAIR:SL-2007070E059EDF,1
recommendations.csv,identifier,asset_id,MTG:SECRET_LAIR:SL-204D6B03D36FE2,1
recommendations.csv,identifier,asset_id,MTG:SECRET_LAIR:SL-207EFFFEEB79A0,1
recommendations.csv,identifier,asset_id,MTG:SECRET_LAIR:SL-2098A235696D4F,1
recommendations.csv,identifier,asset_id,MTG:SECRET_LAIR:SL-20A675073DCB5D,1
recommendations.csv,identifier,asset_id,MTG:SECRET_LAIR:SL-20D499A470B8A5,1
recommendations.csv,identifier,asset_id,MTG:SECRET_LAIR:SL-20E2C89BAB6915,1
recommendations.csv,identifier,asset_id,MTG:SECRET_LAIR:SL-20EA4A771B3569,1
recommendations.csv,identifier,asset_id,MTG:SECRET_LAIR:SL-213339E791C59A,1
recommendations.csv,identifier,asset_id,MTG:SECRET_LAIR:SL-214ED723D3A771,1
recommendations.csv,identifier,asset_id,MTG:SECRET_LAIR:SL-21979E71D302E5,1
recommendations.csv,identifier,asset_id,MTG:SECRET_LAIR:SL-219DB149BBB690,1
recommendations.csv,identifier,asset_id,MTG:SECRET_LAIR:SL-22454153307BC0,1
recommendations.csv,identifier,asset_id,MTG:SECRET_LAIR:SL-226F557D91DE6E,1
recommendations.csv,identifier,asset_id,MTG:SECRET_LAIR:SL-22B841990DAC1F,1
recommendations.csv,identifier,asset_id,MTG:SECRET_LAIR:SL-22CD7E1A6B7A30,1
recommendations.csv,identifier,asset_id,MTG:SECRET_LAIR:SL-22E3600468CA16,1
recommendations.csv,identifier,asset_id,MTG:SECRET_LAIR:SL-2347A35CDE0CCA,1
recommendations.csv,identifier,asset_id,MTG:SECRET_LAIR:SL-23598BE2582FF4,1
recommendations.csv,identifier,asset_id,MTG:SECRET_LAIR:SL-239D6859BD1D9C,1
recommendations.csv,identifier,asset_id,MTG:SECRET_LAIR:SL-23E541A279A532,1
recommendations.csv,identifier,asset_id,MTG:SECRET_LAIR:SL-23F2295DED1E9C,1
recommendations.csv,identifier,asset_id,MTG:SECRET_LAIR:SL-23FA662D95286E,1
recommendations.csv,identifier,asset_id,MTG:SECRET_LAIR:SL-24526707F6CB2D,1
recommendations.csv,identifier,asset_id,MTG:SECRET_LAIR:SL-24D60CEE50EB04,1
recommendations.csv,identifier,asset_id,MTG:SECRET_LAIR:SL-255A0A2F4FEB20,1
recommendations.csv,identifier,asset_id,MTG:SECRET_LAIR:SL-2569BCFE16FD2C,1
recommendations.csv,identifier,asset_id,MTG:SECRET_LAIR:SL-256B2682940475,1
recommendations.csv,identifier,asset_id,MTG:SECRET_LAIR:SL-25FFECED0CE8DE,1
recommendations.csv,identifier,asset_id,MTG:SECRET_LAIR:SL-26B06B683BCA6B,1
recommendations.csv,identifier,asset_id,MTG:SECRET_LAIR:SL-26CE439D88A06A,1
recommendations.csv,identifier,asset_id,MTG:SECRET_LAIR:SL-26D338135420FD,1
recommendations.csv,identifier,asset_id,MTG:SECRET_LAIR:SL-26D60205AA523A,1
recommendations.csv,identifier,asset_id,MTG:SECRET_LAIR:SL-272CED28AF6023,1
recommendations.csv,identifier,asset_id,MTG:SECRET_LAIR:SL-2786878C1D8F2A,1
recommendations.csv,identifier,asset_id,MTG:SECRET_LAIR:SL-278D493DAEF98B,1
recommendations.csv,identifier,asset_id,MTG:SECRET_LAIR:SL-27BCF6F90AE7CD,1
recommendations.csv,identifier,asset_id,MTG:SECRET_LAIR:SL-27F25ED44B60AC,1
recommendations.csv,identifier,asset_id,MTG:SECRET_LAIR:SL-27F53952DEB63B,1
recommendations.csv,identifier,asset_id,MTG:SECRET_LAIR:SL-2825A1B58F0B24,1
recommendations.csv,identifier,asset_id,MTG:SECRET_LAIR:SL-284D5484C99F48,1
recommendations.csv,identifier,asset_id,MTG:SECRET_LAIR:SL-28E7EF25549A0F,1
recommendations.csv,identifier,asset_id,MTG:SECRET_LAIR:SL-290BC5AB169700,1
recommendations.csv,identifier,asset_id,MTG:SECRET_LAIR:SL-299EFC297156F1,1
recommendations.csv,identifier,asset_id,MTG:SECRET_LAIR:SL-2A0B13F359B600,1
recommendations.csv,identifier,asset_id,MTG:SECRET_LAIR:SL-2A2F4D4D905F89,1
recommendations.csv,identifier,asset_id,MTG:SECRET_LAIR:SL-2AA846FD9ACD02,1
recommendations.csv,identifier,asset_id,MTG:SECRET_LAIR:SL-2AC9C47B84FA46,1
recommendations.csv,identifier,asset_id,MTG:SECRET_LAIR:SL-2ADC84D7922A98,1
recommendations.csv,identifier,asset_id,MTG:SECRET_LAIR:SL-2AF8009F200134,1
recommendations.csv,identifier,asset_id,MTG:SECRET_LAIR:SL-2B046AC7FBA460,1
recommendations.csv,identifier,asset_id,MTG:SECRET_LAIR:SL-2B40642CD07C6B,1
recommendations.csv,identifier,asset_id,MTG:SECRET_LAIR:SL-2B55545460A82C,1
recommendations.csv,identifier,asset_id,MTG:SECRET_LAIR:SL-2B817FBC9624E5,1
recommendations.csv,identifier,asset_id,MTG:SECRET_LAIR:SL-2B9EE853724B6D,1
recommendations.csv,identifier,asset_id,MTG:SECRET_LAIR:SL-2BC80C4864DCB3,1
recommendations.csv,identifier,asset_id,MTG:SECRET_LAIR:SL-2C8BD576A51D61,1
recommendations.csv,identifier,asset_id,MTG:SECRET_LAIR:SL-2CC41EDDF7EBA1,1
recommendations.csv,identifier,asset_id,MTG:SECRET_LAIR:SL-2CFDA3F4C0066D,1
recommendations.csv,identifier,asset_id,MTG:SECRET_LAIR:SL-2D3CABC651E40A,1
recommendations.csv,identifier,asset_id,MTG:SECRET_LAIR:SL-2D3F3FFB5E9435,1
recommendations.csv,identifier,asset_id,MTG:SECRET_LAIR:SL-2D5B5D6DB161EE,1
recommendations.csv,identifier,asset_id,MTG:SECRET_LAIR:SL-2E5D3F1C55B40E,1
recommendations.csv,identifier,asset_id,MTG:SECRET_LAIR:SL-2E6BF27043E9BB,1
recommendations.csv,identifier,asset_id,MTG:SECRET_LAIR:SL-2F0C6070A19154,1
recommendations.csv,identifier,asset_id,MTG:SECRET_LAIR:SL-2F498E0B93A360,1
recommendations.csv,identifier,asset_id,MTG:SECRET_LAIR:SL-2F5BFD58A416E7,1
recommendations.csv,identifier,asset_id,MTG:SECRET_LAIR:SL-2FCD076205C4F4,1
recommendations.csv,identifier,asset_id,MTG:SECRET_LAIR:SL-2FE515EC6D482C,1
recommendations.csv,identifier,asset_id,MTG:SECRET_LAIR:SL-301D3C32669404,1
recommendations.csv,identifier,asset_id,MTG:SECRET_LAIR:SL-30B353B1E2F40A,1
recommendations.csv,identifier,asset_id,MTG:SECRET_LAIR:SL-30C88E4C2B3278,1
recommendations.csv,identifier,asset_id,MTG:SECRET_LAIR:SL-30DF537FBDFC90,1
recommendations.csv,identifier,asset_id,MTG:SECRET_LAIR:SL-3104ED52ED0029,1
recommendations.csv,identifier,asset_id,MTG:SECRET_LAIR:SL-31ABCEB49A1123,1
recommendations.csv,identifier,asset_id,MTG:SECRET_LAIR:SL-31EB584CE2759D,1
recommendations.csv,identifier,asset_id,MTG:SECRET_LAIR:SL-31EB85A6AF4F60,1
recommendations.csv,identifier,asset_id,MTG:SECRET_LAIR:SL-32E9767E0B3D5C,1
recommendations.csv,identifier,asset_id,MTG:SECRET_LAIR:SL-33DE5E031EFD3B,1
recommendations.csv,identifier,asset_id,MTG:SECRET_LAIR:SL-33FFFBC2DAC5E2,1
recommendations.csv,identifier,asset_id,MTG:SECRET_LAIR:SL-34194E4F054A23,1
recommendations.csv,identifier,asset_id,MTG:SECRET_LAIR:SL-34352A7A87C72D,1
recommendations.csv,identifier,asset_id,MTG:SECRET_LAIR:SL-347373B1ADC604,1
recommendations.csv,identifier,asset_id,MTG:SECRET_LAIR:SL-35D49FF298AC45,1
recommendations.csv,identifier,asset_id,MTG:SECRET_LAIR:SL-36280CB83AC2AF,1
recommendations.csv,identifier,asset_id,MTG:SECRET_LAIR:SL-364F90FA6A1775,1
recommendations.csv,identifier,asset_id,MTG:SECRET_LAIR:SL-366202692BF768,1
recommendations.csv,identifier,asset_id,MTG:SECRET_LAIR:SL-3695BA5801481E,1
recommendations.csv,identifier,asset_id,MTG:SECRET_LAIR:SL-369FF863EC799B,1
recommendations.csv,identifier,asset_id,MTG:SECRET_LAIR:SL-3734ADEE0BD3D9,1
recommendations.csv,identifier,asset_id,MTG:SECRET_LAIR:SL-373CCE73104F13,1
recommendations.csv,identifier,asset_id,MTG:SECRET_LAIR:SL-37C6B768973D2F,1
recommendations.csv,identifier,asset_id,MTG:SECRET_LAIR:SL-37F143176116F8,1
recommendations.csv,identifier,asset_id,MTG:SECRET_LAIR:SL-37F8EC322DC4FF,1
recommendations.csv,identifier,asset_id,MTG:SECRET_LAIR:SL-383A5390F8CB76,1
recommendations.csv,identifier,asset_id,MTG:SECRET_LAIR:SL-384FB17537F64E,1
recommendations.csv,identifier,asset_id,MTG:SECRET_LAIR:SL-3852DBF0BE0E0F,1
recommendations.csv,identifier,asset_id,MTG:SECRET_LAIR:SL-38870530CF4440,1
recommendations.csv,identifier,asset_id,MTG:SECRET_LAIR:SL-38D62E44CA4044,1
recommendations.csv,identifier,asset_id,MTG:SECRET_LAIR:SL-391ADFABB49A8E,1
recommendations.csv,identifier,asset_id,MTG:SECRET_LAIR:SL-397AD1D0B568A3,1
recommendations.csv,identifier,asset_id,MTG:SECRET_LAIR:SL-39B978CCE71007,1
recommendations.csv,identifier,asset_id,MTG:SECRET_LAIR:SL-39CDF02CD749A1,1
recommendations.csv,identifier,asset_id,MTG:SECRET_LAIR:SL-39F25CFE2C5A26,1
recommendations.csv,identifier,asset_id,MTG:SECRET_LAIR:SL-3A02BD35AC0C02,1
recommendations.csv,identifier,asset_id,MTG:SECRET_LAIR:SL-3A798704DD8BBD,1
recommendations.csv,identifier,asset_id,MTG:SECRET_LAIR:SL-3A8C34AA302232,1
recommendations.csv,identifier,asset_id,MTG:SECRET_LAIR:SL-3ABE230D547642,1
recommendations.csv,identifier,asset_id,MTG:SECRET_LAIR:SL-3AD38730FCEF33,1
recommendations.csv,identifier,asset_id,MTG:SECRET_LAIR:SL-3AE8E2E6E8B3B6,1
recommendations.csv,identifier,asset_id,MTG:SECRET_LAIR:SL-3AED22057A4FFB,1
recommendations.csv,identifier,asset_id,MTG:SECRET_LAIR:SL-3B1C73233CF74E,1
recommendations.csv,identifier,asset_id,MTG:SECRET_LAIR:SL-3BCA01B6A36AD0,1
recommendations.csv,identifier,asset_id,MTG:SECRET_LAIR:SL-3BF23A821ADB00,1
recommendations.csv,identifier,asset_id,MTG:SECRET_LAIR:SL-3BF37BD3ACB158,1
recommendations.csv,identifier,asset_id,MTG:SECRET_LAIR:SL-3BF8B1EFC3D63E,1
recommendations.csv,identifier,asset_id,MTG:SECRET_LAIR:SL-3C65FD2BF954A2,1
recommendations.csv,identifier,asset_id,MTG:SECRET_LAIR:SL-3C8F74D9F8C33A,1
recommendations.csv,identifier,asset_id,MTG:SECRET_LAIR:SL-3C90B58C213EC3,1
recommendations.csv,identifier,asset_id,MTG:SECRET_LAIR:SL-3CA7E30CC977F0,1
recommendations.csv,identifier,asset_id,MTG:SECRET_LAIR:SL-3CE747424ABD9D,1
recommendations.csv,identifier,asset_id,MTG:SECRET_LAIR:SL-3D0052CFE56421,1
recommendations.csv,identifier,asset_id,MTG:SECRET_LAIR:SL-3D01D7D0EAE8CA,1
recommendations.csv,identifier,asset_id,MTG:SECRET_LAIR:SL-3D16987F5EDCDC,1
recommendations.csv,identifier,asset_id,MTG:SECRET_LAIR:SL-3D43E1264ED817,1
recommendations.csv,identifier,asset_id,MTG:SECRET_LAIR:SL-3D4434A1970156,1
recommendations.csv,identifier,asset_id,MTG:SECRET_LAIR:SL-3D4D8B9063C0F4,1
recommendations.csv,identifier,asset_id,MTG:SECRET_LAIR:SL-3D98DA707A8A83,1
recommendations.csv,identifier,asset_id,MTG:SECRET_LAIR:SL-3EEFF77D627261,1
recommendations.csv,identifier,asset_id,MTG:SECRET_LAIR:SL-3EF9855B3720AF,1
recommendations.csv,identifier,asset_id,MTG:SECRET_LAIR:SL-3F0275C619056A,1
recommendations.csv,identifier,asset_id,MTG:SECRET_LAIR:SL-3F1F1DB9343414,1
recommendations.csv,identifier,asset_id,MTG:SECRET_LAIR:SL-3F2B421DD9669F,1
recommendations.csv,identifier,asset_id,MTG:SECRET_LAIR:SL-3F3C86FF9BD9C8,1
recommendations.csv,identifier,asset_id,MTG:SECRET_LAIR:SL-3F745D24C8D183,1
recommendations.csv,identifier,asset_id,MTG:SECRET_LAIR:SL-4018B4444438E9,1
recommendations.csv,identifier,asset_id,MTG:SECRET_LAIR:SL-401C61727EE263,1
recommendations.csv,identifier,asset_id,MTG:SECRET_LAIR:SL-40670F87176D8C,1
recommendations.csv,identifier,asset_id,MTG:SECRET_LAIR:SL-40B6F9DD3A4665,1
recommendations.csv,identifier,asset_id,MTG:SECRET_LAIR:SL-412C261AA45A1B,1
recommendations.csv,identifier,asset_id,MTG:SECRET_LAIR:SL-415E40E57B3DAB,1
recommendations.csv,identifier,asset_id,MTG:SECRET_LAIR:SL-41A8311FB84FA5,1
recommendations.csv,identifier,asset_id,MTG:SECRET_LAIR:SL-41DAD3A3B372D8,1
recommendations.csv,identifier,asset_id,MTG:SECRET_LAIR:SL-42559D1C728178,1
recommendations.csv,identifier,asset_id,MTG:SECRET_LAIR:SL-4262135C124315,1
recommendations.csv,identifier,asset_id,MTG:SECRET_LAIR:SL-42D8B704EA16D9,1
recommendations.csv,identifier,asset_id,MTG:SECRET_LAIR:SL-43286263D6D2C4,1
recommendations.csv,identifier,asset_id,MTG:SECRET_LAIR:SL-43659890F8CF5B,1
recommendations.csv,identifier,asset_id,MTG:SECRET_LAIR:SL-43DBFB9B561C4B,1
recommendations.csv,identifier,asset_id,MTG:SECRET_LAIR:SL-4445D560A16695,1
recommendations.csv,identifier,asset_id,MTG:SECRET_LAIR:SL-44C1A8804ED001,1
recommendations.csv,identifier,asset_id,MTG:SECRET_LAIR:SL-452614AF0A815A,1
recommendations.csv,identifier,asset_id,MTG:SECRET_LAIR:SL-4538C3C87DD66E,1
recommendations.csv,identifier,asset_id,MTG:SECRET_LAIR:SL-45AC0450672011,1
recommendations.csv,identifier,asset_id,MTG:SECRET_LAIR:SL-45AD439AB34854,1
recommendations.csv,identifier,asset_id,MTG:SECRET_LAIR:SL-4608D41552CD68,1
recommendations.csv,identifier,asset_id,MTG:SECRET_LAIR:SL-4735ED23F7A4FD,1
recommendations.csv,identifier,asset_id,MTG:SECRET_LAIR:SL-47609F826AE46F,1
recommendations.csv,identifier,asset_id,MTG:SECRET_LAIR:SL-47D0706F022868,1
recommendations.csv,identifier,asset_id,MTG:SECRET_LAIR:SL-47FD7A58931702,1
recommendations.csv,identifier,asset_id,MTG:SECRET_LAIR:SL-481026198BBC92,1
recommendations.csv,identifier,asset_id,MTG:SECRET_LAIR:SL-481C91DE34F288,1
recommendations.csv,identifier,asset_id,MTG:SECRET_LAIR:SL-485FDCB7A00AFE,1
recommendations.csv,identifier,asset_id,MTG:SECRET_LAIR:SL-48E2D44B0DB112,1
recommendations.csv,identifier,asset_id,MTG:SECRET_LAIR:SL-4A13D668591161,1
recommendations.csv,identifier,asset_id,MTG:SECRET_LAIR:SL-4AF8E5539A3A37,1
recommendations.csv,identifier,asset_id,MTG:SECRET_LAIR:SL-4AFB9096DD6221,1
recommendations.csv,identifier,asset_id,MTG:SECRET_LAIR:SL-4B22D43419542B,1
recommendations.csv,identifier,asset_id,MTG:SECRET_LAIR:SL-4B314F21B95F79,1
recommendations.csv,identifier,asset_id,MTG:SECRET_LAIR:SL-4BE57560047EB4,1
recommendations.csv,identifier,asset_id,MTG:SECRET_LAIR:SL-4BF63B64592660,1
recommendations.csv,identifier,asset_id,MTG:SECRET_LAIR:SL-4BF7FE45B6D5FA,1
recommendations.csv,identifier,asset_id,MTG:SECRET_LAIR:SL-4C044399719CB3,1
recommendations.csv,identifier,asset_id,MTG:SECRET_LAIR:SL-4C3509AD7E230B,1
recommendations.csv,identifier,asset_id,MTG:SECRET_LAIR:SL-4C4FCD42C6E4CB,1
recommendations.csv,identifier,asset_id,MTG:SECRET_LAIR:SL-4C6A3C65A74465,1
recommendations.csv,identifier,asset_id,MTG:SECRET_LAIR:SL-4D59CDC526B4A4,1
recommendations.csv,identifier,asset_id,MTG:SECRET_LAIR:SL-4D89F0ED51988D,1
recommendations.csv,identifier,asset_id,MTG:SECRET_LAIR:SL-4E0F9462AECE34,1
recommendations.csv,identifier,asset_id,MTG:SECRET_LAIR:SL-4E3DD31A8F10CD,1
recommendations.csv,identifier,asset_id,MTG:SECRET_LAIR:SL-4E446C326A35E0,1
recommendations.csv,identifier,asset_id,MTG:SECRET_LAIR:SL-4E4666C9C585DF,1
recommendations.csv,identifier,asset_id,MTG:SECRET_LAIR:SL-4F949907592453,1
recommendations.csv,identifier,asset_id,MTG:SECRET_LAIR:SL-500F5F97CE9D3D,1
recommendations.csv,identifier,asset_id,MTG:SECRET_LAIR:SL-5023185002A2AA,1
recommendations.csv,identifier,asset_id,MTG:SECRET_LAIR:SL-5068960BC36908,1
recommendations.csv,identifier,asset_id,MTG:SECRET_LAIR:SL-50C145DADB01EC,1
recommendations.csv,identifier,asset_id,MTG:SECRET_LAIR:SL-50E644B80B9CC1,1
recommendations.csv,identifier,asset_id,MTG:SECRET_LAIR:SL-50FC4B0DB8BFBC,1
recommendations.csv,identifier,asset_id,MTG:SECRET_LAIR:SL-514B5766ECCE6E,1
recommendations.csv,identifier,asset_id,MTG:SECRET_LAIR:SL-514C1D6728B156,1
recommendations.csv,identifier,asset_id,MTG:SECRET_LAIR:SL-51976658E5C23C,1
recommendations.csv,identifier,asset_id,MTG:SECRET_LAIR:SL-51F0E5266661E3,1
recommendations.csv,identifier,asset_id,MTG:SECRET_LAIR:SL-51F6FE2831BC59,1
recommendations.csv,identifier,asset_id,MTG:SECRET_LAIR:SL-52287049EB9C78,1
recommendations.csv,identifier,asset_id,MTG:SECRET_LAIR:SL-5255E36FDEE99C,1
recommendations.csv,identifier,asset_id,MTG:SECRET_LAIR:SL-52AD75C0AF1006,1
recommendations.csv,identifier,asset_id,MTG:SECRET_LAIR:SL-52D6DADA65F954,1
recommendations.csv,identifier,asset_id,MTG:SECRET_LAIR:SL-52F611E7CD122A,1
recommendations.csv,identifier,asset_id,MTG:SECRET_LAIR:SL-5372DCEAF5B496,1
recommendations.csv,identifier,asset_id,MTG:SECRET_LAIR:SL-5375C51D0AF757,1
recommendations.csv,identifier,asset_id,MTG:SECRET_LAIR:SL-537F7A73B4E5D7,1
recommendations.csv,identifier,asset_id,MTG:SECRET_LAIR:SL-539814AFE340EF,1
recommendations.csv,identifier,asset_id,MTG:SECRET_LAIR:SL-53DBCED4126506,1
recommendations.csv,identifier,asset_id,MTG:SECRET_LAIR:SL-53E99BA82486AE,1
recommendations.csv,identifier,asset_id,MTG:SECRET_LAIR:SL-53EFFF4AB66655,1
recommendations.csv,identifier,asset_id,MTG:SECRET_LAIR:SL-5460CC74A875D8,1
recommendations.csv,identifier,asset_id,MTG:SECRET_LAIR:SL-5468F7B9EAB454,1
recommendations.csv,identifier,asset_id,MTG:SECRET_LAIR:SL-54C9080526A1C2,1
recommendations.csv,identifier,asset_id,MTG:SECRET_LAIR:SL-54E30F9610306E,1
recommendations.csv,identifier,asset_id,MTG:SECRET_LAIR:SL-55E97B4006F89E,1
recommendations.csv,identifier,asset_id,MTG:SECRET_LAIR:SL-560F109DA33288,1
recommendations.csv,identifier,asset_id,MTG:SECRET_LAIR:SL-5623C86036522B,1
recommendations.csv,identifier,asset_id,MTG:SECRET_LAIR:SL-568C9C053EB3C5,1
recommendations.csv,identifier,asset_id,MTG:SECRET_LAIR:SL-56A06CCE61A990,1
recommendations.csv,identifier,asset_id,MTG:SECRET_LAIR:SL-57224CF33D1B18,1
recommendations.csv,identifier,asset_id,MTG:SECRET_LAIR:SL-57B769C050A1F6,1
recommendations.csv,identifier,asset_id,MTG:SECRET_LAIR:SL-585CACD9E76000,1
recommendations.csv,identifier,asset_id,MTG:SECRET_LAIR:SL-5866DDA4AFF1E6,1
recommendations.csv,identifier,asset_id,MTG:SECRET_LAIR:SL-5870A36D552768,1
recommendations.csv,identifier,asset_id,MTG:SECRET_LAIR:SL-58CA1F11EE3BE3,1
recommendations.csv,identifier,asset_id,MTG:SECRET_LAIR:SL-5933AE80C184BC,1
recommendations.csv,identifier,asset_id,MTG:SECRET_LAIR:SL-59E7F564794C20,1
recommendations.csv,identifier,asset_id,MTG:SECRET_LAIR:SL-5A1F788DAA7722,1
recommendations.csv,identifier,asset_id,MTG:SECRET_LAIR:SL-5A4A678A238B50,1
recommendations.csv,identifier,asset_id,MTG:SECRET_LAIR:SL-5A6AE8606BA087,1
recommendations.csv,identifier,asset_id,MTG:SECRET_LAIR:SL-5B3A6F59394F77,1
recommendations.csv,identifier,asset_id,MTG:SECRET_LAIR:SL-5B5B32122CDD63,1
recommendations.csv,identifier,asset_id,MTG:SECRET_LAIR:SL-5B6759715093DA,1
recommendations.csv,identifier,asset_id,MTG:SECRET_LAIR:SL-5C3F30C12BEBAB,1
recommendations.csv,identifier,asset_id,MTG:SECRET_LAIR:SL-5C5578252D2926,1
recommendations.csv,identifier,asset_id,MTG:SECRET_LAIR:SL-5C83F0908286AA,1
recommendations.csv,identifier,asset_id,MTG:SECRET_LAIR:SL-5CD1718708F7CF,1
recommendations.csv,identifier,asset_id,MTG:SECRET_LAIR:SL-5D627AA081FA6B,1
recommendations.csv,identifier,asset_id,MTG:SECRET_LAIR:SL-5DCBAF53678E9A,1
recommendations.csv,identifier,asset_id,MTG:SECRET_LAIR:SL-5DE687263E31C2,1
recommendations.csv,identifier,asset_id,MTG:SECRET_LAIR:SL-5DFBCE0AB83C38,1
recommendations.csv,identifier,asset_id,MTG:SECRET_LAIR:SL-5E385BCEB8C1D3,1
recommendations.csv,identifier,asset_id,MTG:SECRET_LAIR:SL-5E88158210994E,1
recommendations.csv,identifier,asset_id,MTG:SECRET_LAIR:SL-5EF93AB87CC7BC,1
recommendations.csv,identifier,asset_id,MTG:SECRET_LAIR:SL-5FB294356B3D9E,1
recommendations.csv,identifier,asset_id,MTG:SECRET_LAIR:SL-5FE7868CA1C657,1
recommendations.csv,identifier,asset_id,MTG:SECRET_LAIR:SL-5FF41CC2D13BA0,1
recommendations.csv,identifier,asset_id,MTG:SECRET_LAIR:SL-600CD704BB077D,1
recommendations.csv,identifier,asset_id,MTG:SECRET_LAIR:SL-60461872853DE5,1
recommendations.csv,identifier,asset_id,MTG:SECRET_LAIR:SL-60A40519C4C2EC,1
recommendations.csv,identifier,asset_id,MTG:SECRET_LAIR:SL-60B5B69D0C5853,1
recommendations.csv,identifier,asset_id,MTG:SECRET_LAIR:SL-60BFB1DCD1B82F,1
recommendations.csv,identifier,asset_id,MTG:SECRET_LAIR:SL-60FC2555A55C64,1
recommendations.csv,identifier,asset_id,MTG:SECRET_LAIR:SL-61289242472F60,1
recommendations.csv,identifier,asset_id,MTG:SECRET_LAIR:SL-61E8E5DF8B1BBE,1
recommendations.csv,identifier,asset_id,MTG:SECRET_LAIR:SL-61FF8037187542,1
recommendations.csv,identifier,asset_id,MTG:SECRET_LAIR:SL-622D7365B067D1,1
recommendations.csv,identifier,asset_id,MTG:SECRET_LAIR:SL-623013DF1CDC7A,1
recommendations.csv,identifier,asset_id,MTG:SECRET_LAIR:SL-62530032A99C72,1
recommendations.csv,identifier,asset_id,MTG:SECRET_LAIR:SL-6272B7E7FCCDE5,1
recommendations.csv,identifier,asset_id,MTG:SECRET_LAIR:SL-627854ED741646,1
recommendations.csv,identifier,asset_id,MTG:SECRET_LAIR:SL-62924E622370DA,1
recommendations.csv,identifier,asset_id,MTG:SECRET_LAIR:SL-62BFC9811DD915,1
recommendations.csv,identifier,asset_id,MTG:SECRET_LAIR:SL-62C80AB34D9CC5,1
recommendations.csv,identifier,asset_id,MTG:SECRET_LAIR:SL-63246582180433,1
recommendations.csv,identifier,asset_id,MTG:SECRET_LAIR:SL-63F3882ECD7C27,1
recommendations.csv,identifier,asset_id,MTG:SECRET_LAIR:SL-641F10B993511F,1
recommendations.csv,identifier,asset_id,MTG:SECRET_LAIR:SL-64570B00C96787,1
recommendations.csv,identifier,asset_id,MTG:SECRET_LAIR:SL-649995DEB9E53B,1
recommendations.csv,identifier,asset_id,MTG:SECRET_LAIR:SL-64DF5C443D393A,1
recommendations.csv,identifier,asset_id,MTG:SECRET_LAIR:SL-653ECA949C539E,1
recommendations.csv,identifier,asset_id,MTG:SECRET_LAIR:SL-65D2FBF09647F2,1
recommendations.csv,identifier,asset_id,MTG:SECRET_LAIR:SL-6640A3B637C825,1
recommendations.csv,identifier,asset_id,MTG:SECRET_LAIR:SL-66650DD69BF4D5,1
recommendations.csv,identifier,asset_id,MTG:SECRET_LAIR:SL-67CAEA24680CC1,1
recommendations.csv,identifier,asset_id,MTG:SECRET_LAIR:SL-6826C5CCC691B8,1
recommendations.csv,identifier,asset_id,MTG:SECRET_LAIR:SL-686E1BBEBCBFAA,1
recommendations.csv,identifier,asset_id,MTG:SECRET_LAIR:SL-690BF3733992EE,1
recommendations.csv,identifier,asset_id,MTG:SECRET_LAIR:SL-6913FBEDFDB80B,1
recommendations.csv,identifier,asset_id,MTG:SECRET_LAIR:SL-69852EB562DC18,1
recommendations.csv,identifier,asset_id,MTG:SECRET_LAIR:SL-698A08AB4D7C37,1
recommendations.csv,identifier,asset_id,MTG:SECRET_LAIR:SL-69FAC4782CEAD8,1
recommendations.csv,identifier,asset_id,MTG:SECRET_LAIR:SL-6A188AFCDB31E1,1
recommendations.csv,identifier,asset_id,MTG:SECRET_LAIR:SL-6A2D2E139F2254,1
recommendations.csv,identifier,asset_id,MTG:SECRET_LAIR:SL-6A7B01B7E9573D,1
recommendations.csv,identifier,asset_id,MTG:SECRET_LAIR:SL-6AF6F8F8E4C984,1
recommendations.csv,identifier,asset_id,MTG:SECRET_LAIR:SL-6B03C6C7C5B91D,1
recommendations.csv,identifier,asset_id,MTG:SECRET_LAIR:SL-6B5DCD60BA5730,1
recommendations.csv,identifier,asset_id,MTG:SECRET_LAIR:SL-6B6C979A6E1B4E,1
recommendations.csv,identifier,asset_id,MTG:SECRET_LAIR:SL-6B7BB6F2DC6CCE,1
recommendations.csv,identifier,asset_id,MTG:SECRET_LAIR:SL-6C10833A178EED,1
recommendations.csv,identifier,asset_id,MTG:SECRET_LAIR:SL-6C1B3964A65485,1
recommendations.csv,identifier,asset_id,MTG:SECRET_LAIR:SL-6C256345194D9E,1
recommendations.csv,identifier,asset_id,MTG:SECRET_LAIR:SL-6CD9F3DF876B1F,1
recommendations.csv,identifier,asset_id,MTG:SECRET_LAIR:SL-6CE59E51DCC615,1
recommendations.csv,identifier,asset_id,MTG:SECRET_LAIR:SL-6D386CB092B8F1,1
recommendations.csv,identifier,asset_id,MTG:SECRET_LAIR:SL-6D6C79C2652BFD,1
recommendations.csv,identifier,asset_id,MTG:SECRET_LAIR:SL-6DA9DA55C5623B,1
recommendations.csv,identifier,asset_id,MTG:SECRET_LAIR:SL-6DF016FCB60547,1
recommendations.csv,identifier,asset_id,MTG:SECRET_LAIR:SL-6DFA783F3B9A37,1
recommendations.csv,identifier,asset_id,MTG:SECRET_LAIR:SL-6E10E7A8BD8C2C,1
recommendations.csv,identifier,asset_id,MTG:SECRET_LAIR:SL-6E398CB1F66169,1
recommendations.csv,identifier,asset_id,MTG:SECRET_LAIR:SL-6E41C5BF4AA13D,1
recommendations.csv,identifier,asset_id,MTG:SECRET_LAIR:SL-6E54B9A2BF9CBF,1
recommendations.csv,identifier,asset_id,MTG:SECRET_LAIR:SL-6EB03A8FE440C8,1
recommendations.csv,identifier,asset_id,MTG:SECRET_LAIR:SL-6EC27A54060DFF,1
recommendations.csv,identifier,asset_id,MTG:SECRET_LAIR:SL-6F5DC80C66F4E7,1
recommendations.csv,identifier,asset_id,MTG:SECRET_LAIR:SL-6F9B1732BC4226,1
recommendations.csv,identifier,asset_id,MTG:SECRET_LAIR:SL-701AF6693C838C,1
recommendations.csv,identifier,asset_id,MTG:SECRET_LAIR:SL-70307120926003,1
recommendations.csv,identifier,asset_id,MTG:SECRET_LAIR:SL-711EEDF03C34FB,1
recommendations.csv,identifier,asset_id,MTG:SECRET_LAIR:SL-7184A0B63B1E9E,1
recommendations.csv,identifier,asset_id,MTG:SECRET_LAIR:SL-72472EFE8746C4,1
recommendations.csv,identifier,asset_id,MTG:SECRET_LAIR:SL-729124208E824A,1
recommendations.csv,identifier,asset_id,MTG:SECRET_LAIR:SL-72B79910F6BD16,1
recommendations.csv,identifier,asset_id,MTG:SECRET_LAIR:SL-72C3D4333AE81B,1
recommendations.csv,identifier,asset_id,MTG:SECRET_LAIR:SL-72C515905E7352,1
recommendations.csv,identifier,asset_id,MTG:SECRET_LAIR:SL-7321B93310E560,1
recommendations.csv,identifier,asset_id,MTG:SECRET_LAIR:SL-732A9E59B24774,1
recommendations.csv,identifier,asset_id,MTG:SECRET_LAIR:SL-73CD6FD155407F,1
recommendations.csv,identifier,asset_id,MTG:SECRET_LAIR:SL-73D3B01E989878,1
recommendations.csv,identifier,asset_id,MTG:SECRET_LAIR:SL-73D93121EB1CDB,1
recommendations.csv,identifier,asset_id,MTG:SECRET_LAIR:SL-74035B29B5EAA4,1
recommendations.csv,identifier,asset_id,MTG:SECRET_LAIR:SL-74104655C7BE3C,1
recommendations.csv,identifier,asset_id,MTG:SECRET_LAIR:SL-7417373ADFE528,1
recommendations.csv,identifier,asset_id,MTG:SECRET_LAIR:SL-747C45FB80DFBE,1
recommendations.csv,identifier,asset_id,MTG:SECRET_LAIR:SL-750655931E6F97,1
recommendations.csv,identifier,asset_id,MTG:SECRET_LAIR:SL-75579AD5DE6CB9,1
recommendations.csv,identifier,asset_id,MTG:SECRET_LAIR:SL-75A147DF7061C1,1
recommendations.csv,identifier,asset_id,MTG:SECRET_LAIR:SL-75C9DE65D2674C,1
recommendations.csv,identifier,asset_id,MTG:SECRET_LAIR:SL-75D2EFF8DB9AA4,1
recommendations.csv,identifier,asset_id,MTG:SECRET_LAIR:SL-75EB6270819FE3,1
recommendations.csv,identifier,asset_id,MTG:SECRET_LAIR:SL-761D477012E693,1
recommendations.csv,identifier,asset_id,MTG:SECRET_LAIR:SL-769EDCF494E5DB,1
recommendations.csv,identifier,asset_id,MTG:SECRET_LAIR:SL-76D63CDFA651CA,1
recommendations.csv,identifier,asset_id,MTG:SECRET_LAIR:SL-76D8B5BE432384,1
recommendations.csv,identifier,asset_id,MTG:SECRET_LAIR:SL-76EE3574620B68,1
recommendations.csv,identifier,asset_id,MTG:SECRET_LAIR:SL-7704D13F4E7F46,1
recommendations.csv,identifier,asset_id,MTG:SECRET_LAIR:SL-7716CAD08A2C84,1
recommendations.csv,identifier,asset_id,MTG:SECRET_LAIR:SL-771BBE0ADFF762,1
recommendations.csv,identifier,asset_id,MTG:SECRET_LAIR:SL-774E94D5987351,1
recommendations.csv,identifier,asset_id,MTG:SECRET_LAIR:SL-77B45F83FF98D9,1
recommendations.csv,identifier,asset_id,MTG:SECRET_LAIR:SL-789447B652E3B8,1
recommendations.csv,identifier,asset_id,MTG:SECRET_LAIR:SL-78C40B1B9F39C2,1
recommendations.csv,identifier,asset_id,MTG:SECRET_LAIR:SL-7993B0A0677511,1
recommendations.csv,identifier,asset_id,MTG:SECRET_LAIR:SL-7A106AED6BFADC,1
recommendations.csv,identifier,asset_id,MTG:SECRET_LAIR:SL-7A15A1811F841D,1
recommendations.csv,identifier,asset_id,MTG:SECRET_LAIR:SL-7A1A1484F233C2,1
recommendations.csv,identifier,asset_id,MTG:SECRET_LAIR:SL-7AB8CB8D6BF8A6,1
recommendations.csv,identifier,asset_id,MTG:SECRET_LAIR:SL-7AFCC7EB7F6678,1
recommendations.csv,identifier,asset_id,MTG:SECRET_LAIR:SL-7B02CD15018C5D,1
recommendations.csv,identifier,asset_id,MTG:SECRET_LAIR:SL-7B17A9D6C16703,1
recommendations.csv,identifier,asset_id,MTG:SECRET_LAIR:SL-7B48FB549C4A3E,1
recommendations.csv,identifier,asset_id,MTG:SECRET_LAIR:SL-7B6BF7476036E4,1
recommendations.csv,identifier,asset_id,MTG:SECRET_LAIR:SL-7C2B424B1C7969,1
recommendations.csv,identifier,asset_id,MTG:SECRET_LAIR:SL-7C656D70CEC8AA,1
recommendations.csv,identifier,asset_id,MTG:SECRET_LAIR:SL-7CCCC779832E62,1
recommendations.csv,identifier,asset_id,MTG:SECRET_LAIR:SL-7CCD4E3550ADDB,1
recommendations.csv,identifier,asset_id,MTG:SECRET_LAIR:SL-7CD7CFCF523E56,1
recommendations.csv,identifier,asset_id,MTG:SECRET_LAIR:SL-7D6A0F10ADD5A6,1
recommendations.csv,identifier,asset_id,MTG:SECRET_LAIR:SL-7DE930AD4A4B8C,1
recommendations.csv,identifier,asset_id,MTG:SECRET_LAIR:SL-7E347F44185EA2,1
recommendations.csv,identifier,asset_id,MTG:SECRET_LAIR:SL-7E61275FD5CC85,1
recommendations.csv,identifier,asset_id,MTG:SECRET_LAIR:SL-7E75AB2D5E48E1,1
recommendations.csv,identifier,asset_id,MTG:SECRET_LAIR:SL-7E80920E7FFF0A,1
recommendations.csv,identifier,asset_id,MTG:SECRET_LAIR:SL-7EA408BA13BB00,1
recommendations.csv,identifier,asset_id,MTG:SECRET_LAIR:SL-7EAFE139BC0BCD,1
recommendations.csv,identifier,asset_id,MTG:SECRET_LAIR:SL-7ECED24F562902,1
recommendations.csv,identifier,asset_id,MTG:SECRET_LAIR:SL-7F55A4E4C3D3D0,1
recommendations.csv,identifier,asset_id,MTG:SECRET_LAIR:SL-7F86F1BD66EEEB,1
recommendations.csv,identifier,asset_id,MTG:SECRET_LAIR:SL-7FD38092671142,1
recommendations.csv,identifier,asset_id,MTG:SECRET_LAIR:SL-7FF5D4693BDBF9,1
recommendations.csv,identifier,asset_id,MTG:SECRET_LAIR:SL-800F3A66865530,1
recommendations.csv,identifier,asset_id,MTG:SECRET_LAIR:SL-81870DDCED77D3,1
recommendations.csv,identifier,asset_id,MTG:SECRET_LAIR:SL-81FFD366420F3A,1
recommendations.csv,identifier,asset_id,MTG:SECRET_LAIR:SL-823B9F2127A229,1
recommendations.csv,identifier,asset_id,MTG:SECRET_LAIR:SL-831C7242985EC8,1
recommendations.csv,identifier,asset_id,MTG:SECRET_LAIR:SL-832BF55C6E27A1,1
recommendations.csv,identifier,asset_id,MTG:SECRET_LAIR:SL-835C4CD141949B,1
recommendations.csv,identifier,asset_id,MTG:SECRET_LAIR:SL-8396530F9CA30C,1
recommendations.csv,identifier,asset_id,MTG:SECRET_LAIR:SL-839B89840B6DBF,1
recommendations.csv,identifier,asset_id,MTG:SECRET_LAIR:SL-83DFC7BCCB8A6D,1
recommendations.csv,identifier,asset_id,MTG:SECRET_LAIR:SL-83E8E9E9BDAB7C,1
recommendations.csv,identifier,asset_id,MTG:SECRET_LAIR:SL-85D9B6A0A7C714,1
recommendations.csv,identifier,asset_id,MTG:SECRET_LAIR:SL-86693ED2B58D32,1
recommendations.csv,identifier,asset_id,MTG:SECRET_LAIR:SL-866F1B1463479D,1
recommendations.csv,identifier,asset_id,MTG:SECRET_LAIR:SL-8679F958F70268,1
recommendations.csv,identifier,asset_id,MTG:SECRET_LAIR:SL-867D74417C00E1,1
recommendations.csv,identifier,asset_id,MTG:SECRET_LAIR:SL-86A2BCC3D47BF2,1
recommendations.csv,identifier,asset_id,MTG:SECRET_LAIR:SL-86AA5CC0673EF5,1
recommendations.csv,identifier,asset_id,MTG:SECRET_LAIR:SL-86C6A385452411,1
recommendations.csv,identifier,asset_id,MTG:SECRET_LAIR:SL-86F0753AA66E4B,1
recommendations.csv,identifier,asset_id,MTG:SECRET_LAIR:SL-87225328ADBE06,1
recommendations.csv,identifier,asset_id,MTG:SECRET_LAIR:SL-873865C256386B,1
recommendations.csv,identifier,asset_id,MTG:SECRET_LAIR:SL-8741607914304D,1
recommendations.csv,identifier,asset_id,MTG:SECRET_LAIR:SL-876ECC963B1678,1
recommendations.csv,identifier,asset_id,MTG:SECRET_LAIR:SL-8789D987BBC540,1
recommendations.csv,identifier,asset_id,MTG:SECRET_LAIR:SL-87961062B3471E,1
recommendations.csv,identifier,asset_id,MTG:SECRET_LAIR:SL-879DE87D93AF4D,1
recommendations.csv,identifier,asset_id,MTG:SECRET_LAIR:SL-87A9F998D7BC8B,1
recommendations.csv,identifier,asset_id,MTG:SECRET_LAIR:SL-88061F345B7215,1
recommendations.csv,identifier,asset_id,MTG:SECRET_LAIR:SL-8809E95120F445,1
recommendations.csv,identifier,asset_id,MTG:SECRET_LAIR:SL-88141E031F2873,1
recommendations.csv,identifier,asset_id,MTG:SECRET_LAIR:SL-88858FD4A6CAF7,1
recommendations.csv,identifier,asset_id,MTG:SECRET_LAIR:SL-888F2E0C4FB9B0,1
recommendations.csv,identifier,asset_id,MTG:SECRET_LAIR:SL-88ECC52C2FD66F,1
recommendations.csv,identifier,asset_id,MTG:SECRET_LAIR:SL-89002E8BB22ACE,1
recommendations.csv,identifier,asset_id,MTG:SECRET_LAIR:SL-892D977231D36E,1
recommendations.csv,identifier,asset_id,MTG:SECRET_LAIR:SL-896468C2158E5D,1
recommendations.csv,identifier,asset_id,MTG:SECRET_LAIR:SL-89D18240A7624C,1
recommendations.csv,identifier,asset_id,MTG:SECRET_LAIR:SL-89EE2906EE10D0,1
recommendations.csv,identifier,asset_id,MTG:SECRET_LAIR:SL-8A15902ECB78B5,1
recommendations.csv,identifier,asset_id,MTG:SECRET_LAIR:SL-8A1A953119552E,1
recommendations.csv,identifier,asset_id,MTG:SECRET_LAIR:SL-8AAEC38BEC5FBD,1
recommendations.csv,identifier,asset_id,MTG:SECRET_LAIR:SL-8AF1D3A4344B55,1
recommendations.csv,identifier,asset_id,MTG:SECRET_LAIR:SL-8B33672F7EA3BC,1
recommendations.csv,identifier,asset_id,MTG:SECRET_LAIR:SL-8B470F1D9379AF,1
recommendations.csv,identifier,asset_id,MTG:SECRET_LAIR:SL-8BC0DEE34E59D2,1
recommendations.csv,identifier,asset_id,MTG:SECRET_LAIR:SL-8D1031212D3210,1
recommendations.csv,identifier,asset_id,MTG:SECRET_LAIR:SL-8D82D482708660,1
recommendations.csv,identifier,asset_id,MTG:SECRET_LAIR:SL-8DF7AA99C9F2C9,1
recommendations.csv,identifier,asset_id,MTG:SECRET_LAIR:SL-8DFBEA2BADBCC4,1
recommendations.csv,identifier,asset_id,MTG:SECRET_LAIR:SL-8E1886C829359A,1
recommendations.csv,identifier,asset_id,MTG:SECRET_LAIR:SL-8E83F173AEC350,1
recommendations.csv,identifier,asset_id,MTG:SECRET_LAIR:SL-8EBDE365E2A458,1
recommendations.csv,identifier,asset_id,MTG:SECRET_LAIR:SL-8F42E22C21A812,1
recommendations.csv,identifier,asset_id,MTG:SECRET_LAIR:SL-8F5540C2D38BA1,1
recommendations.csv,identifier,asset_id,MTG:SECRET_LAIR:SL-8FC5EC5CE5CF31,1
recommendations.csv,identifier,asset_id,MTG:SECRET_LAIR:SL-8FED6673D932CA,1
recommendations.csv,identifier,asset_id,MTG:SECRET_LAIR:SL-901432F718875C,1
recommendations.csv,identifier,asset_id,MTG:SECRET_LAIR:SL-9026C39DC2D584,1
recommendations.csv,identifier,asset_id,MTG:SECRET_LAIR:SL-906DC103EE0D2F,1
recommendations.csv,identifier,asset_id,MTG:SECRET_LAIR:SL-90725EB2DB66FA,1
recommendations.csv,identifier,asset_id,MTG:SECRET_LAIR:SL-908B8F97F7A4CA,1
recommendations.csv,identifier,asset_id,MTG:SECRET_LAIR:SL-90A9B91CE326E6,1
recommendations.csv,identifier,asset_id,MTG:SECRET_LAIR:SL-9179B083C2914F,1
recommendations.csv,identifier,asset_id,MTG:SECRET_LAIR:SL-91B8D55112E9C9,1
recommendations.csv,identifier,asset_id,MTG:SECRET_LAIR:SL-920AF504850AFD,1
recommendations.csv,identifier,asset_id,MTG:SECRET_LAIR:SL-92D9B3EFB117F4,1
recommendations.csv,identifier,asset_id,MTG:SECRET_LAIR:SL-934530AEA76C05,1
recommendations.csv,identifier,asset_id,MTG:SECRET_LAIR:SL-9354CD516531FE,1
recommendations.csv,identifier,asset_id,MTG:SECRET_LAIR:SL-9392A78457BB01,1
recommendations.csv,identifier,asset_id,MTG:SECRET_LAIR:SL-93933272405D31,1
recommendations.csv,identifier,asset_id,MTG:SECRET_LAIR:SL-93F3442047281C,1
recommendations.csv,identifier,asset_id,MTG:SECRET_LAIR:SL-945C1DB70B69C9,1
recommendations.csv,identifier,asset_id,MTG:SECRET_LAIR:SL-946D20169FB178,1
recommendations.csv,identifier,asset_id,MTG:SECRET_LAIR:SL-94AFDF17C76C12,1
recommendations.csv,identifier,asset_id,MTG:SECRET_LAIR:SL-94D47F07F61A0F,1
recommendations.csv,identifier,asset_id,MTG:SECRET_LAIR:SL-9501FA347D3861,1
recommendations.csv,identifier,asset_id,MTG:SECRET_LAIR:SL-950215B0A2668B,1
recommendations.csv,identifier,asset_id,MTG:SECRET_LAIR:SL-950A1262892ED0,1
recommendations.csv,identifier,asset_id,MTG:SECRET_LAIR:SL-95580EA636B3FF,1
recommendations.csv,identifier,asset_id,MTG:SECRET_LAIR:SL-95C045CE385254,1
recommendations.csv,identifier,asset_id,MTG:SECRET_LAIR:SL-95CA1F687198C8,1
recommendations.csv,identifier,asset_id,MTG:SECRET_LAIR:SL-95F8B6ADF74AF6,1
recommendations.csv,identifier,asset_id,MTG:SECRET_LAIR:SL-960978B749E8BC,1
recommendations.csv,identifier,asset_id,MTG:SECRET_LAIR:SL-960F8E0D48A128,1
recommendations.csv,identifier,asset_id,MTG:SECRET_LAIR:SL-9636BECFACB4FB,1
recommendations.csv,identifier,asset_id,MTG:SECRET_LAIR:SL-96BE56C157011C,1
recommendations.csv,identifier,asset_id,MTG:SECRET_LAIR:SL-96C67AB7F9BDE5,1
recommendations.csv,identifier,asset_id,MTG:SECRET_LAIR:SL-96CADB0742DD94,1
recommendations.csv,identifier,asset_id,MTG:SECRET_LAIR:SL-9704D4ABAC066A,1
recommendations.csv,identifier,asset_id,MTG:SECRET_LAIR:SL-97078E5D14EBE4,1
recommendations.csv,identifier,asset_id,MTG:SECRET_LAIR:SL-9717333D02A391,1
recommendations.csv,identifier,asset_id,MTG:SECRET_LAIR:SL-9762ED8DD0FDB9,1
recommendations.csv,identifier,asset_id,MTG:SECRET_LAIR:SL-97A19C3BC3A646,1
recommendations.csv,identifier,asset_id,MTG:SECRET_LAIR:SL-97B83ADAA797E8,1
recommendations.csv,identifier,asset_id,MTG:SECRET_LAIR:SL-97D4DC2FDE2271,1
recommendations.csv,identifier,asset_id,MTG:SECRET_LAIR:SL-97E67435FE209E,1
recommendations.csv,identifier,asset_id,MTG:SECRET_LAIR:SL-98B49C340237E2,1
recommendations.csv,identifier,asset_id,MTG:SECRET_LAIR:SL-9956C343D188B0,1
recommendations.csv,identifier,asset_id,MTG:SECRET_LAIR:SL-9962EA8B669B4F,1
recommendations.csv,identifier,asset_id,MTG:SECRET_LAIR:SL-9A20B1803ACEFF,1
recommendations.csv,identifier,asset_id,MTG:SECRET_LAIR:SL-9A6EF28EECF2DC,1
recommendations.csv,identifier,asset_id,MTG:SECRET_LAIR:SL-9A70751B3B58BD,1
recommendations.csv,identifier,asset_id,MTG:SECRET_LAIR:SL-9B1071444456CB,1
recommendations.csv,identifier,asset_id,MTG:SECRET_LAIR:SL-9B4F84E69F4CCE,1
recommendations.csv,identifier,asset_id,MTG:SECRET_LAIR:SL-9BC9B71A47DED5,1
recommendations.csv,identifier,asset_id,MTG:SECRET_LAIR:SL-9BE91DCFB8B637,1
recommendations.csv,identifier,asset_id,MTG:SECRET_LAIR:SL-9BF166AA8657DF,1
recommendations.csv,identifier,asset_id,MTG:SECRET_LAIR:SL-9CD3BAD93DA107,1
recommendations.csv,identifier,asset_id,MTG:SECRET_LAIR:SL-9CD93C9989F563,1
recommendations.csv,identifier,asset_id,MTG:SECRET_LAIR:SL-9E1C46A1207B0B,1
recommendations.csv,identifier,asset_id,MTG:SECRET_LAIR:SL-9E3BBD4ED8D2C6,1
recommendations.csv,identifier,asset_id,MTG:SECRET_LAIR:SL-9EA2580F2EEDC6,1
recommendations.csv,identifier,asset_id,MTG:SECRET_LAIR:SL-9EAF8671F2BE80,1
recommendations.csv,identifier,asset_id,MTG:SECRET_LAIR:SL-9EDDAD28E6FDFB,1
recommendations.csv,identifier,asset_id,MTG:SECRET_LAIR:SL-9EEE08FA6CD557,1
recommendations.csv,identifier,asset_id,MTG:SECRET_LAIR:SL-9EFB956D77D864,1
recommendations.csv,identifier,asset_id,MTG:SECRET_LAIR:SL-9F25EFE6D18364,1
recommendations.csv,identifier,asset_id,MTG:SECRET_LAIR:SL-9F2EA943C39F55,1
recommendations.csv,identifier,asset_id,MTG:SECRET_LAIR:SL-9F9E2E3B15A276,1
recommendations.csv,identifier,asset_id,MTG:SECRET_LAIR:SL-9FDDEAE495C5DE,1
recommendations.csv,identifier,asset_id,MTG:SECRET_LAIR:SL-A000A22E459D28,1
recommendations.csv,identifier,asset_id,MTG:SECRET_LAIR:SL-A0A3FDF7E0BD6D,1
recommendations.csv,identifier,asset_id,MTG:SECRET_LAIR:SL-A0CEFE66D8D941,1
recommendations.csv,identifier,asset_id,MTG:SECRET_LAIR:SL-A0E13DA74146D6,1
recommendations.csv,identifier,asset_id,MTG:SECRET_LAIR:SL-A0F468E911DF55,1
recommendations.csv,identifier,asset_id,MTG:SECRET_LAIR:SL-A13BDE5A40E7C6,1
recommendations.csv,identifier,asset_id,MTG:SECRET_LAIR:SL-A15A9EF8FFC0C3,1
recommendations.csv,identifier,asset_id,MTG:SECRET_LAIR:SL-A1DD82B9F45A59,1
recommendations.csv,identifier,asset_id,MTG:SECRET_LAIR:SL-A1F9DC4DE016E1,1
recommendations.csv,identifier,asset_id,MTG:SECRET_LAIR:SL-A26DEC91D98CFF,1
recommendations.csv,identifier,asset_id,MTG:SECRET_LAIR:SL-A2CAA7DD3627FD,1
recommendations.csv,identifier,asset_id,MTG:SECRET_LAIR:SL-A2E8FE14360AF9,1
recommendations.csv,identifier,asset_id,MTG:SECRET_LAIR:SL-A3ADDCA9165A2F,1
recommendations.csv,identifier,asset_id,MTG:SECRET_LAIR:SL-A4528679EBCD24,1
recommendations.csv,identifier,asset_id,MTG:SECRET_LAIR:SL-A461D1EB9128DC,1
recommendations.csv,identifier,asset_id,MTG:SECRET_LAIR:SL-A47DB53641C91B,1
recommendations.csv,identifier,asset_id,MTG:SECRET_LAIR:SL-A4B37777A977B9,1
recommendations.csv,identifier,asset_id,MTG:SECRET_LAIR:SL-A5708359BCF021,1
recommendations.csv,identifier,asset_id,MTG:SECRET_LAIR:SL-A57E7603094331,1
recommendations.csv,identifier,asset_id,MTG:SECRET_LAIR:SL-A59C9ADCD75BE0,1
recommendations.csv,identifier,asset_id,MTG:SECRET_LAIR:SL-A5E1293D263AF0,1
recommendations.csv,identifier,asset_id,MTG:SECRET_LAIR:SL-A63C3F080DE9D2,1
recommendations.csv,identifier,asset_id,MTG:SECRET_LAIR:SL-A6ECC7D38BF81A,1
recommendations.csv,identifier,asset_id,MTG:SECRET_LAIR:SL-A6FBE97D53BCE6,1
recommendations.csv,identifier,asset_id,MTG:SECRET_LAIR:SL-A709252A4DA96B,1
recommendations.csv,identifier,asset_id,MTG:SECRET_LAIR:SL-A7A995D0FE468E,1
recommendations.csv,identifier,asset_id,MTG:SECRET_LAIR:SL-A7E5B7F6EC8B4A,1
recommendations.csv,identifier,asset_id,MTG:SECRET_LAIR:SL-A7EA98C7CECF4C,1
recommendations.csv,identifier,asset_id,MTG:SECRET_LAIR:SL-A82A8D6CE7A54C,1
recommendations.csv,identifier,asset_id,MTG:SECRET_LAIR:SL-A82BC05ADED8C7,1
recommendations.csv,identifier,asset_id,MTG:SECRET_LAIR:SL-A82BF7D7962B00,1
recommendations.csv,identifier,asset_id,MTG:SECRET_LAIR:SL-A8A83DC7B06C38,1
recommendations.csv,identifier,asset_id,MTG:SECRET_LAIR:SL-A8B0B83EFB86DE,1
recommendations.csv,identifier,asset_id,MTG:SECRET_LAIR:SL-A8B11C02BE3C6B,1
recommendations.csv,identifier,asset_id,MTG:SECRET_LAIR:SL-A8BD8FB79427E4,1
recommendations.csv,identifier,asset_id,MTG:SECRET_LAIR:SL-A9B0DE6D450794,1
recommendations.csv,identifier,asset_id,MTG:SECRET_LAIR:SL-AA1F67E9D21D5F,1
recommendations.csv,identifier,asset_id,MTG:SECRET_LAIR:SL-AA2410B0C1D7D4,1
recommendations.csv,identifier,asset_id,MTG:SECRET_LAIR:SL-AB047EA1882C29,1
recommendations.csv,identifier,asset_id,MTG:SECRET_LAIR:SL-AB56800C1F600A,1
recommendations.csv,identifier,asset_id,MTG:SECRET_LAIR:SL-AB95FD365E982F,1
recommendations.csv,identifier,asset_id,MTG:SECRET_LAIR:SL-ABB49E64363CCC,1
recommendations.csv,identifier,asset_id,MTG:SECRET_LAIR:SL-ABCCB33232898E,1
recommendations.csv,identifier,asset_id,MTG:SECRET_LAIR:SL-ABDD178723A109,1
recommendations.csv,identifier,asset_id,MTG:SECRET_LAIR:SL-AC1856E0C8845C,1
recommendations.csv,identifier,asset_id,MTG:SECRET_LAIR:SL-AC65540B60B707,1
recommendations.csv,identifier,asset_id,MTG:SECRET_LAIR:SL-ACABE87A5A45D3,1
recommendations.csv,identifier,asset_id,MTG:SECRET_LAIR:SL-AD341F83F23370,1
recommendations.csv,identifier,asset_id,MTG:SECRET_LAIR:SL-AD7D0C2C8E16D2,1
recommendations.csv,identifier,asset_id,MTG:SECRET_LAIR:SL-AD8DAA8BB11594,1
recommendations.csv,identifier,asset_id,MTG:SECRET_LAIR:SL-AE029B9E8B8A9F,1
recommendations.csv,identifier,asset_id,MTG:SECRET_LAIR:SL-AEAC3B5B48F1C7,1
recommendations.csv,identifier,asset_id,MTG:SECRET_LAIR:SL-AED577907E5FAA,1
recommendations.csv,identifier,asset_id,MTG:SECRET_LAIR:SL-AEE188BFE88ED3,1
recommendations.csv,identifier,asset_id,MTG:SECRET_LAIR:SL-AF4CAB7AA2FC3B,1
recommendations.csv,identifier,asset_id,MTG:SECRET_LAIR:SL-AF7841CC1354F9,1
recommendations.csv,identifier,asset_id,MTG:SECRET_LAIR:SL-AFC52E51751441,1
recommendations.csv,identifier,asset_id,MTG:SECRET_LAIR:SL-B00E61FF6854EE,1
recommendations.csv,identifier,asset_id,MTG:SECRET_LAIR:SL-B01296C6F1D9D6,1
recommendations.csv,identifier,asset_id,MTG:SECRET_LAIR:SL-B0373781315725,1
recommendations.csv,identifier,asset_id,MTG:SECRET_LAIR:SL-B08949D7A3AFE1,1
recommendations.csv,identifier,asset_id,MTG:SECRET_LAIR:SL-B0DEB8AFB8B821,1
recommendations.csv,identifier,asset_id,MTG:SECRET_LAIR:SL-B0E43DFE167A56,1
recommendations.csv,identifier,asset_id,MTG:SECRET_LAIR:SL-B11309A971433D,1
recommendations.csv,identifier,asset_id,MTG:SECRET_LAIR:SL-B226AC313B5F39,1
recommendations.csv,identifier,asset_id,MTG:SECRET_LAIR:SL-B2289CE720A189,1
recommendations.csv,identifier,asset_id,MTG:SECRET_LAIR:SL-B251BF4C4DE61E,1
recommendations.csv,identifier,asset_id,MTG:SECRET_LAIR:SL-B269AC7AB5080A,1
recommendations.csv,identifier,asset_id,MTG:SECRET_LAIR:SL-B2753C6B1814F0,1
recommendations.csv,identifier,asset_id,MTG:SECRET_LAIR:SL-B28206C8B43B74,1
recommendations.csv,identifier,asset_id,MTG:SECRET_LAIR:SL-B2C9080295DEB3,1
recommendations.csv,identifier,asset_id,MTG:SECRET_LAIR:SL-B31C27C4C58973,1
recommendations.csv,identifier,asset_id,MTG:SECRET_LAIR:SL-B36930BACADDCD,1
recommendations.csv,identifier,asset_id,MTG:SECRET_LAIR:SL-B39A2F769F1E07,1
recommendations.csv,identifier,asset_id,MTG:SECRET_LAIR:SL-B3B225E03D06DC,1
recommendations.csv,identifier,asset_id,MTG:SECRET_LAIR:SL-B3DBBD3351A867,1
recommendations.csv,identifier,asset_id,MTG:SECRET_LAIR:SL-B3EF01C8308565,1
recommendations.csv,identifier,asset_id,MTG:SECRET_LAIR:SL-B44FBD97799E08,1
recommendations.csv,identifier,asset_id,MTG:SECRET_LAIR:SL-B483A5C23B7FF5,1
recommendations.csv,identifier,asset_id,MTG:SECRET_LAIR:SL-B5264E7BA2DC13,1
recommendations.csv,identifier,asset_id,MTG:SECRET_LAIR:SL-B5552250031A5D,1
recommendations.csv,identifier,asset_id,MTG:SECRET_LAIR:SL-B565A4B1F936CC,1
recommendations.csv,identifier,asset_id,MTG:SECRET_LAIR:SL-B57576270D7B62,1
recommendations.csv,identifier,asset_id,MTG:SECRET_LAIR:SL-B58718E7FE11D2,1
recommendations.csv,identifier,asset_id,MTG:SECRET_LAIR:SL-B5D96EAAB94F7F,1
recommendations.csv,identifier,asset_id,MTG:SECRET_LAIR:SL-B5DE5D10D8B22E,1
recommendations.csv,identifier,asset_id,MTG:SECRET_LAIR:SL-B5E5B47263114D,1
recommendations.csv,identifier,asset_id,MTG:SECRET_LAIR:SL-B5F3C839262F36,1
recommendations.csv,identifier,asset_id,MTG:SECRET_LAIR:SL-B60C7F6F56C30B,1
recommendations.csv,identifier,asset_id,MTG:SECRET_LAIR:SL-B631EAF6D5C7C4,1
recommendations.csv,identifier,asset_id,MTG:SECRET_LAIR:SL-B679A1089E8A6B,1
recommendations.csv,identifier,asset_id,MTG:SECRET_LAIR:SL-B689085E2D41DE,1
recommendations.csv,identifier,asset_id,MTG:SECRET_LAIR:SL-B762CD279E0001,1
recommendations.csv,identifier,asset_id,MTG:SECRET_LAIR:SL-B7E3C5DC70940E,1
recommendations.csv,identifier,asset_id,MTG:SECRET_LAIR:SL-B81DED4DD2F7F0,1
recommendations.csv,identifier,asset_id,MTG:SECRET_LAIR:SL-B8709846C8E5AF,1
recommendations.csv,identifier,asset_id,MTG:SECRET_LAIR:SL-B8DCA91EB62983,1
recommendations.csv,identifier,asset_id,MTG:SECRET_LAIR:SL-B9248149A4056B,1
recommendations.csv,identifier,asset_id,MTG:SECRET_LAIR:SL-B92B03D94C10E9,1
recommendations.csv,identifier,asset_id,MTG:SECRET_LAIR:SL-B9580FD00B16BE,1
recommendations.csv,identifier,asset_id,MTG:SECRET_LAIR:SL-B959CE689FE1E3,1
recommendations.csv,identifier,asset_id,MTG:SECRET_LAIR:SL-B96EF3DC64D9A0,1
recommendations.csv,identifier,asset_id,MTG:SECRET_LAIR:SL-B971F1BAF798C2,1
recommendations.csv,identifier,asset_id,MTG:SECRET_LAIR:SL-B9970477DCCBC7,1
recommendations.csv,identifier,asset_id,MTG:SECRET_LAIR:SL-B9EC0C6C5561F1,1
recommendations.csv,identifier,asset_id,MTG:SECRET_LAIR:SL-BA4475B87E38DE,1
recommendations.csv,identifier,asset_id,MTG:SECRET_LAIR:SL-BA53143C1DDB56,1
recommendations.csv,identifier,asset_id,MTG:SECRET_LAIR:SL-BAD5D1CC179E4B,1
recommendations.csv,identifier,asset_id,MTG:SECRET_LAIR:SL-BB18909619320D,1
recommendations.csv,identifier,asset_id,MTG:SECRET_LAIR:SL-BB4A4AE1ECFE2A,1
recommendations.csv,identifier,asset_id,MTG:SECRET_LAIR:SL-BB4FA54DEBF880,1
recommendations.csv,identifier,asset_id,MTG:SECRET_LAIR:SL-BB54D8943F73E3,1
recommendations.csv,identifier,asset_id,MTG:SECRET_LAIR:SL-BB7E07A2986BB4,1
recommendations.csv,identifier,asset_id,MTG:SECRET_LAIR:SL-BBC8F93DE82CE5,1
recommendations.csv,identifier,asset_id,MTG:SECRET_LAIR:SL-BC079E499A94AF,1
recommendations.csv,identifier,asset_id,MTG:SECRET_LAIR:SL-BC4683677FBC3C,1
recommendations.csv,identifier,asset_id,MTG:SECRET_LAIR:SL-BC99042387317D,1
recommendations.csv,identifier,asset_id,MTG:SECRET_LAIR:SL-BCC1519C11A8AC,1
recommendations.csv,identifier,asset_id,MTG:SECRET_LAIR:SL-BD0B168FBB02B6,1
recommendations.csv,identifier,asset_id,MTG:SECRET_LAIR:SL-BD4B37C3973D10,1
recommendations.csv,identifier,asset_id,MTG:SECRET_LAIR:SL-BE3F32B80FEA2E,1
recommendations.csv,identifier,asset_id,MTG:SECRET_LAIR:SL-BE705BBFC18014,1
recommendations.csv,identifier,asset_id,MTG:SECRET_LAIR:SL-BF008024F9A243,1
recommendations.csv,identifier,asset_id,MTG:SECRET_LAIR:SL-BF1ED354A371C1,1
recommendations.csv,identifier,asset_id,MTG:SECRET_LAIR:SL-BF202C705FA210,1
recommendations.csv,identifier,asset_id,MTG:SECRET_LAIR:SL-BF26DFD5509ADC,1
recommendations.csv,identifier,asset_id,MTG:SECRET_LAIR:SL-BF2B66F024D88D,1
recommendations.csv,identifier,asset_id,MTG:SECRET_LAIR:SL-BF3E293642759E,1
recommendations.csv,identifier,asset_id,MTG:SECRET_LAIR:SL-BF588F593E480E,1
recommendations.csv,identifier,asset_id,MTG:SECRET_LAIR:SL-BF5BC53AD18E85,1
recommendations.csv,identifier,asset_id,MTG:SECRET_LAIR:SL-BF755AD9D8CE5F,1
recommendations.csv,identifier,asset_id,MTG:SECRET_LAIR:SL-BFACC46E5A3310,1
recommendations.csv,identifier,asset_id,MTG:SECRET_LAIR:SL-BFAF5430109A2E,1
recommendations.csv,identifier,asset_id,MTG:SECRET_LAIR:SL-BFF6DA64140996,1
recommendations.csv,identifier,asset_id,MTG:SECRET_LAIR:SL-C03E05940DAAFA,1
recommendations.csv,identifier,asset_id,MTG:SECRET_LAIR:SL-C0418534DE36CF,1
recommendations.csv,identifier,asset_id,MTG:SECRET_LAIR:SL-C04853F17A0313,1
recommendations.csv,identifier,asset_id,MTG:SECRET_LAIR:SL-C050DAEA74CC9C,1
recommendations.csv,identifier,asset_id,MTG:SECRET_LAIR:SL-C05D25C1CB85E9,1
recommendations.csv,identifier,asset_id,MTG:SECRET_LAIR:SL-C07200E6FB8843,1
recommendations.csv,identifier,asset_id,MTG:SECRET_LAIR:SL-C09C8446FDE850,1
recommendations.csv,identifier,asset_id,MTG:SECRET_LAIR:SL-C09D8E25A3F347,1
recommendations.csv,identifier,asset_id,MTG:SECRET_LAIR:SL-C0AA65531F16E2,1
recommendations.csv,identifier,asset_id,MTG:SECRET_LAIR:SL-C1564B1CC85C5F,1
recommendations.csv,identifier,asset_id,MTG:SECRET_LAIR:SL-C1A0A189180507,1
recommendations.csv,identifier,asset_id,MTG:SECRET_LAIR:SL-C2217F8AD4F84B,1
recommendations.csv,identifier,asset_id,MTG:SECRET_LAIR:SL-C24946B295061F,1
recommendations.csv,identifier,asset_id,MTG:SECRET_LAIR:SL-C2CAC5DFF1B8FE,1
recommendations.csv,identifier,asset_id,MTG:SECRET_LAIR:SL-C2DA212EE2424D,1
recommendations.csv,identifier,asset_id,MTG:SECRET_LAIR:SL-C365E12BA9F953,1
recommendations.csv,identifier,asset_id,MTG:SECRET_LAIR:SL-C3A8669A77CF0F,1
recommendations.csv,identifier,asset_id,MTG:SECRET_LAIR:SL-C3D0A31003B38B,1
recommendations.csv,identifier,asset_id,MTG:SECRET_LAIR:SL-C43B4DA056180D,1
recommendations.csv,identifier,asset_id,MTG:SECRET_LAIR:SL-C44AE37BDB68A9,1
recommendations.csv,identifier,asset_id,MTG:SECRET_LAIR:SL-C4573F398978D7,1
recommendations.csv,identifier,asset_id,MTG:SECRET_LAIR:SL-C4E698097E6EB6,1
recommendations.csv,identifier,asset_id,MTG:SECRET_LAIR:SL-C53B25CD55720F,1
recommendations.csv,identifier,asset_id,MTG:SECRET_LAIR:SL-C53BF262ADA17B,1
recommendations.csv,identifier,asset_id,MTG:SECRET_LAIR:SL-C59DE249DE7287,1
recommendations.csv,identifier,asset_id,MTG:SECRET_LAIR:SL-C5A93064AA668C,1
recommendations.csv,identifier,asset_id,MTG:SECRET_LAIR:SL-C649AFADB4E38B,1
recommendations.csv,identifier,asset_id,MTG:SECRET_LAIR:SL-C67CDDB0AE44ED,1
recommendations.csv,identifier,asset_id,MTG:SECRET_LAIR:SL-C70FCBB505BD77,1
recommendations.csv,identifier,asset_id,MTG:SECRET_LAIR:SL-C72D4B2E5B3130,1
recommendations.csv,identifier,asset_id,MTG:SECRET_LAIR:SL-C7694953E368F4,1
recommendations.csv,identifier,asset_id,MTG:SECRET_LAIR:SL-C805DBBC1C6677,1
recommendations.csv,identifier,asset_id,MTG:SECRET_LAIR:SL-C80FAE8D249054,1
recommendations.csv,identifier,asset_id,MTG:SECRET_LAIR:SL-C822436F428050,1
recommendations.csv,identifier,asset_id,MTG:SECRET_LAIR:SL-C82833E3A7C3DF,1
recommendations.csv,identifier,asset_id,MTG:SECRET_LAIR:SL-C82FB71F29626A,1
recommendations.csv,identifier,asset_id,MTG:SECRET_LAIR:SL-C83649108644FE,1
recommendations.csv,identifier,asset_id,MTG:SECRET_LAIR:SL-C863D417DDE83A,1
recommendations.csv,identifier,asset_id,MTG:SECRET_LAIR:SL-C8B08A7139FC31,1
recommendations.csv,identifier,asset_id,MTG:SECRET_LAIR:SL-C94DD14ECC45A6,1
recommendations.csv,identifier,asset_id,MTG:SECRET_LAIR:SL-C9877AF6FE4DA4,1
recommendations.csv,identifier,asset_id,MTG:SECRET_LAIR:SL-C999737763FC53,1
recommendations.csv,identifier,asset_id,MTG:SECRET_LAIR:SL-C9B2F11CEB5F77,1
recommendations.csv,identifier,asset_id,MTG:SECRET_LAIR:SL-CA134058712347,1
recommendations.csv,identifier,asset_id,MTG:SECRET_LAIR:SL-CA17EB83C29B15,1
recommendations.csv,identifier,asset_id,MTG:SECRET_LAIR:SL-CA2C167AAFAD55,1
recommendations.csv,identifier,asset_id,MTG:SECRET_LAIR:SL-CA3A146FC06964,1
recommendations.csv,identifier,asset_id,MTG:SECRET_LAIR:SL-CA46F5F5791EBB,1
recommendations.csv,identifier,asset_id,MTG:SECRET_LAIR:SL-CA6CCECFEBEC2C,1
recommendations.csv,identifier,asset_id,MTG:SECRET_LAIR:SL-CA6FA7819E27BD,1
recommendations.csv,identifier,asset_id,MTG:SECRET_LAIR:SL-CAB929EA2DD4AE,1
recommendations.csv,identifier,asset_id,MTG:SECRET_LAIR:SL-CAEFD21D151456,1
recommendations.csv,identifier,asset_id,MTG:SECRET_LAIR:SL-CB766B61EEFB6E,1
recommendations.csv,identifier,asset_id,MTG:SECRET_LAIR:SL-CBFED1F92A630D,1
recommendations.csv,identifier,asset_id,MTG:SECRET_LAIR:SL-CC030DBD6E29FE,1
recommendations.csv,identifier,asset_id,MTG:SECRET_LAIR:SL-CC5293951E84F8,1
recommendations.csv,identifier,asset_id,MTG:SECRET_LAIR:SL-CCE426CFBA5D07,1
recommendations.csv,identifier,asset_id,MTG:SECRET_LAIR:SL-CD2FC308C3644A,1
recommendations.csv,identifier,asset_id,MTG:SECRET_LAIR:SL-CD43B6F3D7A59F,1
recommendations.csv,identifier,asset_id,MTG:SECRET_LAIR:SL-CD637B6154FA4F,1
recommendations.csv,identifier,asset_id,MTG:SECRET_LAIR:SL-CD67446B439F75,1
recommendations.csv,identifier,asset_id,MTG:SECRET_LAIR:SL-CE0D22C4A5732F,1
recommendations.csv,identifier,asset_id,MTG:SECRET_LAIR:SL-CE39B48D52F07A,1
recommendations.csv,identifier,asset_id,MTG:SECRET_LAIR:SL-CE3BB4F7AF5651,1
recommendations.csv,identifier,asset_id,MTG:SECRET_LAIR:SL-CE6909ECF00CA8,1
recommendations.csv,identifier,asset_id,MTG:SECRET_LAIR:SL-CEB06DD843F657,1
recommendations.csv,identifier,asset_id,MTG:SECRET_LAIR:SL-CED357C3AB21E8,1
recommendations.csv,identifier,asset_id,MTG:SECRET_LAIR:SL-CEFFC6DB7F7ABD,1
recommendations.csv,identifier,asset_id,MTG:SECRET_LAIR:SL-CFD92A398D8349,1
recommendations.csv,identifier,asset_id,MTG:SECRET_LAIR:SL-D061A6FE209B52,1
recommendations.csv,identifier,asset_id,MTG:SECRET_LAIR:SL-D126DBCCB251DC,1
recommendations.csv,identifier,asset_id,MTG:SECRET_LAIR:SL-D133893D13E78E,1
recommendations.csv,identifier,asset_id,MTG:SECRET_LAIR:SL-D13D0C095C023B,1
recommendations.csv,identifier,asset_id,MTG:SECRET_LAIR:SL-D14CD1568AC703,1
recommendations.csv,identifier,asset_id,MTG:SECRET_LAIR:SL-D1513B904FE27E,1
recommendations.csv,identifier,asset_id,MTG:SECRET_LAIR:SL-D18A4E24571B1B,1
recommendations.csv,identifier,asset_id,MTG:SECRET_LAIR:SL-D1A162914F5B85,1
recommendations.csv,identifier,asset_id,MTG:SECRET_LAIR:SL-D23F4A9FC75D03,1
recommendations.csv,identifier,asset_id,MTG:SECRET_LAIR:SL-D263E9818F8B46,1
recommendations.csv,identifier,asset_id,MTG:SECRET_LAIR:SL-D2FCABD86AD689,1
recommendations.csv,identifier,asset_id,MTG:SECRET_LAIR:SL-D367F0D637FE13,1
recommendations.csv,identifier,asset_id,MTG:SECRET_LAIR:SL-D3778B65B20E24,1
recommendations.csv,identifier,asset_id,MTG:SECRET_LAIR:SL-D3C161D032DC86,1
recommendations.csv,identifier,asset_id,MTG:SECRET_LAIR:SL-D3C9566D0E6FB5,1
recommendations.csv,identifier,asset_id,MTG:SECRET_LAIR:SL-D3D61A3D20908A,1
recommendations.csv,identifier,asset_id,MTG:SECRET_LAIR:SL-D53A1849E7B1C9,1
recommendations.csv,identifier,asset_id,MTG:SECRET_LAIR:SL-D5C35A28D4B658,1
recommendations.csv,identifier,asset_id,MTG:SECRET_LAIR:SL-D5D2DCA70EA4CD,1
recommendations.csv,identifier,asset_id,MTG:SECRET_LAIR:SL-D608F5D4F5385E,1
recommendations.csv,identifier,asset_id,MTG:SECRET_LAIR:SL-D62B35CD192D99,1
recommendations.csv,identifier,asset_id,MTG:SECRET_LAIR:SL-D62C510B60B977,1
recommendations.csv,identifier,asset_id,MTG:SECRET_LAIR:SL-D68D8EB45F05E9,1
recommendations.csv,identifier,asset_id,MTG:SECRET_LAIR:SL-D68D9EB4249382,1
recommendations.csv,identifier,asset_id,MTG:SECRET_LAIR:SL-D6C7802610A57F,1
recommendations.csv,identifier,asset_id,MTG:SECRET_LAIR:SL-D76CD5BC7E1068,1
recommendations.csv,identifier,asset_id,MTG:SECRET_LAIR:SL-D792C24E8A09CF,1
recommendations.csv,identifier,asset_id,MTG:SECRET_LAIR:SL-D7984A9CB76C99,1
recommendations.csv,identifier,asset_id,MTG:SECRET_LAIR:SL-D80EFE168FB6A1,1
recommendations.csv,identifier,asset_id,MTG:SECRET_LAIR:SL-D83DCC4548D04F,1
recommendations.csv,identifier,asset_id,MTG:SECRET_LAIR:SL-D85757C8DB2B40,1
recommendations.csv,identifier,asset_id,MTG:SECRET_LAIR:SL-D8B6168FF7A7AD,1
recommendations.csv,identifier,asset_id,MTG:SECRET_LAIR:SL-D91B54107A78A7,1
recommendations.csv,identifier,asset_id,MTG:SECRET_LAIR:SL-D929FF1E16FDD7,1
recommendations.csv,identifier,asset_id,MTG:SECRET_LAIR:SL-D9CB56BE93955C,1
recommendations.csv,identifier,asset_id,MTG:SECRET_LAIR:SL-D9F56A65FD35C5,1
recommendations.csv,identifier,asset_id,MTG:SECRET_LAIR:SL-D9F7FC2E4D48A5,1
recommendations.csv,identifier,asset_id,MTG:SECRET_LAIR:SL-DA0255DFD87A79,1
recommendations.csv,identifier,asset_id,MTG:SECRET_LAIR:SL-DA137A8920D7BE,1
recommendations.csv,identifier,asset_id,MTG:SECRET_LAIR:SL-DA14F1AD8875AF,1
recommendations.csv,identifier,asset_id,MTG:SECRET_LAIR:SL-DA7F8AD7B0BC80,1
recommendations.csv,identifier,asset_id,MTG:SECRET_LAIR:SL-DA95D95DF8A49D,1
recommendations.csv,identifier,asset_id,MTG:SECRET_LAIR:SL-DAA2346E431D52,1
recommendations.csv,identifier,asset_id,MTG:SECRET_LAIR:SL-DB82DC16CD1A6A,1
recommendations.csv,identifier,asset_id,MTG:SECRET_LAIR:SL-DBB9EAD006DF92,1
recommendations.csv,identifier,asset_id,MTG:SECRET_LAIR:SL-DBDF87736B4AD6,1
recommendations.csv,identifier,asset_id,MTG:SECRET_LAIR:SL-DC36FC64429D5D,1
recommendations.csv,identifier,asset_id,MTG:SECRET_LAIR:SL-DCD05FAA1B15E7,1
recommendations.csv,identifier,asset_id,MTG:SECRET_LAIR:SL-DCDC09399C5D54,1
recommendations.csv,identifier,asset_id,MTG:SECRET_LAIR:SL-DD0C5279EE2007,1
recommendations.csv,identifier,asset_id,MTG:SECRET_LAIR:SL-DD25AF4AC936E2,1
recommendations.csv,identifier,asset_id,MTG:SECRET_LAIR:SL-DD3248D210AC90,1
recommendations.csv,identifier,asset_id,MTG:SECRET_LAIR:SL-DD3A0B4F1E7DA1,1
recommendations.csv,identifier,asset_id,MTG:SECRET_LAIR:SL-DD598BF68D0AC7,1
recommendations.csv,identifier,asset_id,MTG:SECRET_LAIR:SL-DD778C566554A0,1
recommendations.csv,identifier,asset_id,MTG:SECRET_LAIR:SL-DDF2764A92D297,1
recommendations.csv,identifier,asset_id,MTG:SECRET_LAIR:SL-DE73D77FB013F4,1
recommendations.csv,identifier,asset_id,MTG:SECRET_LAIR:SL-DEB0786B62B51D,1
recommendations.csv,identifier,asset_id,MTG:SECRET_LAIR:SL-DEE8CCCA9CFCCE,1
recommendations.csv,identifier,asset_id,MTG:SECRET_LAIR:SL-DEF4A1D4ADC965,1
recommendations.csv,identifier,asset_id,MTG:SECRET_LAIR:SL-DF5563A6AB6A1B,1
recommendations.csv,identifier,asset_id,MTG:SECRET_LAIR:SL-DFE9AC9C5D05C9,1
recommendations.csv,identifier,asset_id,MTG:SECRET_LAIR:SL-E000815724EA2A,1
recommendations.csv,identifier,asset_id,MTG:SECRET_LAIR:SL-E0190484BE31DE,1
recommendations.csv,identifier,asset_id,MTG:SECRET_LAIR:SL-E03F5C270405EA,1
recommendations.csv,identifier,asset_id,MTG:SECRET_LAIR:SL-E0414D04317EA2,1
recommendations.csv,identifier,asset_id,MTG:SECRET_LAIR:SL-E05E06D6578028,1
recommendations.csv,identifier,asset_id,MTG:SECRET_LAIR:SL-E06DD3E1E3F4CD,1
recommendations.csv,identifier,asset_id,MTG:SECRET_LAIR:SL-E126175F5EEBFF,1
recommendations.csv,identifier,asset_id,MTG:SECRET_LAIR:SL-E14AB3D48E2308,1
recommendations.csv,identifier,asset_id,MTG:SECRET_LAIR:SL-E19F0A74D8000D,1
recommendations.csv,identifier,asset_id,MTG:SECRET_LAIR:SL-E1E2903CCE3709,1
recommendations.csv,identifier,asset_id,MTG:SECRET_LAIR:SL-E23BF5EAA4F5AA,1
recommendations.csv,identifier,asset_id,MTG:SECRET_LAIR:SL-E24F74D610175D,1
recommendations.csv,identifier,asset_id,MTG:SECRET_LAIR:SL-E2540C64CF5262,1
recommendations.csv,identifier,asset_id,MTG:SECRET_LAIR:SL-E282CE5635F5FC,1
recommendations.csv,identifier,asset_id,MTG:SECRET_LAIR:SL-E2DB1B58657D1A,1
recommendations.csv,identifier,asset_id,MTG:SECRET_LAIR:SL-E339A090348C36,1
recommendations.csv,identifier,asset_id,MTG:SECRET_LAIR:SL-E3519A1A83A8E6,1
recommendations.csv,identifier,asset_id,MTG:SECRET_LAIR:SL-E397494832E845,1
recommendations.csv,identifier,asset_id,MTG:SECRET_LAIR:SL-E3D6BE401B6F95,1
recommendations.csv,identifier,asset_id,MTG:SECRET_LAIR:SL-E3E88EC01DA49B,1
recommendations.csv,identifier,asset_id,MTG:SECRET_LAIR:SL-E44D69BCAF5561,1
recommendations.csv,identifier,asset_id,MTG:SECRET_LAIR:SL-E4888AAC444029,1
recommendations.csv,identifier,asset_id,MTG:SECRET_LAIR:SL-E4AC3EAED9F285,1
recommendations.csv,identifier,asset_id,MTG:SECRET_LAIR:SL-E558347311E1F4,1
recommendations.csv,identifier,asset_id,MTG:SECRET_LAIR:SL-E577A60B3B1BA6,1
recommendations.csv,identifier,asset_id,MTG:SECRET_LAIR:SL-E5F4CFCD2D1E21,1
recommendations.csv,identifier,asset_id,MTG:SECRET_LAIR:SL-E5F7C4556D2AE8,1
recommendations.csv,identifier,asset_id,MTG:SECRET_LAIR:SL-E618F74B27D105,1
recommendations.csv,identifier,asset_id,MTG:SECRET_LAIR:SL-E63BB6ABED78A1,1
recommendations.csv,identifier,asset_id,MTG:SECRET_LAIR:SL-E6815E809637CD,1
recommendations.csv,identifier,asset_id,MTG:SECRET_LAIR:SL-E6ACEF67518AF1,1
recommendations.csv,identifier,asset_id,MTG:SECRET_LAIR:SL-E73519A6D7C437,1
recommendations.csv,identifier,asset_id,MTG:SECRET_LAIR:SL-E761E1777C5411,1
recommendations.csv,identifier,asset_id,MTG:SECRET_LAIR:SL-E7BDE12BA780C5,1
recommendations.csv,identifier,asset_id,MTG:SECRET_LAIR:SL-E82C687C9DB063,1
recommendations.csv,identifier,asset_id,MTG:SECRET_LAIR:SL-E84A5B15E6F9C3,1
recommendations.csv,identifier,asset_id,MTG:SECRET_LAIR:SL-E8AF55C924629C,1
recommendations.csv,identifier,asset_id,MTG:SECRET_LAIR:SL-E94BE968A3A112,1
recommendations.csv,identifier,asset_id,MTG:SECRET_LAIR:SL-E976A82043B976,1
recommendations.csv,identifier,asset_id,MTG:SECRET_LAIR:SL-E9DEA56D4176E0,1
recommendations.csv,identifier,asset_id,MTG:SECRET_LAIR:SL-EA00AF141F2FAC,1
recommendations.csv,identifier,asset_id,MTG:SECRET_LAIR:SL-EA3F127E1B6608,1
recommendations.csv,identifier,asset_id,MTG:SECRET_LAIR:SL-EA8B400EB7587C,1
recommendations.csv,identifier,asset_id,MTG:SECRET_LAIR:SL-EB7674C656581E,1
recommendations.csv,identifier,asset_id,MTG:SECRET_LAIR:SL-EB7E2032D0A931,1
recommendations.csv,identifier,asset_id,MTG:SECRET_LAIR:SL-EB862139323FA8,1
recommendations.csv,identifier,asset_id,MTG:SECRET_LAIR:SL-EBBF87B2EDF78C,1
recommendations.csv,identifier,asset_id,MTG:SECRET_LAIR:SL-EBF12D8FC470D3,1
recommendations.csv,identifier,asset_id,MTG:SECRET_LAIR:SL-EC805E73DB692C,1
recommendations.csv,identifier,asset_id,MTG:SECRET_LAIR:SL-EDA5F0018F2448,1
recommendations.csv,identifier,asset_id,MTG:SECRET_LAIR:SL-EE12104C3A49E7,1
recommendations.csv,identifier,asset_id,MTG:SECRET_LAIR:SL-EE73A455D6DAFC,1
recommendations.csv,identifier,asset_id,MTG:SECRET_LAIR:SL-EE882204CA80F5,1
recommendations.csv,identifier,asset_id,MTG:SECRET_LAIR:SL-EF03D947F97187,1
recommendations.csv,identifier,asset_id,MTG:SECRET_LAIR:SL-EF10004B2C3091,1
recommendations.csv,identifier,asset_id,MTG:SECRET_LAIR:SL-EF5BBE513EE03C,1
recommendations.csv,identifier,asset_id,MTG:SECRET_LAIR:SL-EFFCE6D4208A63,1
recommendations.csv,identifier,asset_id,MTG:SECRET_LAIR:SL-F0ADDB74A0D856,1
recommendations.csv,identifier,asset_id,MTG:SECRET_LAIR:SL-F0D638918879B3,1
recommendations.csv,identifier,asset_id,MTG:SECRET_LAIR:SL-F0F3F16536C281,1
recommendations.csv,identifier,asset_id,MTG:SECRET_LAIR:SL-F14FB92D2DCBC6,1
recommendations.csv,identifier,asset_id,MTG:SECRET_LAIR:SL-F1CC2FF6F7667E,1
recommendations.csv,identifier,asset_id,MTG:SECRET_LAIR:SL-F25C6E61EC9D3B,1
recommendations.csv,identifier,asset_id,MTG:SECRET_LAIR:SL-F26AFF6BB24E88,1
recommendations.csv,identifier,asset_id,MTG:SECRET_LAIR:SL-F2F5EBEEEBD0C5,1
recommendations.csv,identifier,asset_id,MTG:SECRET_LAIR:SL-F2F92FE2CD5458,1
recommendations.csv,identifier,asset_id,MTG:SECRET_LAIR:SL-F378E79C981B5B,1
recommendations.csv,identifier,asset_id,MTG:SECRET_LAIR:SL-F3C784F688A104,1
recommendations.csv,identifier,asset_id,MTG:SECRET_LAIR:SL-F3D3088DA018D0,1
recommendations.csv,identifier,asset_id,MTG:SECRET_LAIR:SL-F3F1C2A23E48D0,1
recommendations.csv,identifier,asset_id,MTG:SECRET_LAIR:SL-F419DE27DCB991,1
recommendations.csv,identifier,asset_id,MTG:SECRET_LAIR:SL-F46976B12ECA22,1
recommendations.csv,identifier,asset_id,MTG:SECRET_LAIR:SL-F4935DE607204D,1
recommendations.csv,identifier,asset_id,MTG:SECRET_LAIR:SL-F4A97CEA3A7C1C,1
recommendations.csv,identifier,asset_id,MTG:SECRET_LAIR:SL-F4DBBBEC3CFEB4,1
recommendations.csv,identifier,asset_id,MTG:SECRET_LAIR:SL-F546FBC2EE4D47,1
recommendations.csv,identifier,asset_id,MTG:SECRET_LAIR:SL-F5C7D5AC423EC1,1
recommendations.csv,identifier,asset_id,MTG:SECRET_LAIR:SL-F5FC37E9763B7C,1
recommendations.csv,identifier,asset_id,MTG:SECRET_LAIR:SL-F638B39456864F,1
recommendations.csv,identifier,asset_id,MTG:SECRET_LAIR:SL-F66DFA42E52417,1
recommendations.csv,identifier,asset_id,MTG:SECRET_LAIR:SL-F6CE9EEE501707,1
recommendations.csv,identifier,asset_id,MTG:SECRET_LAIR:SL-F70A9FB130F172,1
recommendations.csv,identifier,asset_id,MTG:SECRET_LAIR:SL-F7BF46E86FD15C,1
recommendations.csv,identifier,asset_id,MTG:SECRET_LAIR:SL-F7E159B4E7D922,1
recommendations.csv,identifier,asset_id,MTG:SECRET_LAIR:SL-F7E2916CEC3366,1
recommendations.csv,identifier,asset_id,MTG:SECRET_LAIR:SL-F8091FD6F7CD83,1
recommendations.csv,identifier,asset_id,MTG:SECRET_LAIR:SL-F8130EF2307D5F,1
recommendations.csv,identifier,asset_id,MTG:SECRET_LAIR:SL-F87B4FFB3CCD49,1
recommendations.csv,identifier,asset_id,MTG:SECRET_LAIR:SL-F886C775F2D753,1
recommendations.csv,identifier,asset_id,MTG:SECRET_LAIR:SL-F8A34E5202D218,1
recommendations.csv,identifier,asset_id,MTG:SECRET_LAIR:SL-F960B8C972DDE8,1
recommendations.csv,identifier,asset_id,MTG:SECRET_LAIR:SL-F97114C3F34013,1
recommendations.csv,identifier,asset_id,MTG:SECRET_LAIR:SL-F9C826AE302BF4,1
recommendations.csv,identifier,asset_id,MTG:SECRET_LAIR:SL-F9E21EA0D52C4A,1
recommendations.csv,identifier,asset_id,MTG:SECRET_LAIR:SL-FA32CF1A49D1D5,1
recommendations.csv,identifier,asset_id,MTG:SECRET_LAIR:SL-FA3D9482741C16,1
recommendations.csv,identifier,asset_id,MTG:SECRET_LAIR:SL-FA6223566C7B76,1
recommendations.csv,identifier,asset_id,MTG:SECRET_LAIR:SL-FA7A7EE1991025,1
recommendations.csv,identifier,asset_id,MTG:SECRET_LAIR:SL-FA7D6580C34737,1
recommendations.csv,identifier,asset_id,MTG:SECRET_LAIR:SL-FB01410D9F3250,1
recommendations.csv,identifier,asset_id,MTG:SECRET_LAIR:SL-FB1E1566446236,1
recommendations.csv,identifier,asset_id,MTG:SECRET_LAIR:SL-FB1FECB0690176,1
recommendations.csv,identifier,asset_id,MTG:SECRET_LAIR:SL-FB8F41B5698E85,1
recommendations.csv,identifier,asset_id,MTG:SECRET_LAIR:SL-FBADB7587BFD9A,1
recommendations.csv,identifier,asset_id,MTG:SECRET_LAIR:SL-FC44F373482E68,1
recommendations.csv,identifier,asset_id,MTG:SECRET_LAIR:SL-FC508070AC9ECD,1
recommendations.csv,identifier,asset_id,MTG:SECRET_LAIR:SL-FCAEA5C157AA2D,1
recommendations.csv,identifier,asset_id,MTG:SECRET_LAIR:SL-FD327F76CA9BCB,1
recommendations.csv,identifier,asset_id,MTG:SECRET_LAIR:SL-FD569236BFC307,1
recommendations.csv,identifier,asset_id,MTG:SECRET_LAIR:SL-FD7EED45ECCFC6,1
recommendations.csv,identifier,asset_id,MTG:SECRET_LAIR:SL-FDA8FA789BE3A1,1
recommendations.csv,identifier,asset_id,MTG:SECRET_LAIR:SL-FDAA65C601D268,1
recommendations.csv,identifier,asset_id,MTG:SECRET_LAIR:SL-FE0F8BC07F7E66,1
recommendations.csv,identifier,asset_id,MTG:SECRET_LAIR:SL-FEA5D283ED723B,1
recommendations.csv,identifier,asset_id,MTG:SECRET_LAIR:SL-FF8B50F46CBD31,1
recommendations.csv,identifier,asset_id,MTG:SECRET_LAIR:SL-FFA400FF14BF49,1
recommendations.csv,identifier,asset_id,MTG:SECRET_LAIR:SL-FFE26A78CDDB2A,1
recommendations.csv,identifier,asset_id,MTG:COLLECTOR_BOOSTER_BOX:TCGCSV-17670-449559,1
recommendations.csv,identifier,asset_id,MTG:COLLECTOR_BOOSTER_BOX:TCGCSV-17684-451880,1
recommendations.csv,identifier,asset_id,MTG:COLLECTOR_BOOSTER_BOX:TCGCSV-22875-475584,1
recommendations.csv,identifier,asset_id,MTG:COLLECTOR_BOOSTER_BOX:TCGCSV-22876-489207,1
recommendations.csv,identifier,asset_id,MTG:COLLECTOR_BOOSTER_BOX:TCGCSV-23019-484912,1
recommendations.csv,identifier,asset_id,MTG:COLLECTOR_BOOSTER_BOX:TCGCSV-23019-515906,1
recommendations.csv,identifier,asset_id,MTG:COLLECTOR_BOOSTER_BOX:TCGCSV-23020-484929,1
recommendations.csv,identifier,asset_id,MTG:COLLECTOR_BOOSTER_BOX:TCGCSV-23163-496041,1
recommendations.csv,identifier,asset_id,MTG:COLLECTOR_BOOSTER_BOX:TCGCSV-23165-496076,1
recommendations.csv,identifier,asset_id,MTG:COLLECTOR_BOOSTER_BOX:TCGCSV-23312-516614,1
recommendations.csv,identifier,asset_id,MTG:COLLECTOR_BOOSTER_BOX:TCGCSV-23319-517708,1
recommendations.csv,identifier,asset_id,MTG:COLLECTOR_BOOSTER_BOX:TCGCSV-23337-523185,1
recommendations.csv,identifier,asset_id,MTG:COLLECTOR_BOOSTER_BOX:TCGCSV-23361-529968,1
recommendations.csv,identifier,asset_id,MTG:COLLECTOR_BOOSTER_BOX:TCGCSV-23439-541090,1
recommendations.csv,identifier,asset_id,MTG:COLLECTOR_BOOSTER_BOX:TCGCSV-23444-541179,1
recommendations.csv,identifier,asset_id,MTG:COLLECTOR_BOOSTER_BOX:TCGCSV-23446-541225,1
recommendations.csv,identifier,asset_id,MTG:COLLECTOR_BOOSTER_BOX:TCGCSV-23447-541238,1
recommendations.csv,identifier,asset_id,MTG:COLLECTOR_BOOSTER_BOX:TCGCSV-23550-557244,1
recommendations.csv,identifier,asset_id,MTG:COLLECTOR_BOOSTER_BOX:TCGCSV-23556-562122,1
recommendations.csv,identifier,asset_id,MTG:COLLECTOR_BOOSTER_BOX:TCGCSV-23848-594681,1
recommendations.csv,identifier,asset_id,MTG:COLLECTOR_BOOSTER_BOX:TCGCSV-23874-604253,1
recommendations.csv,identifier,asset_id,MTG:COLLECTOR_BOOSTER_BOX:TCGCSV-24219-618893,1
recommendations.csv,identifier,asset_id,MTG:COLLECTOR_BOOSTER_BOX:TCGCSV-24232-619649,1
recommendations.csv,identifier,asset_id,MTG:COLLECTOR_BOOSTER_BOX:TCGCSV-24233-619672,1
recommendations.csv,identifier,asset_id,MTG:COLLECTOR_BOOSTER_BOX:TCGCSV-24245-621110,1
recommendations.csv,identifier,asset_id,MTG:COLLECTOR_BOOSTER_BOX:TCGCSV-24421-648650,1
recommendations.csv,identifier,asset_id,MTG:COLLECTOR_BOOSTER_BOX:TCGCSV-24463-656322,1
recommendations.csv,identifier,asset_id,MTG:COLLECTOR_BOOSTER_BOX:TCGCSV-24495-657852,1
recommendations.csv,identifier,asset_id,MTG:COLLECTOR_BOOSTER_BOX:TCGCSV-24553-675606,1
recommendations.csv,identifier,asset_id,MTG:COLLECTOR_BOOSTER_BOX:TCGCSV-24601-675558,1
recommendations.csv,identifier,asset_id,MTG:COLLECTOR_BOOSTER_BOX:TCGCSV-24683-692963,1
recommendations.csv,identifier,asset_id,MTG:COLLECTOR_BOOSTER_BOX:TCGCSV-24684-692983,1
recommendations.csv,identifier,asset_id,MTG:COLLECTOR_BOOSTER_BOX:TCGCSV-2603-208279,1
recommendations.csv,identifier,asset_id,MTG:COLLECTOR_BOOSTER_BOX:TCGCSV-2648-220423,1
recommendations.csv,identifier,asset_id,MTG:COLLECTOR_BOOSTER_BOX:TCGCSV-2653-214818,1
recommendations.csv,identifier,asset_id,MTG:COLLECTOR_BOOSTER_BOX:TCGCSV-2708-221323,1
recommendations.csv,identifier,asset_id,MTG:COLLECTOR_BOOSTER_BOX:TCGCSV-2750-228249,1
recommendations.csv,identifier,asset_id,MTG:COLLECTOR_BOOSTER_BOX:TCGCSV-2773-233232,1
recommendations.csv,identifier,asset_id,MTG:COLLECTOR_BOOSTER_BOX:TCGCSV-2809-236348,1
recommendations.csv,identifier,asset_id,MTG:COLLECTOR_BOOSTER_BOX:TCGCSV-2823-238745,1
recommendations.csv,identifier,asset_id,MTG:COLLECTOR_BOOSTER_BOX:TCGCSV-2862-246457,1
recommendations.csv,identifier,asset_id,MTG:COLLECTOR_BOOSTER_BOX:TCGCSV-2864-244384,1
recommendations.csv,identifier,asset_id,MTG:COLLECTOR_BOOSTER_BOX:TCGCSV-2958-275406,1
recommendations.csv,identifier,asset_id,MTG:COLLECTOR_BOOSTER_BOX:TCGCSV-2965-257563,1
recommendations.csv,identifier,asset_id,MTG:COLLECTOR_BOOSTER_BOX:TCGCSV-3026-264767,1
recommendations.csv,identifier,asset_id,MTG:COLLECTOR_BOOSTER_BOX:TCGCSV-3047-267023,1
recommendations.csv,identifier,asset_id,MTG:COLLECTOR_BOOSTER_BOX:TCGCSV-3070-271509,1
recommendations.csv,identifier,asset_id,MTG:COLLECTOR_BOOSTER_BOX:TCGCSV-3102-275412,1
recommendations.csv,identifier,asset_id,MTG:COLLECTOR_BOOSTER_BOX:TCGCSV-3157-282224,1
recommendations.csv,identifier,asset_id,MTG:PRE_COLLECTOR_BOOSTER_BOX:MTG-CANON-TCGPLAYER-27262,1
recommendations.csv,identifier,asset_id,MTG:PRE_COLLECTOR_BOOSTER_BOX:MTG-CANON-TCGPLAYER-27266,1
recommendations.csv,identifier,asset_id,MTG:PRE_COLLECTOR_BOOSTER_BOX:MTG-CANON-TCGPLAYER-27313,1
recommendations.csv,identifier,asset_id,MTG:PRE_COLLECTOR_BOOSTER_BOX:MTG-CANON-TCGPLAYER-27265,1
recommendations.csv,identifier,asset_id,MTG:PRE_COLLECTOR_BOOSTER_BOX:MTG-CANON-TCGPLAYER-27263,1
recommendations.csv,identifier,asset_id,MTG:PRE_COLLECTOR_BOOSTER_BOX:MTG-CANON-TCGPLAYER-27303,1
recommendations.csv,identifier,asset_id,MTG:PRE_COLLECTOR_BOOSTER_BOX:MTG-CANON-TCGPLAYER-27286,1
recommendations.csv,identifier,asset_id,MTG:PRE_COLLECTOR_BOOSTER_BOX:MTG-CANON-TCGPLAYER-27309,1
recommendations.csv,identifier,asset_id,MTG:PRE_COLLECTOR_BOOSTER_BOX:MTG-CANON-TCGPLAYER-27276,1
recommendations.csv,identifier,asset_id,MTG:PRE_COLLECTOR_BOOSTER_BOX:MTG-CANON-TCGPLAYER-27279,1
recommendations.csv,identifier,asset_id,MTG:PRE_COLLECTOR_BOOSTER_BOX:MTG-CANON-TCGPLAYER-27283,1
recommendations.csv,identifier,asset_id,MTG:PRE_COLLECTOR_BOOSTER_BOX:MTG-CANON-TCGPLAYER-27269,1
recommendations.csv,identifier,asset_id,MTG:PRE_COLLECTOR_BOOSTER_BOX:MTG-CANON-TCGPLAYER-27282,1
recommendations.csv,identifier,asset_id,MTG:PRE_COLLECTOR_BOOSTER_BOX:MTG-CANON-TCGPLAYER-27261,1
recommendations.csv,identifier,asset_id,MTG:PRE_COLLECTOR_BOOSTER_BOX:MTG-CANON-TCGPLAYER-27290,1
recommendations.csv,identifier,asset_id,MTG:PRE_COLLECTOR_BOOSTER_BOX:MTG-CANON-TCGPLAYER-27317,1
recommendations.csv,identifier,asset_id,MTG:PRE_COLLECTOR_BOOSTER_BOX:MTG-CANON-TCGPLAYER-27278,1
recommendations.csv,identifier,asset_id,MTG:PRE_COLLECTOR_BOOSTER_BOX:MTG-CANON-TCGPLAYER-27298,1
recommendations.csv,identifier,asset_id,MTG:PRE_COLLECTOR_BOOSTER_BOX:MTG-CANON-TCGPLAYER-27318,1
recommendations.csv,identifier,asset_id,MTG:PRE_COLLECTOR_BOOSTER_BOX:MTG-CANON-TCGPLAYER-27308,1
recommendations.csv,identifier,asset_id,MTG:PRE_COLLECTOR_BOOSTER_BOX:MTG-CANON-TCGPLAYER-27307,1
recommendations.csv,identifier,asset_id,MTG:PRE_COLLECTOR_BOOSTER_BOX:MTG-CANON-TCGPLAYER-27275,1
recommendations.csv,identifier,asset_id,MTG:PRE_COLLECTOR_BOOSTER_BOX:MTG-CANON-TCGPLAYER-27299,1
recommendations.csv,identifier,asset_id,MTG:PRE_COLLECTOR_BOOSTER_BOX:MTG-CANON-TCGPLAYER-27312,1
recommendations.csv,identifier,asset_id,MTG:PRE_COLLECTOR_BOOSTER_BOX:MTG-CANON-TCGPLAYER-27316,1
recommendations.csv,identifier,asset_id,MTG:PRE_COLLECTOR_BOOSTER_BOX:MTG-CANON-TCGPLAYER-27315,1
recommendations.csv,identifier,asset_id,MTG:PRE_COLLECTOR_BOOSTER_BOX:MTG-CANON-TCGPLAYER-27270,1
recommendations.csv,identifier,asset_id,MTG:PRE_COLLECTOR_BOOSTER_BOX:MTG-CANON-TCGPLAYER-27300,1
recommendations.csv,identifier,asset_id,MTG:PRE_COLLECTOR_BOOSTER_BOX:MTG-CANON-TCGPLAYER-27314,1
recommendations.csv,identifier,asset_id,MTG:PRE_COLLECTOR_BOOSTER_BOX:MTG-CANON-TCGPLAYER-27289,1
recommendations.csv,identifier,asset_id,MTG:PRE_COLLECTOR_BOOSTER_BOX:MTG-CANON-TCGPLAYER-27293,1
recommendations.csv,identifier,asset_id,MTG:PRE_COLLECTOR_BOOSTER_BOX:MTG-CANON-TCGPLAYER-27301,1
recommendations.csv,identifier,asset_id,MTG:PRE_COLLECTOR_BOOSTER_BOX:MTG-CANON-TCGPLAYER-27284,1
recommendations.csv,identifier,asset_id,MTG:PRE_COLLECTOR_BOOSTER_BOX:MTG-CANON-TCGPLAYER-27297,1
recommendations.csv,identifier,asset_id,MTG:PRE_COLLECTOR_BOOSTER_BOX:MTG-CANON-TCGPLAYER-27258,1
recommendations.csv,identifier,asset_id,MTG:PRE_COLLECTOR_BOOSTER_BOX:MTG-CANON-TCGPLAYER-27264,1
recommendations.csv,identifier,asset_id,MTG:PRE_COLLECTOR_BOOSTER_BOX:MTG-CANON-TCGPLAYER-27294,1
recommendations.csv,identifier,asset_id,MTG:PRE_COLLECTOR_BOOSTER_BOX:MTG-CANON-TCGPLAYER-27311,1
recommendations.csv,identifier,asset_id,MTG:PRE_COLLECTOR_BOOSTER_BOX:MTG-CANON-TCGPLAYER-27285,1
recommendations.csv,identifier,asset_id,MTG:PRE_COLLECTOR_BOOSTER_BOX:MTG-CANON-TCGPLAYER-27295,1
recommendations.csv,identifier,asset_id,MTG:PRE_COLLECTOR_BOOSTER_BOX:MTG-CANON-TCGPLAYER-27287,1
recommendations.csv,identifier,asset_id,MTG:PRE_COLLECTOR_BOOSTER_BOX:MTG-CANON-TCGPLAYER-27305,1
recommendations.csv,identifier,asset_id,MTG:PRE_COLLECTOR_BOOSTER_BOX:MTG-CANON-TCGPLAYER-27259,1
recommendations.csv,identifier,asset_id,MTG:PRE_COLLECTOR_BOOSTER_BOX:MTG-CANON-TCGPLAYER-27291,1
recommendations.csv,identifier,asset_id,MTG:PRE_COLLECTOR_BOOSTER_BOX:MTG-CANON-TCGPLAYER-27272,1
recommendations.csv,identifier,asset_id,MTG:PRE_COLLECTOR_BOOSTER_BOX:MTG-CANON-TCGPLAYER-27277,1
recommendations.csv,identifier,asset_id,MTG:PRE_COLLECTOR_BOOSTER_BOX:MTG-CANON-TCGPLAYER-27268,1
recommendations.csv,identifier,asset_id,MTG:PRE_COLLECTOR_BOOSTER_BOX:MTG-CANON-TCGPLAYER-79290,1
recommendations.csv,identifier,asset_id,MTG:PRE_COLLECTOR_BOOSTER_BOX:MTG-CANON-TCGPLAYER-27267,1
recommendations.csv,identifier,asset_id,MTG:PRE_COLLECTOR_BOOSTER_BOX:MTG-CANON-TCGPLAYER-27304,1
recommendations.csv,identifier,asset_id,MTG:PRE_COLLECTOR_BOOSTER_BOX:MTG-CANON-TCGPLAYER-27260,1
recommendations.csv,identifier,asset_id,MTG:PRE_COLLECTOR_BOOSTER_BOX:MTG-CANON-TCGPLAYER-27302,1
recommendations.csv,identifier,asset_id,MTG:PRE_COLLECTOR_BOOSTER_BOX:MTG-CANON-TCGPLAYER-27281,1
recommendations.csv,identifier,asset_id,MTG:PRE_COLLECTOR_BOOSTER_BOX:MTG-CANON-TCGPLAYER-27273,1
recommendations.csv,identifier,asset_id,MTG:PRE_COLLECTOR_BOOSTER_BOX:MTG-CANON-TCGPLAYER-27271,1
recommendations.csv,identifier,asset_id,MTG:PRE_COLLECTOR_BOOSTER_BOX:MTG-CANON-TCGPLAYER-27310,1
recommendations.csv,identifier,asset_id,MTG:PRE_COLLECTOR_BOOSTER_BOX:MTG-CANON-TCGPLAYER-27296,1
recommendations.csv,identifier,asset_id,MTG:PRE_COLLECTOR_BOOSTER_BOX:MTG-CANON-TCGPLAYER-27280,1
recommendations.csv,identifier,asset_id,MTG:PRE_COLLECTOR_BOOSTER_BOX:MTG-CANON-TCGPLAYER-27257,1
recommendations.csv,identifier,asset_id,MTG:PRE_COLLECTOR_BOOSTER_BOX:MTG-CANON-TCGPLAYER-27288,1
recommendations.csv,identifier,asset_id,MTG:PRE_COLLECTOR_BOOSTER_BOX:MTG-CANON-TCGPLAYER-27292,1
recommendations.csv,identifier,asset_id,MTG:PRE_COLLECTOR_BOOSTER_BOX:MTG-CANON-TCGPLAYER-27306,1
recommendations.csv,identifier,asset_id,MTG:PRE_COLLECTOR_BOOSTER_BOX:MTG-CANON-TCGPLAYER-27274,1
recommendations.csv,identifier,asset_id,MTG:PRE_COLLECTOR_BOOSTER_BOX:MTG-CANON-TCGPLAYER-28640,1
recommendations.csv,identifier,asset_id,MTG:PRE_COLLECTOR_BOOSTER_BOX:MTG-CANON-TCGPLAYER-93516,1
recommendations.csv,identifier,asset_id,MTG:PRE_COLLECTOR_BOOSTER_BOX:MTG-CANON-TCGPLAYER-31841,1
recommendations.csv,identifier,asset_id,MTG:PRE_COLLECTOR_BOOSTER_BOX:MTG-CANON-TCGPLAYER-32529,1
recommendations.csv,identifier,asset_id,MTG:PRE_COLLECTOR_BOOSTER_BOX:MTG-CANON-TCGPLAYER-32789,1
recommendations.csv,identifier,asset_id,MTG:PRE_COLLECTOR_BOOSTER_BOX:MTG-CANON-TCGPLAYER-34468,1
recommendations.csv,identifier,asset_id,MTG:PRE_COLLECTOR_BOOSTER_BOX:MTG-CANON-TCGPLAYER-34678,1
recommendations.csv,identifier,asset_id,MTG:PRE_COLLECTOR_BOOSTER_BOX:MTG-CANON-TCGPLAYER-35372,1
recommendations.csv,identifier,asset_id,MTG:PRE_COLLECTOR_BOOSTER_BOX:MTG-CANON-TCGPLAYER-35749,1
recommendations.csv,identifier,asset_id,MTG:PRE_COLLECTOR_BOOSTER_BOX:MTG-CANON-TCGPLAYER-39109,1
recommendations.csv,identifier,asset_id,MTG:PRE_COLLECTOR_BOOSTER_BOX:MTG-CANON-TCGPLAYER-39410,1
recommendations.csv,identifier,asset_id,MTG:PRE_COLLECTOR_BOOSTER_BOX:MTG-CANON-TCGPLAYER-46957,1
recommendations.csv,identifier,asset_id,MTG:PRE_COLLECTOR_BOOSTER_BOX:MTG-CANON-TCGPLAYER-47791,1
recommendations.csv,identifier,asset_id,MTG:PRE_COLLECTOR_BOOSTER_BOX:MTG-CANON-TCGPLAYER-57584,1
recommendations.csv,identifier,asset_id,MTG:PRE_COLLECTOR_BOOSTER_BOX:MTG-CANON-TCGPLAYER-58058,1
recommendations.csv,identifier,asset_id,MTG:PRE_COLLECTOR_BOOSTER_BOX:MTG-CANON-TCGPLAYER-59120,1
recommendations.csv,identifier,asset_id,MTG:PRE_COLLECTOR_BOOSTER_BOX:MTG-CANON-TCGPLAYER-60117,1
recommendations.csv,identifier,asset_id,MTG:PRE_COLLECTOR_BOOSTER_BOX:MTG-CANON-TCGPLAYER-67311,1
recommendations.csv,identifier,asset_id,MTG:PRE_COLLECTOR_BOOSTER_BOX:MTG-CANON-TCGPLAYER-67751,1
recommendations.csv,identifier,asset_id,MTG:PRE_COLLECTOR_BOOSTER_BOX:MTG-CANON-TCGPLAYER-68104,1
recommendations.csv,identifier,asset_id,MTG:PRE_COLLECTOR_BOOSTER_BOX:MTG-CANON-TCGPLAYER-69243,1
recommendations.csv,identifier,asset_id,MTG:PRE_COLLECTOR_BOOSTER_BOX:MTG-CANON-TCGPLAYER-70960,1
recommendations.csv,identifier,asset_id,MTG:PRE_COLLECTOR_BOOSTER_BOX:MTG-CANON-TCGPLAYER-77321,1
recommendations.csv,identifier,asset_id,MTG:PRE_COLLECTOR_BOOSTER_BOX:MTG-CANON-TCGPLAYER-77322,1
recommendations.csv,identifier,asset_id,MTG:PRE_COLLECTOR_BOOSTER_BOX:MTG-CANON-TCGPLAYER-82200,1
recommendations.csv,identifier,asset_id,MTG:PRE_COLLECTOR_BOOSTER_BOX:MTG-CANON-TCGPLAYER-90786,1
recommendations.csv,identifier,asset_id,MTG:PRE_COLLECTOR_BOOSTER_BOX:MTG-CANON-TCGPLAYER-91650,1
recommendations.csv,identifier,asset_id,MTG:PRE_COLLECTOR_BOOSTER_BOX:MTG-CANON-TCGPLAYER-94746,1
recommendations.csv,identifier,asset_id,MTG:PRE_COLLECTOR_BOOSTER_BOX:MTG-CANON-TCGPLAYER-96137,1
recommendations.csv,identifier,asset_id,MTG:PRE_COLLECTOR_BOOSTER_BOX:MTG-CANON-TCGPLAYER-95052,1
recommendations.csv,identifier,asset_id,MTG:PRE_COLLECTOR_BOOSTER_BOX:MTG-CANON-TCGPLAYER-96147,1
recommendations.csv,identifier,asset_id,MTG:PRE_COLLECTOR_BOOSTER_BOX:MTG-CANON-TCGPLAYER-102715,1
recommendations.csv,identifier,asset_id,MTG:PRE_COLLECTOR_BOOSTER_BOX:MTG-CANON-TCGPLAYER-110418,1
recommendations.csv,identifier,asset_id,MTG:PRE_COLLECTOR_BOOSTER_BOX:MTG-CANON-TCGPLAYER-114832,1
recommendations.csv,identifier,asset_id,MTG:PRE_COLLECTOR_BOOSTER_BOX:MTG-CANON-TCGPLAYER-118393,1
recommendations.csv,identifier,asset_id,MTG:PRE_COLLECTOR_BOOSTER_BOX:MTG-CANON-TCGPLAYER-120965,1
recommendations.csv,identifier,asset_id,MTG:PRE_COLLECTOR_BOOSTER_BOX:MTG-CANON-TCGPLAYER-112706,1
recommendations.csv,identifier,asset_id,MTG:PRE_COLLECTOR_BOOSTER_BOX:MTG-CANON-TCGPLAYER-121527,1
recommendations.csv,identifier,asset_id,MTG:PRE_COLLECTOR_BOOSTER_BOX:MTG-CANON-TCGPLAYER-125794,1
recommendations.csv,identifier,asset_id,MTG:PRE_COLLECTOR_BOOSTER_BOX:MTG-CANON-TCGPLAYER-127069,1
recommendations.csv,identifier,asset_id,MTG:PRE_COLLECTOR_BOOSTER_BOX:MTG-CANON-TCGPLAYER-127174,1
recommendations.csv,identifier,asset_id,MTG:PRE_COLLECTOR_BOOSTER_BOX:MTG-CANON-TCGPLAYER-131456,1
recommendations.csv,identifier,asset_id,MTG:PRE_COLLECTOR_BOOSTER_BOX:MTG-CANON-TCGPLAYER-141989,1
recommendations.csv,identifier,asset_id,MTG:PRE_COLLECTOR_BOOSTER_BOX:MTG-CANON-TCGPLAYER-145235,1
recommendations.csv,identifier,asset_id,MTG:PRE_COLLECTOR_BOOSTER_BOX:MTG-CANON-TCGPLAYER-149402,1
recommendations.csv,identifier,asset_id,MTG:PRE_COLLECTOR_BOOSTER_BOX:MTG-CANON-TCGPLAYER-149404,1
recommendations.csv,identifier,asset_id,MTG:PRE_COLLECTOR_BOOSTER_BOX:MTG-CANON-TCGPLAYER-157857,1
recommendations.csv,identifier,asset_id,MTG:PRE_COLLECTOR_BOOSTER_BOX:MTG-CANON-TCGPLAYER-158423,1
recommendations.csv,identifier,asset_id,MTG:PRE_COLLECTOR_BOOSTER_BOX:MTG-CANON-TCGPLAYER-166536,1
recommendations.csv,identifier,asset_id,MTG:PRE_COLLECTOR_BOOSTER_BOX:MTG-CANON-TCGPLAYER-166550,1
recommendations.csv,identifier,asset_id,MTG:PRE_COLLECTOR_BOOSTER_BOX:MTG-CANON-TCGPLAYER-173362,1
recommendations.csv,identifier,asset_id,MTG:PRE_COLLECTOR_BOOSTER_BOX:MTG-CANON-TCGPLAYER-179444,1
recommendations.csv,identifier,asset_id,MTG:PRE_COLLECTOR_BOOSTER_BOX:MTG-CANON-TCGPLAYER-180734,1
recommendations.csv,identifier,asset_id,MTG:PRE_COLLECTOR_BOOSTER_BOX:MTG-CANON-TCGPLAYER-185676,1
recommendations.csv,identifier,asset_id,MTG:PRE_COLLECTOR_BOOSTER_BOX:MTG-CANON-TCGPLAYER-185894,1
recommendations.csv,identifier,asset_id,MTG:PRE_COLLECTOR_BOOSTER_BOX:MTG-CANON-TCGPLAYER-188210,1
recommendations.csv,eligibility,recommendation_eligible,NO,1076
recommendations.csv,eligibility,recommendation_eligible,YES,65
risk_metrics.csv,identifier,asset_id,MTG:SECRET_LAIR:SL-00DFD5FAF7A6FF,1
risk_metrics.csv,identifier,asset_id,MTG:SECRET_LAIR:SL-014CB03DE34288,1
risk_metrics.csv,identifier,asset_id,MTG:SECRET_LAIR:SL-0170AA960296CD,1
risk_metrics.csv,identifier,asset_id,MTG:SECRET_LAIR:SL-01A33A04CE8DA9,1
risk_metrics.csv,identifier,asset_id,MTG:SECRET_LAIR:SL-01DC7B8F9D05F8,1
risk_metrics.csv,identifier,asset_id,MTG:SECRET_LAIR:SL-01E98F93055799,1
risk_metrics.csv,identifier,asset_id,MTG:SECRET_LAIR:SL-01F4014DB0F8CA,1
risk_metrics.csv,identifier,asset_id,MTG:SECRET_LAIR:SL-02041401623B89,1
risk_metrics.csv,identifier,asset_id,MTG:SECRET_LAIR:SL-021B2153DBD979,1
risk_metrics.csv,identifier,asset_id,MTG:SECRET_LAIR:SL-02BF1E90F565BA,1
risk_metrics.csv,identifier,asset_id,MTG:SECRET_LAIR:SL-030C40B079BE71,1
risk_metrics.csv,identifier,asset_id,MTG:SECRET_LAIR:SL-031591793B58D2,1
risk_metrics.csv,identifier,asset_id,MTG:SECRET_LAIR:SL-035B905324063A,1
risk_metrics.csv,identifier,asset_id,MTG:SECRET_LAIR:SL-038D960C141CC9,1
risk_metrics.csv,identifier,asset_id,MTG:SECRET_LAIR:SL-0430987FB34846,1
risk_metrics.csv,identifier,asset_id,MTG:SECRET_LAIR:SL-0464E462AF6315,1
risk_metrics.csv,identifier,asset_id,MTG:SECRET_LAIR:SL-04F997D8C52528,1
risk_metrics.csv,identifier,asset_id,MTG:SECRET_LAIR:SL-0559BC4D37DF0B,1
risk_metrics.csv,identifier,asset_id,MTG:SECRET_LAIR:SL-061D727564DFFE,1
risk_metrics.csv,identifier,asset_id,MTG:SECRET_LAIR:SL-064D2E49795666,1
risk_metrics.csv,identifier,asset_id,MTG:SECRET_LAIR:SL-0695851252F6DF,1
risk_metrics.csv,identifier,asset_id,MTG:SECRET_LAIR:SL-06CAAF43297C92,1
risk_metrics.csv,identifier,asset_id,MTG:SECRET_LAIR:SL-074AA34DCCD62C,1
risk_metrics.csv,identifier,asset_id,MTG:SECRET_LAIR:SL-07E8B624A8C7D4,1
risk_metrics.csv,identifier,asset_id,MTG:SECRET_LAIR:SL-083956F35FB3E4,1
risk_metrics.csv,identifier,asset_id,MTG:SECRET_LAIR:SL-091253B94BB947,1
risk_metrics.csv,identifier,asset_id,MTG:SECRET_LAIR:SL-09332718CFEA52,1
risk_metrics.csv,identifier,asset_id,MTG:SECRET_LAIR:SL-0957EA8624A898,1
risk_metrics.csv,identifier,asset_id,MTG:SECRET_LAIR:SL-095A861D9875C3,1
risk_metrics.csv,identifier,asset_id,MTG:SECRET_LAIR:SL-09F80672292CE8,1
risk_metrics.csv,identifier,asset_id,MTG:SECRET_LAIR:SL-0A174DAC0F9024,1
risk_metrics.csv,identifier,asset_id,MTG:SECRET_LAIR:SL-0A1AF554F409DF,1
risk_metrics.csv,identifier,asset_id,MTG:SECRET_LAIR:SL-0AA8438AAB4240,1
risk_metrics.csv,identifier,asset_id,MTG:SECRET_LAIR:SL-0B3132C3EEAD64,1
risk_metrics.csv,identifier,asset_id,MTG:SECRET_LAIR:SL-0B75BFD8A38901,1
risk_metrics.csv,identifier,asset_id,MTG:SECRET_LAIR:SL-0C1E7816FD9FE9,1
risk_metrics.csv,identifier,asset_id,MTG:SECRET_LAIR:SL-0C4B6E83C3E214,1
risk_metrics.csv,identifier,asset_id,MTG:SECRET_LAIR:SL-0CEABF59829053,1
risk_metrics.csv,identifier,asset_id,MTG:SECRET_LAIR:SL-0CED568CA776CD,1
risk_metrics.csv,identifier,asset_id,MTG:SECRET_LAIR:SL-0CF3E7A9C296C3,1
risk_metrics.csv,identifier,asset_id,MTG:SECRET_LAIR:SL-0CFD9C26617BF8,1
risk_metrics.csv,identifier,asset_id,MTG:SECRET_LAIR:SL-0D7734D027859B,1
risk_metrics.csv,identifier,asset_id,MTG:SECRET_LAIR:SL-0D989A557A9D90,1
risk_metrics.csv,identifier,asset_id,MTG:SECRET_LAIR:SL-0E13518CC2D50B,1
risk_metrics.csv,identifier,asset_id,MTG:SECRET_LAIR:SL-0E630241169A8E,1
risk_metrics.csv,identifier,asset_id,MTG:SECRET_LAIR:SL-0E772D4E9A9FA4,1
risk_metrics.csv,identifier,asset_id,MTG:SECRET_LAIR:SL-0EA9F010F7F403,1
risk_metrics.csv,identifier,asset_id,MTG:SECRET_LAIR:SL-0ED724E9E0E76F,1
risk_metrics.csv,identifier,asset_id,MTG:SECRET_LAIR:SL-0EF6F56C669DFA,1
risk_metrics.csv,identifier,asset_id,MTG:SECRET_LAIR:SL-0F1DBD84485B3E,1
risk_metrics.csv,identifier,asset_id,MTG:SECRET_LAIR:SL-0F86D31256941D,1
risk_metrics.csv,identifier,asset_id,MTG:SECRET_LAIR:SL-0F8CABC723BB6B,1
risk_metrics.csv,identifier,asset_id,MTG:SECRET_LAIR:SL-0FD5F6D742E1F1,1
risk_metrics.csv,identifier,asset_id,MTG:SECRET_LAIR:SL-1051ECFDCBF5AF,1
risk_metrics.csv,identifier,asset_id,MTG:SECRET_LAIR:SL-10654C31034738,1
risk_metrics.csv,identifier,asset_id,MTG:SECRET_LAIR:SL-10F7835581923D,1
risk_metrics.csv,identifier,asset_id,MTG:SECRET_LAIR:SL-115EC34A20CEBD,1
risk_metrics.csv,identifier,asset_id,MTG:SECRET_LAIR:SL-118CC96FD450B8,1
risk_metrics.csv,identifier,asset_id,MTG:SECRET_LAIR:SL-120AAF80ADF7D7,1
risk_metrics.csv,identifier,asset_id,MTG:SECRET_LAIR:SL-122DA15C9E14A2,1
risk_metrics.csv,identifier,asset_id,MTG:SECRET_LAIR:SL-126AA07A5786BF,1
risk_metrics.csv,identifier,asset_id,MTG:SECRET_LAIR:SL-12A0108619FC9B,1
risk_metrics.csv,identifier,asset_id,MTG:SECRET_LAIR:SL-12C2591B92C35D,1
risk_metrics.csv,identifier,asset_id,MTG:SECRET_LAIR:SL-1300E73CDDA9B5,1
risk_metrics.csv,identifier,asset_id,MTG:SECRET_LAIR:SL-1304148BB94881,1
risk_metrics.csv,identifier,asset_id,MTG:SECRET_LAIR:SL-137214427FCCAA,1
risk_metrics.csv,identifier,asset_id,MTG:SECRET_LAIR:SL-13874C5D848C73,1
risk_metrics.csv,identifier,asset_id,MTG:SECRET_LAIR:SL-13A381A40449C9,1
risk_metrics.csv,identifier,asset_id,MTG:SECRET_LAIR:SL-13FAC3EF59E6AC,1
risk_metrics.csv,identifier,asset_id,MTG:SECRET_LAIR:SL-14069B556F0234,1
risk_metrics.csv,identifier,asset_id,MTG:SECRET_LAIR:SL-140EB9D3B38175,1
risk_metrics.csv,identifier,asset_id,MTG:SECRET_LAIR:SL-142966DB35DC8F,1
risk_metrics.csv,identifier,asset_id,MTG:SECRET_LAIR:SL-145E2D7DAB1056,1
risk_metrics.csv,identifier,asset_id,MTG:SECRET_LAIR:SL-14CB93A38C37A0,1
risk_metrics.csv,identifier,asset_id,MTG:SECRET_LAIR:SL-15ADFCF5094915,1
risk_metrics.csv,identifier,asset_id,MTG:SECRET_LAIR:SL-15F0BDC0F7B590,1
risk_metrics.csv,identifier,asset_id,MTG:SECRET_LAIR:SL-167399D6CD6288,1
risk_metrics.csv,identifier,asset_id,MTG:SECRET_LAIR:SL-1673F72E783176,1
risk_metrics.csv,identifier,asset_id,MTG:SECRET_LAIR:SL-1716D8997667E1,1
risk_metrics.csv,identifier,asset_id,MTG:SECRET_LAIR:SL-17405C5D45E661,1
risk_metrics.csv,identifier,asset_id,MTG:SECRET_LAIR:SL-18623F544924A7,1
risk_metrics.csv,identifier,asset_id,MTG:SECRET_LAIR:SL-189ED14E304342,1
risk_metrics.csv,identifier,asset_id,MTG:SECRET_LAIR:SL-18DF50D0713A3D,1
risk_metrics.csv,identifier,asset_id,MTG:SECRET_LAIR:SL-19307234228696,1
risk_metrics.csv,identifier,asset_id,MTG:SECRET_LAIR:SL-197CCEBB8BF2AC,1
risk_metrics.csv,identifier,asset_id,MTG:SECRET_LAIR:SL-197EC2ADF7628E,1
risk_metrics.csv,identifier,asset_id,MTG:SECRET_LAIR:SL-197F90EACBF23A,1
risk_metrics.csv,identifier,asset_id,MTG:SECRET_LAIR:SL-19B445CB21B8AA,1
risk_metrics.csv,identifier,asset_id,MTG:SECRET_LAIR:SL-1AC45BAFCC79A8,1
risk_metrics.csv,identifier,asset_id,MTG:SECRET_LAIR:SL-1B0779915A22B6,1
risk_metrics.csv,identifier,asset_id,MTG:SECRET_LAIR:SL-1B4F52C53867DC,1
risk_metrics.csv,identifier,asset_id,MTG:SECRET_LAIR:SL-1B5B0C7B7DFD8A,1
risk_metrics.csv,identifier,asset_id,MTG:SECRET_LAIR:SL-1C45E7F91C62E4,1
risk_metrics.csv,identifier,asset_id,MTG:SECRET_LAIR:SL-1CBB2CDA24A606,1
risk_metrics.csv,identifier,asset_id,MTG:SECRET_LAIR:SL-1D01680A770718,1
risk_metrics.csv,identifier,asset_id,MTG:SECRET_LAIR:SL-1D242838322B00,1
risk_metrics.csv,identifier,asset_id,MTG:SECRET_LAIR:SL-1D9FB450470C75,1
risk_metrics.csv,identifier,asset_id,MTG:SECRET_LAIR:SL-1DA21B27711D91,1
risk_metrics.csv,identifier,asset_id,MTG:SECRET_LAIR:SL-1DE33F0229DA09,1
risk_metrics.csv,identifier,asset_id,MTG:SECRET_LAIR:SL-1E11913E760B30,1
risk_metrics.csv,identifier,asset_id,MTG:SECRET_LAIR:SL-1F7D163D1ACEFB,1
risk_metrics.csv,identifier,asset_id,MTG:SECRET_LAIR:SL-1F9921A151E628,1
risk_metrics.csv,identifier,asset_id,MTG:SECRET_LAIR:SL-2007070E059EDF,1
risk_metrics.csv,identifier,asset_id,MTG:SECRET_LAIR:SL-204D6B03D36FE2,1
risk_metrics.csv,identifier,asset_id,MTG:SECRET_LAIR:SL-207EFFFEEB79A0,1
risk_metrics.csv,identifier,asset_id,MTG:SECRET_LAIR:SL-2098A235696D4F,1
risk_metrics.csv,identifier,asset_id,MTG:SECRET_LAIR:SL-20A675073DCB5D,1
risk_metrics.csv,identifier,asset_id,MTG:SECRET_LAIR:SL-20D499A470B8A5,1
risk_metrics.csv,identifier,asset_id,MTG:SECRET_LAIR:SL-20E2C89BAB6915,1
risk_metrics.csv,identifier,asset_id,MTG:SECRET_LAIR:SL-20EA4A771B3569,1
risk_metrics.csv,identifier,asset_id,MTG:SECRET_LAIR:SL-213339E791C59A,1
risk_metrics.csv,identifier,asset_id,MTG:SECRET_LAIR:SL-214ED723D3A771,1
risk_metrics.csv,identifier,asset_id,MTG:SECRET_LAIR:SL-21979E71D302E5,1
risk_metrics.csv,identifier,asset_id,MTG:SECRET_LAIR:SL-219DB149BBB690,1
risk_metrics.csv,identifier,asset_id,MTG:SECRET_LAIR:SL-22454153307BC0,1
risk_metrics.csv,identifier,asset_id,MTG:SECRET_LAIR:SL-226F557D91DE6E,1
risk_metrics.csv,identifier,asset_id,MTG:SECRET_LAIR:SL-22B841990DAC1F,1
risk_metrics.csv,identifier,asset_id,MTG:SECRET_LAIR:SL-22CD7E1A6B7A30,1
risk_metrics.csv,identifier,asset_id,MTG:SECRET_LAIR:SL-22E3600468CA16,1
risk_metrics.csv,identifier,asset_id,MTG:SECRET_LAIR:SL-2347A35CDE0CCA,1
risk_metrics.csv,identifier,asset_id,MTG:SECRET_LAIR:SL-23598BE2582FF4,1
risk_metrics.csv,identifier,asset_id,MTG:SECRET_LAIR:SL-239D6859BD1D9C,1
risk_metrics.csv,identifier,asset_id,MTG:SECRET_LAIR:SL-23E541A279A532,1
risk_metrics.csv,identifier,asset_id,MTG:SECRET_LAIR:SL-23F2295DED1E9C,1
risk_metrics.csv,identifier,asset_id,MTG:SECRET_LAIR:SL-23FA662D95286E,1
risk_metrics.csv,identifier,asset_id,MTG:SECRET_LAIR:SL-24526707F6CB2D,1
risk_metrics.csv,identifier,asset_id,MTG:SECRET_LAIR:SL-24D60CEE50EB04,1
risk_metrics.csv,identifier,asset_id,MTG:SECRET_LAIR:SL-255A0A2F4FEB20,1
risk_metrics.csv,identifier,asset_id,MTG:SECRET_LAIR:SL-2569BCFE16FD2C,1
risk_metrics.csv,identifier,asset_id,MTG:SECRET_LAIR:SL-256B2682940475,1
risk_metrics.csv,identifier,asset_id,MTG:SECRET_LAIR:SL-25FFECED0CE8DE,1
risk_metrics.csv,identifier,asset_id,MTG:SECRET_LAIR:SL-26B06B683BCA6B,1
risk_metrics.csv,identifier,asset_id,MTG:SECRET_LAIR:SL-26CE439D88A06A,1
risk_metrics.csv,identifier,asset_id,MTG:SECRET_LAIR:SL-26D338135420FD,1
risk_metrics.csv,identifier,asset_id,MTG:SECRET_LAIR:SL-26D60205AA523A,1
risk_metrics.csv,identifier,asset_id,MTG:SECRET_LAIR:SL-272CED28AF6023,1
risk_metrics.csv,identifier,asset_id,MTG:SECRET_LAIR:SL-2786878C1D8F2A,1
risk_metrics.csv,identifier,asset_id,MTG:SECRET_LAIR:SL-278D493DAEF98B,1
risk_metrics.csv,identifier,asset_id,MTG:SECRET_LAIR:SL-27BCF6F90AE7CD,1
risk_metrics.csv,identifier,asset_id,MTG:SECRET_LAIR:SL-27F25ED44B60AC,1
risk_metrics.csv,identifier,asset_id,MTG:SECRET_LAIR:SL-27F53952DEB63B,1
risk_metrics.csv,identifier,asset_id,MTG:SECRET_LAIR:SL-2825A1B58F0B24,1
risk_metrics.csv,identifier,asset_id,MTG:SECRET_LAIR:SL-284D5484C99F48,1
risk_metrics.csv,identifier,asset_id,MTG:SECRET_LAIR:SL-28E7EF25549A0F,1
risk_metrics.csv,identifier,asset_id,MTG:SECRET_LAIR:SL-290BC5AB169700,1
risk_metrics.csv,identifier,asset_id,MTG:SECRET_LAIR:SL-299EFC297156F1,1
risk_metrics.csv,identifier,asset_id,MTG:SECRET_LAIR:SL-2A0B13F359B600,1
risk_metrics.csv,identifier,asset_id,MTG:SECRET_LAIR:SL-2A2F4D4D905F89,1
risk_metrics.csv,identifier,asset_id,MTG:SECRET_LAIR:SL-2AA846FD9ACD02,1
risk_metrics.csv,identifier,asset_id,MTG:SECRET_LAIR:SL-2AC9C47B84FA46,1
risk_metrics.csv,identifier,asset_id,MTG:SECRET_LAIR:SL-2ADC84D7922A98,1
risk_metrics.csv,identifier,asset_id,MTG:SECRET_LAIR:SL-2AF8009F200134,1
risk_metrics.csv,identifier,asset_id,MTG:SECRET_LAIR:SL-2B046AC7FBA460,1
risk_metrics.csv,identifier,asset_id,MTG:SECRET_LAIR:SL-2B40642CD07C6B,1
risk_metrics.csv,identifier,asset_id,MTG:SECRET_LAIR:SL-2B55545460A82C,1
risk_metrics.csv,identifier,asset_id,MTG:SECRET_LAIR:SL-2B817FBC9624E5,1
risk_metrics.csv,identifier,asset_id,MTG:SECRET_LAIR:SL-2B9EE853724B6D,1
risk_metrics.csv,identifier,asset_id,MTG:SECRET_LAIR:SL-2BC80C4864DCB3,1
risk_metrics.csv,identifier,asset_id,MTG:SECRET_LAIR:SL-2C8BD576A51D61,1
risk_metrics.csv,identifier,asset_id,MTG:SECRET_LAIR:SL-2CC41EDDF7EBA1,1
risk_metrics.csv,identifier,asset_id,MTG:SECRET_LAIR:SL-2CFDA3F4C0066D,1
risk_metrics.csv,identifier,asset_id,MTG:SECRET_LAIR:SL-2D3CABC651E40A,1
risk_metrics.csv,identifier,asset_id,MTG:SECRET_LAIR:SL-2D3F3FFB5E9435,1
risk_metrics.csv,identifier,asset_id,MTG:SECRET_LAIR:SL-2D5B5D6DB161EE,1
risk_metrics.csv,identifier,asset_id,MTG:SECRET_LAIR:SL-2E5D3F1C55B40E,1
risk_metrics.csv,identifier,asset_id,MTG:SECRET_LAIR:SL-2E6BF27043E9BB,1
risk_metrics.csv,identifier,asset_id,MTG:SECRET_LAIR:SL-2F0C6070A19154,1
risk_metrics.csv,identifier,asset_id,MTG:SECRET_LAIR:SL-2F498E0B93A360,1
risk_metrics.csv,identifier,asset_id,MTG:SECRET_LAIR:SL-2F5BFD58A416E7,1
risk_metrics.csv,identifier,asset_id,MTG:SECRET_LAIR:SL-2FCD076205C4F4,1
risk_metrics.csv,identifier,asset_id,MTG:SECRET_LAIR:SL-2FE515EC6D482C,1
risk_metrics.csv,identifier,asset_id,MTG:SECRET_LAIR:SL-301D3C32669404,1
risk_metrics.csv,identifier,asset_id,MTG:SECRET_LAIR:SL-30B353B1E2F40A,1
risk_metrics.csv,identifier,asset_id,MTG:SECRET_LAIR:SL-30C88E4C2B3278,1
risk_metrics.csv,identifier,asset_id,MTG:SECRET_LAIR:SL-30DF537FBDFC90,1
risk_metrics.csv,identifier,asset_id,MTG:SECRET_LAIR:SL-3104ED52ED0029,1
risk_metrics.csv,identifier,asset_id,MTG:SECRET_LAIR:SL-31ABCEB49A1123,1
risk_metrics.csv,identifier,asset_id,MTG:SECRET_LAIR:SL-31EB584CE2759D,1
risk_metrics.csv,identifier,asset_id,MTG:SECRET_LAIR:SL-31EB85A6AF4F60,1
risk_metrics.csv,identifier,asset_id,MTG:SECRET_LAIR:SL-32E9767E0B3D5C,1
risk_metrics.csv,identifier,asset_id,MTG:SECRET_LAIR:SL-33DE5E031EFD3B,1
risk_metrics.csv,identifier,asset_id,MTG:SECRET_LAIR:SL-33FFFBC2DAC5E2,1
risk_metrics.csv,identifier,asset_id,MTG:SECRET_LAIR:SL-34194E4F054A23,1
risk_metrics.csv,identifier,asset_id,MTG:SECRET_LAIR:SL-34352A7A87C72D,1
risk_metrics.csv,identifier,asset_id,MTG:SECRET_LAIR:SL-347373B1ADC604,1
risk_metrics.csv,identifier,asset_id,MTG:SECRET_LAIR:SL-35D49FF298AC45,1
risk_metrics.csv,identifier,asset_id,MTG:SECRET_LAIR:SL-36280CB83AC2AF,1
risk_metrics.csv,identifier,asset_id,MTG:SECRET_LAIR:SL-364F90FA6A1775,1
risk_metrics.csv,identifier,asset_id,MTG:SECRET_LAIR:SL-366202692BF768,1
risk_metrics.csv,identifier,asset_id,MTG:SECRET_LAIR:SL-3695BA5801481E,1
risk_metrics.csv,identifier,asset_id,MTG:SECRET_LAIR:SL-369FF863EC799B,1
risk_metrics.csv,identifier,asset_id,MTG:SECRET_LAIR:SL-3734ADEE0BD3D9,1
risk_metrics.csv,identifier,asset_id,MTG:SECRET_LAIR:SL-373CCE73104F13,1
risk_metrics.csv,identifier,asset_id,MTG:SECRET_LAIR:SL-37C6B768973D2F,1
risk_metrics.csv,identifier,asset_id,MTG:SECRET_LAIR:SL-37F143176116F8,1
risk_metrics.csv,identifier,asset_id,MTG:SECRET_LAIR:SL-37F8EC322DC4FF,1
risk_metrics.csv,identifier,asset_id,MTG:SECRET_LAIR:SL-383A5390F8CB76,1
risk_metrics.csv,identifier,asset_id,MTG:SECRET_LAIR:SL-384FB17537F64E,1
risk_metrics.csv,identifier,asset_id,MTG:SECRET_LAIR:SL-3852DBF0BE0E0F,1
risk_metrics.csv,identifier,asset_id,MTG:SECRET_LAIR:SL-38870530CF4440,1
risk_metrics.csv,identifier,asset_id,MTG:SECRET_LAIR:SL-38D62E44CA4044,1
risk_metrics.csv,identifier,asset_id,MTG:SECRET_LAIR:SL-391ADFABB49A8E,1
risk_metrics.csv,identifier,asset_id,MTG:SECRET_LAIR:SL-397AD1D0B568A3,1
risk_metrics.csv,identifier,asset_id,MTG:SECRET_LAIR:SL-39B978CCE71007,1
risk_metrics.csv,identifier,asset_id,MTG:SECRET_LAIR:SL-39CDF02CD749A1,1
risk_metrics.csv,identifier,asset_id,MTG:SECRET_LAIR:SL-39F25CFE2C5A26,1
risk_metrics.csv,identifier,asset_id,MTG:SECRET_LAIR:SL-3A02BD35AC0C02,1
risk_metrics.csv,identifier,asset_id,MTG:SECRET_LAIR:SL-3A798704DD8BBD,1
risk_metrics.csv,identifier,asset_id,MTG:SECRET_LAIR:SL-3A8C34AA302232,1
risk_metrics.csv,identifier,asset_id,MTG:SECRET_LAIR:SL-3ABE230D547642,1
risk_metrics.csv,identifier,asset_id,MTG:SECRET_LAIR:SL-3AD38730FCEF33,1
risk_metrics.csv,identifier,asset_id,MTG:SECRET_LAIR:SL-3AE8E2E6E8B3B6,1
risk_metrics.csv,identifier,asset_id,MTG:SECRET_LAIR:SL-3AED22057A4FFB,1
risk_metrics.csv,identifier,asset_id,MTG:SECRET_LAIR:SL-3B1C73233CF74E,1
risk_metrics.csv,identifier,asset_id,MTG:SECRET_LAIR:SL-3BCA01B6A36AD0,1
risk_metrics.csv,identifier,asset_id,MTG:SECRET_LAIR:SL-3BF23A821ADB00,1
risk_metrics.csv,identifier,asset_id,MTG:SECRET_LAIR:SL-3BF37BD3ACB158,1
risk_metrics.csv,identifier,asset_id,MTG:SECRET_LAIR:SL-3BF8B1EFC3D63E,1
risk_metrics.csv,identifier,asset_id,MTG:SECRET_LAIR:SL-3C65FD2BF954A2,1
risk_metrics.csv,identifier,asset_id,MTG:SECRET_LAIR:SL-3C8F74D9F8C33A,1
risk_metrics.csv,identifier,asset_id,MTG:SECRET_LAIR:SL-3C90B58C213EC3,1
risk_metrics.csv,identifier,asset_id,MTG:SECRET_LAIR:SL-3CA7E30CC977F0,1
risk_metrics.csv,identifier,asset_id,MTG:SECRET_LAIR:SL-3CE747424ABD9D,1
risk_metrics.csv,identifier,asset_id,MTG:SECRET_LAIR:SL-3D0052CFE56421,1
risk_metrics.csv,identifier,asset_id,MTG:SECRET_LAIR:SL-3D01D7D0EAE8CA,1
risk_metrics.csv,identifier,asset_id,MTG:SECRET_LAIR:SL-3D16987F5EDCDC,1
risk_metrics.csv,identifier,asset_id,MTG:SECRET_LAIR:SL-3D43E1264ED817,1
risk_metrics.csv,identifier,asset_id,MTG:SECRET_LAIR:SL-3D4434A1970156,1
risk_metrics.csv,identifier,asset_id,MTG:SECRET_LAIR:SL-3D4D8B9063C0F4,1
risk_metrics.csv,identifier,asset_id,MTG:SECRET_LAIR:SL-3D98DA707A8A83,1
risk_metrics.csv,identifier,asset_id,MTG:SECRET_LAIR:SL-3EEFF77D627261,1
risk_metrics.csv,identifier,asset_id,MTG:SECRET_LAIR:SL-3EF9855B3720AF,1
risk_metrics.csv,identifier,asset_id,MTG:SECRET_LAIR:SL-3F0275C619056A,1
risk_metrics.csv,identifier,asset_id,MTG:SECRET_LAIR:SL-3F1F1DB9343414,1
risk_metrics.csv,identifier,asset_id,MTG:SECRET_LAIR:SL-3F2B421DD9669F,1
risk_metrics.csv,identifier,asset_id,MTG:SECRET_LAIR:SL-3F3C86FF9BD9C8,1
risk_metrics.csv,identifier,asset_id,MTG:SECRET_LAIR:SL-3F745D24C8D183,1
risk_metrics.csv,identifier,asset_id,MTG:SECRET_LAIR:SL-4018B4444438E9,1
risk_metrics.csv,identifier,asset_id,MTG:SECRET_LAIR:SL-401C61727EE263,1
risk_metrics.csv,identifier,asset_id,MTG:SECRET_LAIR:SL-40670F87176D8C,1
risk_metrics.csv,identifier,asset_id,MTG:SECRET_LAIR:SL-40B6F9DD3A4665,1
risk_metrics.csv,identifier,asset_id,MTG:SECRET_LAIR:SL-412C261AA45A1B,1
risk_metrics.csv,identifier,asset_id,MTG:SECRET_LAIR:SL-415E40E57B3DAB,1
risk_metrics.csv,identifier,asset_id,MTG:SECRET_LAIR:SL-41A8311FB84FA5,1
risk_metrics.csv,identifier,asset_id,MTG:SECRET_LAIR:SL-41DAD3A3B372D8,1
risk_metrics.csv,identifier,asset_id,MTG:SECRET_LAIR:SL-42559D1C728178,1
risk_metrics.csv,identifier,asset_id,MTG:SECRET_LAIR:SL-4262135C124315,1
risk_metrics.csv,identifier,asset_id,MTG:SECRET_LAIR:SL-42D8B704EA16D9,1
risk_metrics.csv,identifier,asset_id,MTG:SECRET_LAIR:SL-43286263D6D2C4,1
risk_metrics.csv,identifier,asset_id,MTG:SECRET_LAIR:SL-43659890F8CF5B,1
risk_metrics.csv,identifier,asset_id,MTG:SECRET_LAIR:SL-43DBFB9B561C4B,1
risk_metrics.csv,identifier,asset_id,MTG:SECRET_LAIR:SL-4445D560A16695,1
risk_metrics.csv,identifier,asset_id,MTG:SECRET_LAIR:SL-44C1A8804ED001,1
risk_metrics.csv,identifier,asset_id,MTG:SECRET_LAIR:SL-452614AF0A815A,1
risk_metrics.csv,identifier,asset_id,MTG:SECRET_LAIR:SL-4538C3C87DD66E,1
risk_metrics.csv,identifier,asset_id,MTG:SECRET_LAIR:SL-45AC0450672011,1
risk_metrics.csv,identifier,asset_id,MTG:SECRET_LAIR:SL-45AD439AB34854,1
risk_metrics.csv,identifier,asset_id,MTG:SECRET_LAIR:SL-4608D41552CD68,1
risk_metrics.csv,identifier,asset_id,MTG:SECRET_LAIR:SL-4735ED23F7A4FD,1
risk_metrics.csv,identifier,asset_id,MTG:SECRET_LAIR:SL-47609F826AE46F,1
risk_metrics.csv,identifier,asset_id,MTG:SECRET_LAIR:SL-47D0706F022868,1
risk_metrics.csv,identifier,asset_id,MTG:SECRET_LAIR:SL-47FD7A58931702,1
risk_metrics.csv,identifier,asset_id,MTG:SECRET_LAIR:SL-481026198BBC92,1
risk_metrics.csv,identifier,asset_id,MTG:SECRET_LAIR:SL-481C91DE34F288,1
risk_metrics.csv,identifier,asset_id,MTG:SECRET_LAIR:SL-485FDCB7A00AFE,1
risk_metrics.csv,identifier,asset_id,MTG:SECRET_LAIR:SL-48E2D44B0DB112,1
risk_metrics.csv,identifier,asset_id,MTG:SECRET_LAIR:SL-4A13D668591161,1
risk_metrics.csv,identifier,asset_id,MTG:SECRET_LAIR:SL-4AF8E5539A3A37,1
risk_metrics.csv,identifier,asset_id,MTG:SECRET_LAIR:SL-4AFB9096DD6221,1
risk_metrics.csv,identifier,asset_id,MTG:SECRET_LAIR:SL-4B22D43419542B,1
risk_metrics.csv,identifier,asset_id,MTG:SECRET_LAIR:SL-4B314F21B95F79,1
risk_metrics.csv,identifier,asset_id,MTG:SECRET_LAIR:SL-4BE57560047EB4,1
risk_metrics.csv,identifier,asset_id,MTG:SECRET_LAIR:SL-4BF63B64592660,1
risk_metrics.csv,identifier,asset_id,MTG:SECRET_LAIR:SL-4BF7FE45B6D5FA,1
risk_metrics.csv,identifier,asset_id,MTG:SECRET_LAIR:SL-4C044399719CB3,1
risk_metrics.csv,identifier,asset_id,MTG:SECRET_LAIR:SL-4C3509AD7E230B,1
risk_metrics.csv,identifier,asset_id,MTG:SECRET_LAIR:SL-4C4FCD42C6E4CB,1
risk_metrics.csv,identifier,asset_id,MTG:SECRET_LAIR:SL-4C6A3C65A74465,1
risk_metrics.csv,identifier,asset_id,MTG:SECRET_LAIR:SL-4D59CDC526B4A4,1
risk_metrics.csv,identifier,asset_id,MTG:SECRET_LAIR:SL-4D89F0ED51988D,1
risk_metrics.csv,identifier,asset_id,MTG:SECRET_LAIR:SL-4E0F9462AECE34,1
risk_metrics.csv,identifier,asset_id,MTG:SECRET_LAIR:SL-4E3DD31A8F10CD,1
risk_metrics.csv,identifier,asset_id,MTG:SECRET_LAIR:SL-4E446C326A35E0,1
risk_metrics.csv,identifier,asset_id,MTG:SECRET_LAIR:SL-4E4666C9C585DF,1
risk_metrics.csv,identifier,asset_id,MTG:SECRET_LAIR:SL-4F949907592453,1
risk_metrics.csv,identifier,asset_id,MTG:SECRET_LAIR:SL-500F5F97CE9D3D,1
risk_metrics.csv,identifier,asset_id,MTG:SECRET_LAIR:SL-5023185002A2AA,1
risk_metrics.csv,identifier,asset_id,MTG:SECRET_LAIR:SL-5068960BC36908,1
risk_metrics.csv,identifier,asset_id,MTG:SECRET_LAIR:SL-50C145DADB01EC,1
risk_metrics.csv,identifier,asset_id,MTG:SECRET_LAIR:SL-50E644B80B9CC1,1
risk_metrics.csv,identifier,asset_id,MTG:SECRET_LAIR:SL-50FC4B0DB8BFBC,1
risk_metrics.csv,identifier,asset_id,MTG:SECRET_LAIR:SL-514B5766ECCE6E,1
risk_metrics.csv,identifier,asset_id,MTG:SECRET_LAIR:SL-514C1D6728B156,1
risk_metrics.csv,identifier,asset_id,MTG:SECRET_LAIR:SL-51976658E5C23C,1
risk_metrics.csv,identifier,asset_id,MTG:SECRET_LAIR:SL-51F0E5266661E3,1
risk_metrics.csv,identifier,asset_id,MTG:SECRET_LAIR:SL-51F6FE2831BC59,1
risk_metrics.csv,identifier,asset_id,MTG:SECRET_LAIR:SL-52287049EB9C78,1
risk_metrics.csv,identifier,asset_id,MTG:SECRET_LAIR:SL-5255E36FDEE99C,1
risk_metrics.csv,identifier,asset_id,MTG:SECRET_LAIR:SL-52AD75C0AF1006,1
risk_metrics.csv,identifier,asset_id,MTG:SECRET_LAIR:SL-52D6DADA65F954,1
risk_metrics.csv,identifier,asset_id,MTG:SECRET_LAIR:SL-52F611E7CD122A,1
risk_metrics.csv,identifier,asset_id,MTG:SECRET_LAIR:SL-5372DCEAF5B496,1
risk_metrics.csv,identifier,asset_id,MTG:SECRET_LAIR:SL-5375C51D0AF757,1
risk_metrics.csv,identifier,asset_id,MTG:SECRET_LAIR:SL-537F7A73B4E5D7,1
risk_metrics.csv,identifier,asset_id,MTG:SECRET_LAIR:SL-539814AFE340EF,1
risk_metrics.csv,identifier,asset_id,MTG:SECRET_LAIR:SL-53DBCED4126506,1
risk_metrics.csv,identifier,asset_id,MTG:SECRET_LAIR:SL-53E99BA82486AE,1
risk_metrics.csv,identifier,asset_id,MTG:SECRET_LAIR:SL-53EFFF4AB66655,1
risk_metrics.csv,identifier,asset_id,MTG:SECRET_LAIR:SL-5460CC74A875D8,1
risk_metrics.csv,identifier,asset_id,MTG:SECRET_LAIR:SL-5468F7B9EAB454,1
risk_metrics.csv,identifier,asset_id,MTG:SECRET_LAIR:SL-54C9080526A1C2,1
risk_metrics.csv,identifier,asset_id,MTG:SECRET_LAIR:SL-54E30F9610306E,1
risk_metrics.csv,identifier,asset_id,MTG:SECRET_LAIR:SL-55E97B4006F89E,1
risk_metrics.csv,identifier,asset_id,MTG:SECRET_LAIR:SL-560F109DA33288,1
risk_metrics.csv,identifier,asset_id,MTG:SECRET_LAIR:SL-5623C86036522B,1
risk_metrics.csv,identifier,asset_id,MTG:SECRET_LAIR:SL-568C9C053EB3C5,1
risk_metrics.csv,identifier,asset_id,MTG:SECRET_LAIR:SL-56A06CCE61A990,1
risk_metrics.csv,identifier,asset_id,MTG:SECRET_LAIR:SL-57224CF33D1B18,1
risk_metrics.csv,identifier,asset_id,MTG:SECRET_LAIR:SL-57B769C050A1F6,1
risk_metrics.csv,identifier,asset_id,MTG:SECRET_LAIR:SL-585CACD9E76000,1
risk_metrics.csv,identifier,asset_id,MTG:SECRET_LAIR:SL-5866DDA4AFF1E6,1
risk_metrics.csv,identifier,asset_id,MTG:SECRET_LAIR:SL-5870A36D552768,1
risk_metrics.csv,identifier,asset_id,MTG:SECRET_LAIR:SL-58CA1F11EE3BE3,1
risk_metrics.csv,identifier,asset_id,MTG:SECRET_LAIR:SL-5933AE80C184BC,1
risk_metrics.csv,identifier,asset_id,MTG:SECRET_LAIR:SL-59E7F564794C20,1
risk_metrics.csv,identifier,asset_id,MTG:SECRET_LAIR:SL-5A1F788DAA7722,1
risk_metrics.csv,identifier,asset_id,MTG:SECRET_LAIR:SL-5A4A678A238B50,1
risk_metrics.csv,identifier,asset_id,MTG:SECRET_LAIR:SL-5A6AE8606BA087,1
risk_metrics.csv,identifier,asset_id,MTG:SECRET_LAIR:SL-5B3A6F59394F77,1
risk_metrics.csv,identifier,asset_id,MTG:SECRET_LAIR:SL-5B5B32122CDD63,1
risk_metrics.csv,identifier,asset_id,MTG:SECRET_LAIR:SL-5B6759715093DA,1
risk_metrics.csv,identifier,asset_id,MTG:SECRET_LAIR:SL-5C3F30C12BEBAB,1
risk_metrics.csv,identifier,asset_id,MTG:SECRET_LAIR:SL-5C5578252D2926,1
risk_metrics.csv,identifier,asset_id,MTG:SECRET_LAIR:SL-5C83F0908286AA,1
risk_metrics.csv,identifier,asset_id,MTG:SECRET_LAIR:SL-5CD1718708F7CF,1
risk_metrics.csv,identifier,asset_id,MTG:SECRET_LAIR:SL-5D627AA081FA6B,1
risk_metrics.csv,identifier,asset_id,MTG:SECRET_LAIR:SL-5DCBAF53678E9A,1
risk_metrics.csv,identifier,asset_id,MTG:SECRET_LAIR:SL-5DE687263E31C2,1
risk_metrics.csv,identifier,asset_id,MTG:SECRET_LAIR:SL-5DFBCE0AB83C38,1
risk_metrics.csv,identifier,asset_id,MTG:SECRET_LAIR:SL-5E385BCEB8C1D3,1
risk_metrics.csv,identifier,asset_id,MTG:SECRET_LAIR:SL-5E88158210994E,1
risk_metrics.csv,identifier,asset_id,MTG:SECRET_LAIR:SL-5EF93AB87CC7BC,1
risk_metrics.csv,identifier,asset_id,MTG:SECRET_LAIR:SL-5FB294356B3D9E,1
risk_metrics.csv,identifier,asset_id,MTG:SECRET_LAIR:SL-5FE7868CA1C657,1
risk_metrics.csv,identifier,asset_id,MTG:SECRET_LAIR:SL-5FF41CC2D13BA0,1
risk_metrics.csv,identifier,asset_id,MTG:SECRET_LAIR:SL-600CD704BB077D,1
risk_metrics.csv,identifier,asset_id,MTG:SECRET_LAIR:SL-60461872853DE5,1
risk_metrics.csv,identifier,asset_id,MTG:SECRET_LAIR:SL-60A40519C4C2EC,1
risk_metrics.csv,identifier,asset_id,MTG:SECRET_LAIR:SL-60B5B69D0C5853,1
risk_metrics.csv,identifier,asset_id,MTG:SECRET_LAIR:SL-60BFB1DCD1B82F,1
risk_metrics.csv,identifier,asset_id,MTG:SECRET_LAIR:SL-60FC2555A55C64,1
risk_metrics.csv,identifier,asset_id,MTG:SECRET_LAIR:SL-61289242472F60,1
risk_metrics.csv,identifier,asset_id,MTG:SECRET_LAIR:SL-61E8E5DF8B1BBE,1
risk_metrics.csv,identifier,asset_id,MTG:SECRET_LAIR:SL-61FF8037187542,1
risk_metrics.csv,identifier,asset_id,MTG:SECRET_LAIR:SL-622D7365B067D1,1
risk_metrics.csv,identifier,asset_id,MTG:SECRET_LAIR:SL-623013DF1CDC7A,1
risk_metrics.csv,identifier,asset_id,MTG:SECRET_LAIR:SL-62530032A99C72,1
risk_metrics.csv,identifier,asset_id,MTG:SECRET_LAIR:SL-6272B7E7FCCDE5,1
risk_metrics.csv,identifier,asset_id,MTG:SECRET_LAIR:SL-627854ED741646,1
risk_metrics.csv,identifier,asset_id,MTG:SECRET_LAIR:SL-62924E622370DA,1
risk_metrics.csv,identifier,asset_id,MTG:SECRET_LAIR:SL-62BFC9811DD915,1
risk_metrics.csv,identifier,asset_id,MTG:SECRET_LAIR:SL-62C80AB34D9CC5,1
risk_metrics.csv,identifier,asset_id,MTG:SECRET_LAIR:SL-63246582180433,1
risk_metrics.csv,identifier,asset_id,MTG:SECRET_LAIR:SL-63F3882ECD7C27,1
risk_metrics.csv,identifier,asset_id,MTG:SECRET_LAIR:SL-641F10B993511F,1
risk_metrics.csv,identifier,asset_id,MTG:SECRET_LAIR:SL-64570B00C96787,1
risk_metrics.csv,identifier,asset_id,MTG:SECRET_LAIR:SL-649995DEB9E53B,1
risk_metrics.csv,identifier,asset_id,MTG:SECRET_LAIR:SL-64DF5C443D393A,1
risk_metrics.csv,identifier,asset_id,MTG:SECRET_LAIR:SL-653ECA949C539E,1
risk_metrics.csv,identifier,asset_id,MTG:SECRET_LAIR:SL-65D2FBF09647F2,1
risk_metrics.csv,identifier,asset_id,MTG:SECRET_LAIR:SL-6640A3B637C825,1
risk_metrics.csv,identifier,asset_id,MTG:SECRET_LAIR:SL-66650DD69BF4D5,1
risk_metrics.csv,identifier,asset_id,MTG:SECRET_LAIR:SL-67CAEA24680CC1,1
risk_metrics.csv,identifier,asset_id,MTG:SECRET_LAIR:SL-6826C5CCC691B8,1
risk_metrics.csv,identifier,asset_id,MTG:SECRET_LAIR:SL-686E1BBEBCBFAA,1
risk_metrics.csv,identifier,asset_id,MTG:SECRET_LAIR:SL-690BF3733992EE,1
risk_metrics.csv,identifier,asset_id,MTG:SECRET_LAIR:SL-6913FBEDFDB80B,1
risk_metrics.csv,identifier,asset_id,MTG:SECRET_LAIR:SL-69852EB562DC18,1
risk_metrics.csv,identifier,asset_id,MTG:SECRET_LAIR:SL-698A08AB4D7C37,1
risk_metrics.csv,identifier,asset_id,MTG:SECRET_LAIR:SL-69FAC4782CEAD8,1
risk_metrics.csv,identifier,asset_id,MTG:SECRET_LAIR:SL-6A188AFCDB31E1,1
risk_metrics.csv,identifier,asset_id,MTG:SECRET_LAIR:SL-6A2D2E139F2254,1
risk_metrics.csv,identifier,asset_id,MTG:SECRET_LAIR:SL-6A7B01B7E9573D,1
risk_metrics.csv,identifier,asset_id,MTG:SECRET_LAIR:SL-6AF6F8F8E4C984,1
risk_metrics.csv,identifier,asset_id,MTG:SECRET_LAIR:SL-6B03C6C7C5B91D,1
risk_metrics.csv,identifier,asset_id,MTG:SECRET_LAIR:SL-6B5DCD60BA5730,1
risk_metrics.csv,identifier,asset_id,MTG:SECRET_LAIR:SL-6B6C979A6E1B4E,1
risk_metrics.csv,identifier,asset_id,MTG:SECRET_LAIR:SL-6B7BB6F2DC6CCE,1
risk_metrics.csv,identifier,asset_id,MTG:SECRET_LAIR:SL-6C10833A178EED,1
risk_metrics.csv,identifier,asset_id,MTG:SECRET_LAIR:SL-6C1B3964A65485,1
risk_metrics.csv,identifier,asset_id,MTG:SECRET_LAIR:SL-6C256345194D9E,1
risk_metrics.csv,identifier,asset_id,MTG:SECRET_LAIR:SL-6CD9F3DF876B1F,1
risk_metrics.csv,identifier,asset_id,MTG:SECRET_LAIR:SL-6CE59E51DCC615,1
risk_metrics.csv,identifier,asset_id,MTG:SECRET_LAIR:SL-6D386CB092B8F1,1
risk_metrics.csv,identifier,asset_id,MTG:SECRET_LAIR:SL-6D6C79C2652BFD,1
risk_metrics.csv,identifier,asset_id,MTG:SECRET_LAIR:SL-6DA9DA55C5623B,1
risk_metrics.csv,identifier,asset_id,MTG:SECRET_LAIR:SL-6DF016FCB60547,1
risk_metrics.csv,identifier,asset_id,MTG:SECRET_LAIR:SL-6DFA783F3B9A37,1
risk_metrics.csv,identifier,asset_id,MTG:SECRET_LAIR:SL-6E10E7A8BD8C2C,1
risk_metrics.csv,identifier,asset_id,MTG:SECRET_LAIR:SL-6E398CB1F66169,1
risk_metrics.csv,identifier,asset_id,MTG:SECRET_LAIR:SL-6E41C5BF4AA13D,1
risk_metrics.csv,identifier,asset_id,MTG:SECRET_LAIR:SL-6E54B9A2BF9CBF,1
risk_metrics.csv,identifier,asset_id,MTG:SECRET_LAIR:SL-6EB03A8FE440C8,1
risk_metrics.csv,identifier,asset_id,MTG:SECRET_LAIR:SL-6EC27A54060DFF,1
risk_metrics.csv,identifier,asset_id,MTG:SECRET_LAIR:SL-6F5DC80C66F4E7,1
risk_metrics.csv,identifier,asset_id,MTG:SECRET_LAIR:SL-6F9B1732BC4226,1
risk_metrics.csv,identifier,asset_id,MTG:SECRET_LAIR:SL-701AF6693C838C,1
risk_metrics.csv,identifier,asset_id,MTG:SECRET_LAIR:SL-70307120926003,1
risk_metrics.csv,identifier,asset_id,MTG:SECRET_LAIR:SL-711EEDF03C34FB,1
risk_metrics.csv,identifier,asset_id,MTG:SECRET_LAIR:SL-7184A0B63B1E9E,1
risk_metrics.csv,identifier,asset_id,MTG:SECRET_LAIR:SL-72472EFE8746C4,1
risk_metrics.csv,identifier,asset_id,MTG:SECRET_LAIR:SL-729124208E824A,1
risk_metrics.csv,identifier,asset_id,MTG:SECRET_LAIR:SL-72B79910F6BD16,1
risk_metrics.csv,identifier,asset_id,MTG:SECRET_LAIR:SL-72C3D4333AE81B,1
risk_metrics.csv,identifier,asset_id,MTG:SECRET_LAIR:SL-72C515905E7352,1
risk_metrics.csv,identifier,asset_id,MTG:SECRET_LAIR:SL-7321B93310E560,1
risk_metrics.csv,identifier,asset_id,MTG:SECRET_LAIR:SL-732A9E59B24774,1
risk_metrics.csv,identifier,asset_id,MTG:SECRET_LAIR:SL-73CD6FD155407F,1
risk_metrics.csv,identifier,asset_id,MTG:SECRET_LAIR:SL-73D3B01E989878,1
risk_metrics.csv,identifier,asset_id,MTG:SECRET_LAIR:SL-73D93121EB1CDB,1
risk_metrics.csv,identifier,asset_id,MTG:SECRET_LAIR:SL-74035B29B5EAA4,1
risk_metrics.csv,identifier,asset_id,MTG:SECRET_LAIR:SL-74104655C7BE3C,1
risk_metrics.csv,identifier,asset_id,MTG:SECRET_LAIR:SL-7417373ADFE528,1
risk_metrics.csv,identifier,asset_id,MTG:SECRET_LAIR:SL-747C45FB80DFBE,1
risk_metrics.csv,identifier,asset_id,MTG:SECRET_LAIR:SL-750655931E6F97,1
risk_metrics.csv,identifier,asset_id,MTG:SECRET_LAIR:SL-75579AD5DE6CB9,1
risk_metrics.csv,identifier,asset_id,MTG:SECRET_LAIR:SL-75A147DF7061C1,1
risk_metrics.csv,identifier,asset_id,MTG:SECRET_LAIR:SL-75C9DE65D2674C,1
risk_metrics.csv,identifier,asset_id,MTG:SECRET_LAIR:SL-75D2EFF8DB9AA4,1
risk_metrics.csv,identifier,asset_id,MTG:SECRET_LAIR:SL-75EB6270819FE3,1
risk_metrics.csv,identifier,asset_id,MTG:SECRET_LAIR:SL-761D477012E693,1
risk_metrics.csv,identifier,asset_id,MTG:SECRET_LAIR:SL-769EDCF494E5DB,1
risk_metrics.csv,identifier,asset_id,MTG:SECRET_LAIR:SL-76D63CDFA651CA,1
risk_metrics.csv,identifier,asset_id,MTG:SECRET_LAIR:SL-76D8B5BE432384,1
risk_metrics.csv,identifier,asset_id,MTG:SECRET_LAIR:SL-76EE3574620B68,1
risk_metrics.csv,identifier,asset_id,MTG:SECRET_LAIR:SL-7704D13F4E7F46,1
risk_metrics.csv,identifier,asset_id,MTG:SECRET_LAIR:SL-7716CAD08A2C84,1
risk_metrics.csv,identifier,asset_id,MTG:SECRET_LAIR:SL-771BBE0ADFF762,1
risk_metrics.csv,identifier,asset_id,MTG:SECRET_LAIR:SL-774E94D5987351,1
risk_metrics.csv,identifier,asset_id,MTG:SECRET_LAIR:SL-77B45F83FF98D9,1
risk_metrics.csv,identifier,asset_id,MTG:SECRET_LAIR:SL-789447B652E3B8,1
risk_metrics.csv,identifier,asset_id,MTG:SECRET_LAIR:SL-78C40B1B9F39C2,1
risk_metrics.csv,identifier,asset_id,MTG:SECRET_LAIR:SL-7993B0A0677511,1
risk_metrics.csv,identifier,asset_id,MTG:SECRET_LAIR:SL-7A106AED6BFADC,1
risk_metrics.csv,identifier,asset_id,MTG:SECRET_LAIR:SL-7A15A1811F841D,1
risk_metrics.csv,identifier,asset_id,MTG:SECRET_LAIR:SL-7A1A1484F233C2,1
risk_metrics.csv,identifier,asset_id,MTG:SECRET_LAIR:SL-7AB8CB8D6BF8A6,1
risk_metrics.csv,identifier,asset_id,MTG:SECRET_LAIR:SL-7AFCC7EB7F6678,1
risk_metrics.csv,identifier,asset_id,MTG:SECRET_LAIR:SL-7B02CD15018C5D,1
risk_metrics.csv,identifier,asset_id,MTG:SECRET_LAIR:SL-7B17A9D6C16703,1
risk_metrics.csv,identifier,asset_id,MTG:SECRET_LAIR:SL-7B48FB549C4A3E,1
risk_metrics.csv,identifier,asset_id,MTG:SECRET_LAIR:SL-7B6BF7476036E4,1
risk_metrics.csv,identifier,asset_id,MTG:SECRET_LAIR:SL-7C2B424B1C7969,1
risk_metrics.csv,identifier,asset_id,MTG:SECRET_LAIR:SL-7C656D70CEC8AA,1
risk_metrics.csv,identifier,asset_id,MTG:SECRET_LAIR:SL-7CCCC779832E62,1
risk_metrics.csv,identifier,asset_id,MTG:SECRET_LAIR:SL-7CCD4E3550ADDB,1
risk_metrics.csv,identifier,asset_id,MTG:SECRET_LAIR:SL-7CD7CFCF523E56,1
risk_metrics.csv,identifier,asset_id,MTG:SECRET_LAIR:SL-7D6A0F10ADD5A6,1
risk_metrics.csv,identifier,asset_id,MTG:SECRET_LAIR:SL-7DE930AD4A4B8C,1
risk_metrics.csv,identifier,asset_id,MTG:SECRET_LAIR:SL-7E347F44185EA2,1
risk_metrics.csv,identifier,asset_id,MTG:SECRET_LAIR:SL-7E61275FD5CC85,1
risk_metrics.csv,identifier,asset_id,MTG:SECRET_LAIR:SL-7E75AB2D5E48E1,1
risk_metrics.csv,identifier,asset_id,MTG:SECRET_LAIR:SL-7E80920E7FFF0A,1
risk_metrics.csv,identifier,asset_id,MTG:SECRET_LAIR:SL-7EA408BA13BB00,1
risk_metrics.csv,identifier,asset_id,MTG:SECRET_LAIR:SL-7EAFE139BC0BCD,1
risk_metrics.csv,identifier,asset_id,MTG:SECRET_LAIR:SL-7ECED24F562902,1
risk_metrics.csv,identifier,asset_id,MTG:SECRET_LAIR:SL-7F55A4E4C3D3D0,1
risk_metrics.csv,identifier,asset_id,MTG:SECRET_LAIR:SL-7F86F1BD66EEEB,1
risk_metrics.csv,identifier,asset_id,MTG:SECRET_LAIR:SL-7FD38092671142,1
risk_metrics.csv,identifier,asset_id,MTG:SECRET_LAIR:SL-7FF5D4693BDBF9,1
risk_metrics.csv,identifier,asset_id,MTG:SECRET_LAIR:SL-800F3A66865530,1
risk_metrics.csv,identifier,asset_id,MTG:SECRET_LAIR:SL-81870DDCED77D3,1
risk_metrics.csv,identifier,asset_id,MTG:SECRET_LAIR:SL-81FFD366420F3A,1
risk_metrics.csv,identifier,asset_id,MTG:SECRET_LAIR:SL-823B9F2127A229,1
risk_metrics.csv,identifier,asset_id,MTG:SECRET_LAIR:SL-831C7242985EC8,1
risk_metrics.csv,identifier,asset_id,MTG:SECRET_LAIR:SL-832BF55C6E27A1,1
risk_metrics.csv,identifier,asset_id,MTG:SECRET_LAIR:SL-835C4CD141949B,1
risk_metrics.csv,identifier,asset_id,MTG:SECRET_LAIR:SL-8396530F9CA30C,1
risk_metrics.csv,identifier,asset_id,MTG:SECRET_LAIR:SL-839B89840B6DBF,1
risk_metrics.csv,identifier,asset_id,MTG:SECRET_LAIR:SL-83DFC7BCCB8A6D,1
risk_metrics.csv,identifier,asset_id,MTG:SECRET_LAIR:SL-83E8E9E9BDAB7C,1
risk_metrics.csv,identifier,asset_id,MTG:SECRET_LAIR:SL-85D9B6A0A7C714,1
risk_metrics.csv,identifier,asset_id,MTG:SECRET_LAIR:SL-86693ED2B58D32,1
risk_metrics.csv,identifier,asset_id,MTG:SECRET_LAIR:SL-866F1B1463479D,1
risk_metrics.csv,identifier,asset_id,MTG:SECRET_LAIR:SL-8679F958F70268,1
risk_metrics.csv,identifier,asset_id,MTG:SECRET_LAIR:SL-867D74417C00E1,1
risk_metrics.csv,identifier,asset_id,MTG:SECRET_LAIR:SL-86A2BCC3D47BF2,1
risk_metrics.csv,identifier,asset_id,MTG:SECRET_LAIR:SL-86AA5CC0673EF5,1
risk_metrics.csv,identifier,asset_id,MTG:SECRET_LAIR:SL-86C6A385452411,1
risk_metrics.csv,identifier,asset_id,MTG:SECRET_LAIR:SL-86F0753AA66E4B,1
risk_metrics.csv,identifier,asset_id,MTG:SECRET_LAIR:SL-87225328ADBE06,1
risk_metrics.csv,identifier,asset_id,MTG:SECRET_LAIR:SL-873865C256386B,1
risk_metrics.csv,identifier,asset_id,MTG:SECRET_LAIR:SL-8741607914304D,1
risk_metrics.csv,identifier,asset_id,MTG:SECRET_LAIR:SL-876ECC963B1678,1
risk_metrics.csv,identifier,asset_id,MTG:SECRET_LAIR:SL-8789D987BBC540,1
risk_metrics.csv,identifier,asset_id,MTG:SECRET_LAIR:SL-87961062B3471E,1
risk_metrics.csv,identifier,asset_id,MTG:SECRET_LAIR:SL-879DE87D93AF4D,1
risk_metrics.csv,identifier,asset_id,MTG:SECRET_LAIR:SL-87A9F998D7BC8B,1
risk_metrics.csv,identifier,asset_id,MTG:SECRET_LAIR:SL-88061F345B7215,1
risk_metrics.csv,identifier,asset_id,MTG:SECRET_LAIR:SL-8809E95120F445,1
risk_metrics.csv,identifier,asset_id,MTG:SECRET_LAIR:SL-88141E031F2873,1
risk_metrics.csv,identifier,asset_id,MTG:SECRET_LAIR:SL-88858FD4A6CAF7,1
risk_metrics.csv,identifier,asset_id,MTG:SECRET_LAIR:SL-888F2E0C4FB9B0,1
risk_metrics.csv,identifier,asset_id,MTG:SECRET_LAIR:SL-88ECC52C2FD66F,1
risk_metrics.csv,identifier,asset_id,MTG:SECRET_LAIR:SL-89002E8BB22ACE,1
risk_metrics.csv,identifier,asset_id,MTG:SECRET_LAIR:SL-892D977231D36E,1
risk_metrics.csv,identifier,asset_id,MTG:SECRET_LAIR:SL-896468C2158E5D,1
risk_metrics.csv,identifier,asset_id,MTG:SECRET_LAIR:SL-89D18240A7624C,1
risk_metrics.csv,identifier,asset_id,MTG:SECRET_LAIR:SL-89EE2906EE10D0,1
risk_metrics.csv,identifier,asset_id,MTG:SECRET_LAIR:SL-8A15902ECB78B5,1
risk_metrics.csv,identifier,asset_id,MTG:SECRET_LAIR:SL-8A1A953119552E,1
risk_metrics.csv,identifier,asset_id,MTG:SECRET_LAIR:SL-8AAEC38BEC5FBD,1
risk_metrics.csv,identifier,asset_id,MTG:SECRET_LAIR:SL-8AF1D3A4344B55,1
risk_metrics.csv,identifier,asset_id,MTG:SECRET_LAIR:SL-8B33672F7EA3BC,1
risk_metrics.csv,identifier,asset_id,MTG:SECRET_LAIR:SL-8B470F1D9379AF,1
risk_metrics.csv,identifier,asset_id,MTG:SECRET_LAIR:SL-8BC0DEE34E59D2,1
risk_metrics.csv,identifier,asset_id,MTG:SECRET_LAIR:SL-8D1031212D3210,1
risk_metrics.csv,identifier,asset_id,MTG:SECRET_LAIR:SL-8D82D482708660,1
risk_metrics.csv,identifier,asset_id,MTG:SECRET_LAIR:SL-8DF7AA99C9F2C9,1
risk_metrics.csv,identifier,asset_id,MTG:SECRET_LAIR:SL-8DFBEA2BADBCC4,1
risk_metrics.csv,identifier,asset_id,MTG:SECRET_LAIR:SL-8E1886C829359A,1
risk_metrics.csv,identifier,asset_id,MTG:SECRET_LAIR:SL-8E83F173AEC350,1
risk_metrics.csv,identifier,asset_id,MTG:SECRET_LAIR:SL-8EBDE365E2A458,1
risk_metrics.csv,identifier,asset_id,MTG:SECRET_LAIR:SL-8F42E22C21A812,1
risk_metrics.csv,identifier,asset_id,MTG:SECRET_LAIR:SL-8F5540C2D38BA1,1
risk_metrics.csv,identifier,asset_id,MTG:SECRET_LAIR:SL-8FC5EC5CE5CF31,1
risk_metrics.csv,identifier,asset_id,MTG:SECRET_LAIR:SL-8FED6673D932CA,1
risk_metrics.csv,identifier,asset_id,MTG:SECRET_LAIR:SL-901432F718875C,1
risk_metrics.csv,identifier,asset_id,MTG:SECRET_LAIR:SL-9026C39DC2D584,1
risk_metrics.csv,identifier,asset_id,MTG:SECRET_LAIR:SL-906DC103EE0D2F,1
risk_metrics.csv,identifier,asset_id,MTG:SECRET_LAIR:SL-90725EB2DB66FA,1
risk_metrics.csv,identifier,asset_id,MTG:SECRET_LAIR:SL-908B8F97F7A4CA,1
risk_metrics.csv,identifier,asset_id,MTG:SECRET_LAIR:SL-90A9B91CE326E6,1
risk_metrics.csv,identifier,asset_id,MTG:SECRET_LAIR:SL-9179B083C2914F,1
risk_metrics.csv,identifier,asset_id,MTG:SECRET_LAIR:SL-91B8D55112E9C9,1
risk_metrics.csv,identifier,asset_id,MTG:SECRET_LAIR:SL-920AF504850AFD,1
risk_metrics.csv,identifier,asset_id,MTG:SECRET_LAIR:SL-92D9B3EFB117F4,1
risk_metrics.csv,identifier,asset_id,MTG:SECRET_LAIR:SL-934530AEA76C05,1
risk_metrics.csv,identifier,asset_id,MTG:SECRET_LAIR:SL-9354CD516531FE,1
risk_metrics.csv,identifier,asset_id,MTG:SECRET_LAIR:SL-9392A78457BB01,1
risk_metrics.csv,identifier,asset_id,MTG:SECRET_LAIR:SL-93933272405D31,1
risk_metrics.csv,identifier,asset_id,MTG:SECRET_LAIR:SL-93F3442047281C,1
risk_metrics.csv,identifier,asset_id,MTG:SECRET_LAIR:SL-945C1DB70B69C9,1
risk_metrics.csv,identifier,asset_id,MTG:SECRET_LAIR:SL-946D20169FB178,1
risk_metrics.csv,identifier,asset_id,MTG:SECRET_LAIR:SL-94AFDF17C76C12,1
risk_metrics.csv,identifier,asset_id,MTG:SECRET_LAIR:SL-94D47F07F61A0F,1
risk_metrics.csv,identifier,asset_id,MTG:SECRET_LAIR:SL-9501FA347D3861,1
risk_metrics.csv,identifier,asset_id,MTG:SECRET_LAIR:SL-950215B0A2668B,1
risk_metrics.csv,identifier,asset_id,MTG:SECRET_LAIR:SL-950A1262892ED0,1
risk_metrics.csv,identifier,asset_id,MTG:SECRET_LAIR:SL-95580EA636B3FF,1
risk_metrics.csv,identifier,asset_id,MTG:SECRET_LAIR:SL-95C045CE385254,1
risk_metrics.csv,identifier,asset_id,MTG:SECRET_LAIR:SL-95CA1F687198C8,1
risk_metrics.csv,identifier,asset_id,MTG:SECRET_LAIR:SL-95F8B6ADF74AF6,1
risk_metrics.csv,identifier,asset_id,MTG:SECRET_LAIR:SL-960978B749E8BC,1
risk_metrics.csv,identifier,asset_id,MTG:SECRET_LAIR:SL-960F8E0D48A128,1
risk_metrics.csv,identifier,asset_id,MTG:SECRET_LAIR:SL-9636BECFACB4FB,1
risk_metrics.csv,identifier,asset_id,MTG:SECRET_LAIR:SL-96BE56C157011C,1
risk_metrics.csv,identifier,asset_id,MTG:SECRET_LAIR:SL-96C67AB7F9BDE5,1
risk_metrics.csv,identifier,asset_id,MTG:SECRET_LAIR:SL-96CADB0742DD94,1
risk_metrics.csv,identifier,asset_id,MTG:SECRET_LAIR:SL-9704D4ABAC066A,1
risk_metrics.csv,identifier,asset_id,MTG:SECRET_LAIR:SL-97078E5D14EBE4,1
risk_metrics.csv,identifier,asset_id,MTG:SECRET_LAIR:SL-9717333D02A391,1
risk_metrics.csv,identifier,asset_id,MTG:SECRET_LAIR:SL-9762ED8DD0FDB9,1
risk_metrics.csv,identifier,asset_id,MTG:SECRET_LAIR:SL-97A19C3BC3A646,1
risk_metrics.csv,identifier,asset_id,MTG:SECRET_LAIR:SL-97B83ADAA797E8,1
risk_metrics.csv,identifier,asset_id,MTG:SECRET_LAIR:SL-97D4DC2FDE2271,1
risk_metrics.csv,identifier,asset_id,MTG:SECRET_LAIR:SL-97E67435FE209E,1
risk_metrics.csv,identifier,asset_id,MTG:SECRET_LAIR:SL-98B49C340237E2,1
risk_metrics.csv,identifier,asset_id,MTG:SECRET_LAIR:SL-9956C343D188B0,1
risk_metrics.csv,identifier,asset_id,MTG:SECRET_LAIR:SL-9962EA8B669B4F,1
risk_metrics.csv,identifier,asset_id,MTG:SECRET_LAIR:SL-9A20B1803ACEFF,1
risk_metrics.csv,identifier,asset_id,MTG:SECRET_LAIR:SL-9A6EF28EECF2DC,1
risk_metrics.csv,identifier,asset_id,MTG:SECRET_LAIR:SL-9A70751B3B58BD,1
risk_metrics.csv,identifier,asset_id,MTG:SECRET_LAIR:SL-9B1071444456CB,1
risk_metrics.csv,identifier,asset_id,MTG:SECRET_LAIR:SL-9B4F84E69F4CCE,1
risk_metrics.csv,identifier,asset_id,MTG:SECRET_LAIR:SL-9BC9B71A47DED5,1
risk_metrics.csv,identifier,asset_id,MTG:SECRET_LAIR:SL-9BE91DCFB8B637,1
risk_metrics.csv,identifier,asset_id,MTG:SECRET_LAIR:SL-9BF166AA8657DF,1
risk_metrics.csv,identifier,asset_id,MTG:SECRET_LAIR:SL-9CD3BAD93DA107,1
risk_metrics.csv,identifier,asset_id,MTG:SECRET_LAIR:SL-9CD93C9989F563,1
risk_metrics.csv,identifier,asset_id,MTG:SECRET_LAIR:SL-9E1C46A1207B0B,1
risk_metrics.csv,identifier,asset_id,MTG:SECRET_LAIR:SL-9E3BBD4ED8D2C6,1
risk_metrics.csv,identifier,asset_id,MTG:SECRET_LAIR:SL-9EA2580F2EEDC6,1
risk_metrics.csv,identifier,asset_id,MTG:SECRET_LAIR:SL-9EAF8671F2BE80,1
risk_metrics.csv,identifier,asset_id,MTG:SECRET_LAIR:SL-9EDDAD28E6FDFB,1
risk_metrics.csv,identifier,asset_id,MTG:SECRET_LAIR:SL-9EEE08FA6CD557,1
risk_metrics.csv,identifier,asset_id,MTG:SECRET_LAIR:SL-9EFB956D77D864,1
risk_metrics.csv,identifier,asset_id,MTG:SECRET_LAIR:SL-9F25EFE6D18364,1
risk_metrics.csv,identifier,asset_id,MTG:SECRET_LAIR:SL-9F2EA943C39F55,1
risk_metrics.csv,identifier,asset_id,MTG:SECRET_LAIR:SL-9F9E2E3B15A276,1
risk_metrics.csv,identifier,asset_id,MTG:SECRET_LAIR:SL-9FDDEAE495C5DE,1
risk_metrics.csv,identifier,asset_id,MTG:SECRET_LAIR:SL-A000A22E459D28,1
risk_metrics.csv,identifier,asset_id,MTG:SECRET_LAIR:SL-A0A3FDF7E0BD6D,1
risk_metrics.csv,identifier,asset_id,MTG:SECRET_LAIR:SL-A0CEFE66D8D941,1
risk_metrics.csv,identifier,asset_id,MTG:SECRET_LAIR:SL-A0E13DA74146D6,1
risk_metrics.csv,identifier,asset_id,MTG:SECRET_LAIR:SL-A0F468E911DF55,1
risk_metrics.csv,identifier,asset_id,MTG:SECRET_LAIR:SL-A13BDE5A40E7C6,1
risk_metrics.csv,identifier,asset_id,MTG:SECRET_LAIR:SL-A15A9EF8FFC0C3,1
risk_metrics.csv,identifier,asset_id,MTG:SECRET_LAIR:SL-A1DD82B9F45A59,1
risk_metrics.csv,identifier,asset_id,MTG:SECRET_LAIR:SL-A1F9DC4DE016E1,1
risk_metrics.csv,identifier,asset_id,MTG:SECRET_LAIR:SL-A26DEC91D98CFF,1
risk_metrics.csv,identifier,asset_id,MTG:SECRET_LAIR:SL-A2CAA7DD3627FD,1
risk_metrics.csv,identifier,asset_id,MTG:SECRET_LAIR:SL-A2E8FE14360AF9,1
risk_metrics.csv,identifier,asset_id,MTG:SECRET_LAIR:SL-A3ADDCA9165A2F,1
risk_metrics.csv,identifier,asset_id,MTG:SECRET_LAIR:SL-A4528679EBCD24,1
risk_metrics.csv,identifier,asset_id,MTG:SECRET_LAIR:SL-A461D1EB9128DC,1
risk_metrics.csv,identifier,asset_id,MTG:SECRET_LAIR:SL-A47DB53641C91B,1
risk_metrics.csv,identifier,asset_id,MTG:SECRET_LAIR:SL-A4B37777A977B9,1
risk_metrics.csv,identifier,asset_id,MTG:SECRET_LAIR:SL-A5708359BCF021,1
risk_metrics.csv,identifier,asset_id,MTG:SECRET_LAIR:SL-A57E7603094331,1
risk_metrics.csv,identifier,asset_id,MTG:SECRET_LAIR:SL-A59C9ADCD75BE0,1
risk_metrics.csv,identifier,asset_id,MTG:SECRET_LAIR:SL-A5E1293D263AF0,1
risk_metrics.csv,identifier,asset_id,MTG:SECRET_LAIR:SL-A63C3F080DE9D2,1
risk_metrics.csv,identifier,asset_id,MTG:SECRET_LAIR:SL-A6ECC7D38BF81A,1
risk_metrics.csv,identifier,asset_id,MTG:SECRET_LAIR:SL-A6FBE97D53BCE6,1
risk_metrics.csv,identifier,asset_id,MTG:SECRET_LAIR:SL-A709252A4DA96B,1
risk_metrics.csv,identifier,asset_id,MTG:SECRET_LAIR:SL-A7A995D0FE468E,1
risk_metrics.csv,identifier,asset_id,MTG:SECRET_LAIR:SL-A7E5B7F6EC8B4A,1
risk_metrics.csv,identifier,asset_id,MTG:SECRET_LAIR:SL-A7EA98C7CECF4C,1
risk_metrics.csv,identifier,asset_id,MTG:SECRET_LAIR:SL-A82A8D6CE7A54C,1
risk_metrics.csv,identifier,asset_id,MTG:SECRET_LAIR:SL-A82BC05ADED8C7,1
risk_metrics.csv,identifier,asset_id,MTG:SECRET_LAIR:SL-A82BF7D7962B00,1
risk_metrics.csv,identifier,asset_id,MTG:SECRET_LAIR:SL-A8A83DC7B06C38,1
risk_metrics.csv,identifier,asset_id,MTG:SECRET_LAIR:SL-A8B0B83EFB86DE,1
risk_metrics.csv,identifier,asset_id,MTG:SECRET_LAIR:SL-A8B11C02BE3C6B,1
risk_metrics.csv,identifier,asset_id,MTG:SECRET_LAIR:SL-A8BD8FB79427E4,1
risk_metrics.csv,identifier,asset_id,MTG:SECRET_LAIR:SL-A9B0DE6D450794,1
risk_metrics.csv,identifier,asset_id,MTG:SECRET_LAIR:SL-AA1F67E9D21D5F,1
risk_metrics.csv,identifier,asset_id,MTG:SECRET_LAIR:SL-AA2410B0C1D7D4,1
risk_metrics.csv,identifier,asset_id,MTG:SECRET_LAIR:SL-AB047EA1882C29,1
risk_metrics.csv,identifier,asset_id,MTG:SECRET_LAIR:SL-AB56800C1F600A,1
risk_metrics.csv,identifier,asset_id,MTG:SECRET_LAIR:SL-AB95FD365E982F,1
risk_metrics.csv,identifier,asset_id,MTG:SECRET_LAIR:SL-ABB49E64363CCC,1
risk_metrics.csv,identifier,asset_id,MTG:SECRET_LAIR:SL-ABCCB33232898E,1
risk_metrics.csv,identifier,asset_id,MTG:SECRET_LAIR:SL-ABDD178723A109,1
risk_metrics.csv,identifier,asset_id,MTG:SECRET_LAIR:SL-AC1856E0C8845C,1
risk_metrics.csv,identifier,asset_id,MTG:SECRET_LAIR:SL-AC65540B60B707,1
risk_metrics.csv,identifier,asset_id,MTG:SECRET_LAIR:SL-ACABE87A5A45D3,1
risk_metrics.csv,identifier,asset_id,MTG:SECRET_LAIR:SL-AD341F83F23370,1
risk_metrics.csv,identifier,asset_id,MTG:SECRET_LAIR:SL-AD7D0C2C8E16D2,1
risk_metrics.csv,identifier,asset_id,MTG:SECRET_LAIR:SL-AD8DAA8BB11594,1
risk_metrics.csv,identifier,asset_id,MTG:SECRET_LAIR:SL-AE029B9E8B8A9F,1
risk_metrics.csv,identifier,asset_id,MTG:SECRET_LAIR:SL-AEAC3B5B48F1C7,1
risk_metrics.csv,identifier,asset_id,MTG:SECRET_LAIR:SL-AED577907E5FAA,1
risk_metrics.csv,identifier,asset_id,MTG:SECRET_LAIR:SL-AEE188BFE88ED3,1
risk_metrics.csv,identifier,asset_id,MTG:SECRET_LAIR:SL-AF4CAB7AA2FC3B,1
risk_metrics.csv,identifier,asset_id,MTG:SECRET_LAIR:SL-AF7841CC1354F9,1
risk_metrics.csv,identifier,asset_id,MTG:SECRET_LAIR:SL-AFC52E51751441,1
risk_metrics.csv,identifier,asset_id,MTG:SECRET_LAIR:SL-B00E61FF6854EE,1
risk_metrics.csv,identifier,asset_id,MTG:SECRET_LAIR:SL-B01296C6F1D9D6,1
risk_metrics.csv,identifier,asset_id,MTG:SECRET_LAIR:SL-B0373781315725,1
risk_metrics.csv,identifier,asset_id,MTG:SECRET_LAIR:SL-B08949D7A3AFE1,1
risk_metrics.csv,identifier,asset_id,MTG:SECRET_LAIR:SL-B0DEB8AFB8B821,1
risk_metrics.csv,identifier,asset_id,MTG:SECRET_LAIR:SL-B0E43DFE167A56,1
risk_metrics.csv,identifier,asset_id,MTG:SECRET_LAIR:SL-B11309A971433D,1
risk_metrics.csv,identifier,asset_id,MTG:SECRET_LAIR:SL-B226AC313B5F39,1
risk_metrics.csv,identifier,asset_id,MTG:SECRET_LAIR:SL-B2289CE720A189,1
risk_metrics.csv,identifier,asset_id,MTG:SECRET_LAIR:SL-B251BF4C4DE61E,1
risk_metrics.csv,identifier,asset_id,MTG:SECRET_LAIR:SL-B269AC7AB5080A,1
risk_metrics.csv,identifier,asset_id,MTG:SECRET_LAIR:SL-B2753C6B1814F0,1
risk_metrics.csv,identifier,asset_id,MTG:SECRET_LAIR:SL-B28206C8B43B74,1
risk_metrics.csv,identifier,asset_id,MTG:SECRET_LAIR:SL-B2C9080295DEB3,1
risk_metrics.csv,identifier,asset_id,MTG:SECRET_LAIR:SL-B31C27C4C58973,1
risk_metrics.csv,identifier,asset_id,MTG:SECRET_LAIR:SL-B36930BACADDCD,1
risk_metrics.csv,identifier,asset_id,MTG:SECRET_LAIR:SL-B39A2F769F1E07,1
risk_metrics.csv,identifier,asset_id,MTG:SECRET_LAIR:SL-B3B225E03D06DC,1
risk_metrics.csv,identifier,asset_id,MTG:SECRET_LAIR:SL-B3DBBD3351A867,1
risk_metrics.csv,identifier,asset_id,MTG:SECRET_LAIR:SL-B3EF01C8308565,1
risk_metrics.csv,identifier,asset_id,MTG:SECRET_LAIR:SL-B44FBD97799E08,1
risk_metrics.csv,identifier,asset_id,MTG:SECRET_LAIR:SL-B483A5C23B7FF5,1
risk_metrics.csv,identifier,asset_id,MTG:SECRET_LAIR:SL-B5264E7BA2DC13,1
risk_metrics.csv,identifier,asset_id,MTG:SECRET_LAIR:SL-B5552250031A5D,1
risk_metrics.csv,identifier,asset_id,MTG:SECRET_LAIR:SL-B565A4B1F936CC,1
risk_metrics.csv,identifier,asset_id,MTG:SECRET_LAIR:SL-B57576270D7B62,1
risk_metrics.csv,identifier,asset_id,MTG:SECRET_LAIR:SL-B58718E7FE11D2,1
risk_metrics.csv,identifier,asset_id,MTG:SECRET_LAIR:SL-B5D96EAAB94F7F,1
risk_metrics.csv,identifier,asset_id,MTG:SECRET_LAIR:SL-B5DE5D10D8B22E,1
risk_metrics.csv,identifier,asset_id,MTG:SECRET_LAIR:SL-B5E5B47263114D,1
risk_metrics.csv,identifier,asset_id,MTG:SECRET_LAIR:SL-B5F3C839262F36,1
risk_metrics.csv,identifier,asset_id,MTG:SECRET_LAIR:SL-B60C7F6F56C30B,1
risk_metrics.csv,identifier,asset_id,MTG:SECRET_LAIR:SL-B631EAF6D5C7C4,1
risk_metrics.csv,identifier,asset_id,MTG:SECRET_LAIR:SL-B679A1089E8A6B,1
risk_metrics.csv,identifier,asset_id,MTG:SECRET_LAIR:SL-B689085E2D41DE,1
risk_metrics.csv,identifier,asset_id,MTG:SECRET_LAIR:SL-B762CD279E0001,1
risk_metrics.csv,identifier,asset_id,MTG:SECRET_LAIR:SL-B7E3C5DC70940E,1
risk_metrics.csv,identifier,asset_id,MTG:SECRET_LAIR:SL-B81DED4DD2F7F0,1
risk_metrics.csv,identifier,asset_id,MTG:SECRET_LAIR:SL-B8709846C8E5AF,1
risk_metrics.csv,identifier,asset_id,MTG:SECRET_LAIR:SL-B8DCA91EB62983,1
risk_metrics.csv,identifier,asset_id,MTG:SECRET_LAIR:SL-B9248149A4056B,1
risk_metrics.csv,identifier,asset_id,MTG:SECRET_LAIR:SL-B92B03D94C10E9,1
risk_metrics.csv,identifier,asset_id,MTG:SECRET_LAIR:SL-B9580FD00B16BE,1
risk_metrics.csv,identifier,asset_id,MTG:SECRET_LAIR:SL-B959CE689FE1E3,1
risk_metrics.csv,identifier,asset_id,MTG:SECRET_LAIR:SL-B96EF3DC64D9A0,1
risk_metrics.csv,identifier,asset_id,MTG:SECRET_LAIR:SL-B971F1BAF798C2,1
risk_metrics.csv,identifier,asset_id,MTG:SECRET_LAIR:SL-B9970477DCCBC7,1
risk_metrics.csv,identifier,asset_id,MTG:SECRET_LAIR:SL-B9EC0C6C5561F1,1
risk_metrics.csv,identifier,asset_id,MTG:SECRET_LAIR:SL-BA4475B87E38DE,1
risk_metrics.csv,identifier,asset_id,MTG:SECRET_LAIR:SL-BA53143C1DDB56,1
risk_metrics.csv,identifier,asset_id,MTG:SECRET_LAIR:SL-BAD5D1CC179E4B,1
risk_metrics.csv,identifier,asset_id,MTG:SECRET_LAIR:SL-BB18909619320D,1
risk_metrics.csv,identifier,asset_id,MTG:SECRET_LAIR:SL-BB4A4AE1ECFE2A,1
risk_metrics.csv,identifier,asset_id,MTG:SECRET_LAIR:SL-BB4FA54DEBF880,1
risk_metrics.csv,identifier,asset_id,MTG:SECRET_LAIR:SL-BB54D8943F73E3,1
risk_metrics.csv,identifier,asset_id,MTG:SECRET_LAIR:SL-BB7E07A2986BB4,1
risk_metrics.csv,identifier,asset_id,MTG:SECRET_LAIR:SL-BBC8F93DE82CE5,1
risk_metrics.csv,identifier,asset_id,MTG:SECRET_LAIR:SL-BC079E499A94AF,1
risk_metrics.csv,identifier,asset_id,MTG:SECRET_LAIR:SL-BC4683677FBC3C,1
risk_metrics.csv,identifier,asset_id,MTG:SECRET_LAIR:SL-BC99042387317D,1
risk_metrics.csv,identifier,asset_id,MTG:SECRET_LAIR:SL-BCC1519C11A8AC,1
risk_metrics.csv,identifier,asset_id,MTG:SECRET_LAIR:SL-BD0B168FBB02B6,1
risk_metrics.csv,identifier,asset_id,MTG:SECRET_LAIR:SL-BD4B37C3973D10,1
risk_metrics.csv,identifier,asset_id,MTG:SECRET_LAIR:SL-BE3F32B80FEA2E,1
risk_metrics.csv,identifier,asset_id,MTG:SECRET_LAIR:SL-BE705BBFC18014,1
risk_metrics.csv,identifier,asset_id,MTG:SECRET_LAIR:SL-BF008024F9A243,1
risk_metrics.csv,identifier,asset_id,MTG:SECRET_LAIR:SL-BF1ED354A371C1,1
risk_metrics.csv,identifier,asset_id,MTG:SECRET_LAIR:SL-BF202C705FA210,1
risk_metrics.csv,identifier,asset_id,MTG:SECRET_LAIR:SL-BF26DFD5509ADC,1
risk_metrics.csv,identifier,asset_id,MTG:SECRET_LAIR:SL-BF2B66F024D88D,1
risk_metrics.csv,identifier,asset_id,MTG:SECRET_LAIR:SL-BF3E293642759E,1
risk_metrics.csv,identifier,asset_id,MTG:SECRET_LAIR:SL-BF588F593E480E,1
risk_metrics.csv,identifier,asset_id,MTG:SECRET_LAIR:SL-BF5BC53AD18E85,1
risk_metrics.csv,identifier,asset_id,MTG:SECRET_LAIR:SL-BF755AD9D8CE5F,1
risk_metrics.csv,identifier,asset_id,MTG:SECRET_LAIR:SL-BFACC46E5A3310,1
risk_metrics.csv,identifier,asset_id,MTG:SECRET_LAIR:SL-BFAF5430109A2E,1
risk_metrics.csv,identifier,asset_id,MTG:SECRET_LAIR:SL-BFF6DA64140996,1
risk_metrics.csv,identifier,asset_id,MTG:SECRET_LAIR:SL-C03E05940DAAFA,1
risk_metrics.csv,identifier,asset_id,MTG:SECRET_LAIR:SL-C0418534DE36CF,1
risk_metrics.csv,identifier,asset_id,MTG:SECRET_LAIR:SL-C04853F17A0313,1
risk_metrics.csv,identifier,asset_id,MTG:SECRET_LAIR:SL-C050DAEA74CC9C,1
risk_metrics.csv,identifier,asset_id,MTG:SECRET_LAIR:SL-C05D25C1CB85E9,1
risk_metrics.csv,identifier,asset_id,MTG:SECRET_LAIR:SL-C07200E6FB8843,1
risk_metrics.csv,identifier,asset_id,MTG:SECRET_LAIR:SL-C09C8446FDE850,1
risk_metrics.csv,identifier,asset_id,MTG:SECRET_LAIR:SL-C09D8E25A3F347,1
risk_metrics.csv,identifier,asset_id,MTG:SECRET_LAIR:SL-C0AA65531F16E2,1
risk_metrics.csv,identifier,asset_id,MTG:SECRET_LAIR:SL-C1564B1CC85C5F,1
risk_metrics.csv,identifier,asset_id,MTG:SECRET_LAIR:SL-C1A0A189180507,1
risk_metrics.csv,identifier,asset_id,MTG:SECRET_LAIR:SL-C2217F8AD4F84B,1
risk_metrics.csv,identifier,asset_id,MTG:SECRET_LAIR:SL-C24946B295061F,1
risk_metrics.csv,identifier,asset_id,MTG:SECRET_LAIR:SL-C2CAC5DFF1B8FE,1
risk_metrics.csv,identifier,asset_id,MTG:SECRET_LAIR:SL-C2DA212EE2424D,1
risk_metrics.csv,identifier,asset_id,MTG:SECRET_LAIR:SL-C365E12BA9F953,1
risk_metrics.csv,identifier,asset_id,MTG:SECRET_LAIR:SL-C3A8669A77CF0F,1
risk_metrics.csv,identifier,asset_id,MTG:SECRET_LAIR:SL-C3D0A31003B38B,1
risk_metrics.csv,identifier,asset_id,MTG:SECRET_LAIR:SL-C43B4DA056180D,1
risk_metrics.csv,identifier,asset_id,MTG:SECRET_LAIR:SL-C44AE37BDB68A9,1
risk_metrics.csv,identifier,asset_id,MTG:SECRET_LAIR:SL-C4573F398978D7,1
risk_metrics.csv,identifier,asset_id,MTG:SECRET_LAIR:SL-C4E698097E6EB6,1
risk_metrics.csv,identifier,asset_id,MTG:SECRET_LAIR:SL-C53B25CD55720F,1
risk_metrics.csv,identifier,asset_id,MTG:SECRET_LAIR:SL-C53BF262ADA17B,1
risk_metrics.csv,identifier,asset_id,MTG:SECRET_LAIR:SL-C59DE249DE7287,1
risk_metrics.csv,identifier,asset_id,MTG:SECRET_LAIR:SL-C5A93064AA668C,1
risk_metrics.csv,identifier,asset_id,MTG:SECRET_LAIR:SL-C649AFADB4E38B,1
risk_metrics.csv,identifier,asset_id,MTG:SECRET_LAIR:SL-C67CDDB0AE44ED,1
risk_metrics.csv,identifier,asset_id,MTG:SECRET_LAIR:SL-C70FCBB505BD77,1
risk_metrics.csv,identifier,asset_id,MTG:SECRET_LAIR:SL-C72D4B2E5B3130,1
risk_metrics.csv,identifier,asset_id,MTG:SECRET_LAIR:SL-C7694953E368F4,1
risk_metrics.csv,identifier,asset_id,MTG:SECRET_LAIR:SL-C805DBBC1C6677,1
risk_metrics.csv,identifier,asset_id,MTG:SECRET_LAIR:SL-C80FAE8D249054,1
risk_metrics.csv,identifier,asset_id,MTG:SECRET_LAIR:SL-C822436F428050,1
risk_metrics.csv,identifier,asset_id,MTG:SECRET_LAIR:SL-C82833E3A7C3DF,1
risk_metrics.csv,identifier,asset_id,MTG:SECRET_LAIR:SL-C82FB71F29626A,1
risk_metrics.csv,identifier,asset_id,MTG:SECRET_LAIR:SL-C83649108644FE,1
risk_metrics.csv,identifier,asset_id,MTG:SECRET_LAIR:SL-C863D417DDE83A,1
risk_metrics.csv,identifier,asset_id,MTG:SECRET_LAIR:SL-C8B08A7139FC31,1
risk_metrics.csv,identifier,asset_id,MTG:SECRET_LAIR:SL-C94DD14ECC45A6,1
risk_metrics.csv,identifier,asset_id,MTG:SECRET_LAIR:SL-C9877AF6FE4DA4,1
risk_metrics.csv,identifier,asset_id,MTG:SECRET_LAIR:SL-C999737763FC53,1
risk_metrics.csv,identifier,asset_id,MTG:SECRET_LAIR:SL-C9B2F11CEB5F77,1
risk_metrics.csv,identifier,asset_id,MTG:SECRET_LAIR:SL-CA134058712347,1
risk_metrics.csv,identifier,asset_id,MTG:SECRET_LAIR:SL-CA17EB83C29B15,1
risk_metrics.csv,identifier,asset_id,MTG:SECRET_LAIR:SL-CA2C167AAFAD55,1
risk_metrics.csv,identifier,asset_id,MTG:SECRET_LAIR:SL-CA3A146FC06964,1
risk_metrics.csv,identifier,asset_id,MTG:SECRET_LAIR:SL-CA46F5F5791EBB,1
risk_metrics.csv,identifier,asset_id,MTG:SECRET_LAIR:SL-CA6CCECFEBEC2C,1
risk_metrics.csv,identifier,asset_id,MTG:SECRET_LAIR:SL-CA6FA7819E27BD,1
risk_metrics.csv,identifier,asset_id,MTG:SECRET_LAIR:SL-CAB929EA2DD4AE,1
risk_metrics.csv,identifier,asset_id,MTG:SECRET_LAIR:SL-CAEFD21D151456,1
risk_metrics.csv,identifier,asset_id,MTG:SECRET_LAIR:SL-CB766B61EEFB6E,1
risk_metrics.csv,identifier,asset_id,MTG:SECRET_LAIR:SL-CBFED1F92A630D,1
risk_metrics.csv,identifier,asset_id,MTG:SECRET_LAIR:SL-CC030DBD6E29FE,1
risk_metrics.csv,identifier,asset_id,MTG:SECRET_LAIR:SL-CC5293951E84F8,1
risk_metrics.csv,identifier,asset_id,MTG:SECRET_LAIR:SL-CCE426CFBA5D07,1
risk_metrics.csv,identifier,asset_id,MTG:SECRET_LAIR:SL-CD2FC308C3644A,1
risk_metrics.csv,identifier,asset_id,MTG:SECRET_LAIR:SL-CD43B6F3D7A59F,1
risk_metrics.csv,identifier,asset_id,MTG:SECRET_LAIR:SL-CD637B6154FA4F,1
risk_metrics.csv,identifier,asset_id,MTG:SECRET_LAIR:SL-CD67446B439F75,1
risk_metrics.csv,identifier,asset_id,MTG:SECRET_LAIR:SL-CE0D22C4A5732F,1
risk_metrics.csv,identifier,asset_id,MTG:SECRET_LAIR:SL-CE39B48D52F07A,1
risk_metrics.csv,identifier,asset_id,MTG:SECRET_LAIR:SL-CE3BB4F7AF5651,1
risk_metrics.csv,identifier,asset_id,MTG:SECRET_LAIR:SL-CE6909ECF00CA8,1
risk_metrics.csv,identifier,asset_id,MTG:SECRET_LAIR:SL-CEB06DD843F657,1
risk_metrics.csv,identifier,asset_id,MTG:SECRET_LAIR:SL-CED357C3AB21E8,1
risk_metrics.csv,identifier,asset_id,MTG:SECRET_LAIR:SL-CEFFC6DB7F7ABD,1
risk_metrics.csv,identifier,asset_id,MTG:SECRET_LAIR:SL-CFD92A398D8349,1
risk_metrics.csv,identifier,asset_id,MTG:SECRET_LAIR:SL-D061A6FE209B52,1
risk_metrics.csv,identifier,asset_id,MTG:SECRET_LAIR:SL-D126DBCCB251DC,1
risk_metrics.csv,identifier,asset_id,MTG:SECRET_LAIR:SL-D133893D13E78E,1
risk_metrics.csv,identifier,asset_id,MTG:SECRET_LAIR:SL-D13D0C095C023B,1
risk_metrics.csv,identifier,asset_id,MTG:SECRET_LAIR:SL-D14CD1568AC703,1
risk_metrics.csv,identifier,asset_id,MTG:SECRET_LAIR:SL-D1513B904FE27E,1
risk_metrics.csv,identifier,asset_id,MTG:SECRET_LAIR:SL-D18A4E24571B1B,1
risk_metrics.csv,identifier,asset_id,MTG:SECRET_LAIR:SL-D1A162914F5B85,1
risk_metrics.csv,identifier,asset_id,MTG:SECRET_LAIR:SL-D23F4A9FC75D03,1
risk_metrics.csv,identifier,asset_id,MTG:SECRET_LAIR:SL-D263E9818F8B46,1
risk_metrics.csv,identifier,asset_id,MTG:SECRET_LAIR:SL-D2FCABD86AD689,1
risk_metrics.csv,identifier,asset_id,MTG:SECRET_LAIR:SL-D367F0D637FE13,1
risk_metrics.csv,identifier,asset_id,MTG:SECRET_LAIR:SL-D3778B65B20E24,1
risk_metrics.csv,identifier,asset_id,MTG:SECRET_LAIR:SL-D3C161D032DC86,1
risk_metrics.csv,identifier,asset_id,MTG:SECRET_LAIR:SL-D3C9566D0E6FB5,1
risk_metrics.csv,identifier,asset_id,MTG:SECRET_LAIR:SL-D3D61A3D20908A,1
risk_metrics.csv,identifier,asset_id,MTG:SECRET_LAIR:SL-D53A1849E7B1C9,1
risk_metrics.csv,identifier,asset_id,MTG:SECRET_LAIR:SL-D5C35A28D4B658,1
risk_metrics.csv,identifier,asset_id,MTG:SECRET_LAIR:SL-D5D2DCA70EA4CD,1
risk_metrics.csv,identifier,asset_id,MTG:SECRET_LAIR:SL-D608F5D4F5385E,1
risk_metrics.csv,identifier,asset_id,MTG:SECRET_LAIR:SL-D62B35CD192D99,1
risk_metrics.csv,identifier,asset_id,MTG:SECRET_LAIR:SL-D62C510B60B977,1
risk_metrics.csv,identifier,asset_id,MTG:SECRET_LAIR:SL-D68D8EB45F05E9,1
risk_metrics.csv,identifier,asset_id,MTG:SECRET_LAIR:SL-D68D9EB4249382,1
risk_metrics.csv,identifier,asset_id,MTG:SECRET_LAIR:SL-D6C7802610A57F,1
risk_metrics.csv,identifier,asset_id,MTG:SECRET_LAIR:SL-D76CD5BC7E1068,1
risk_metrics.csv,identifier,asset_id,MTG:SECRET_LAIR:SL-D792C24E8A09CF,1
risk_metrics.csv,identifier,asset_id,MTG:SECRET_LAIR:SL-D7984A9CB76C99,1
risk_metrics.csv,identifier,asset_id,MTG:SECRET_LAIR:SL-D80EFE168FB6A1,1
risk_metrics.csv,identifier,asset_id,MTG:SECRET_LAIR:SL-D83DCC4548D04F,1
risk_metrics.csv,identifier,asset_id,MTG:SECRET_LAIR:SL-D85757C8DB2B40,1
risk_metrics.csv,identifier,asset_id,MTG:SECRET_LAIR:SL-D8B6168FF7A7AD,1
risk_metrics.csv,identifier,asset_id,MTG:SECRET_LAIR:SL-D91B54107A78A7,1
risk_metrics.csv,identifier,asset_id,MTG:SECRET_LAIR:SL-D929FF1E16FDD7,1
risk_metrics.csv,identifier,asset_id,MTG:SECRET_LAIR:SL-D9CB56BE93955C,1
risk_metrics.csv,identifier,asset_id,MTG:SECRET_LAIR:SL-D9F56A65FD35C5,1
risk_metrics.csv,identifier,asset_id,MTG:SECRET_LAIR:SL-D9F7FC2E4D48A5,1
risk_metrics.csv,identifier,asset_id,MTG:SECRET_LAIR:SL-DA0255DFD87A79,1
risk_metrics.csv,identifier,asset_id,MTG:SECRET_LAIR:SL-DA137A8920D7BE,1
risk_metrics.csv,identifier,asset_id,MTG:SECRET_LAIR:SL-DA14F1AD8875AF,1
risk_metrics.csv,identifier,asset_id,MTG:SECRET_LAIR:SL-DA7F8AD7B0BC80,1
risk_metrics.csv,identifier,asset_id,MTG:SECRET_LAIR:SL-DA95D95DF8A49D,1
risk_metrics.csv,identifier,asset_id,MTG:SECRET_LAIR:SL-DAA2346E431D52,1
risk_metrics.csv,identifier,asset_id,MTG:SECRET_LAIR:SL-DB82DC16CD1A6A,1
risk_metrics.csv,identifier,asset_id,MTG:SECRET_LAIR:SL-DBB9EAD006DF92,1
risk_metrics.csv,identifier,asset_id,MTG:SECRET_LAIR:SL-DBDF87736B4AD6,1
risk_metrics.csv,identifier,asset_id,MTG:SECRET_LAIR:SL-DC36FC64429D5D,1
risk_metrics.csv,identifier,asset_id,MTG:SECRET_LAIR:SL-DCD05FAA1B15E7,1
risk_metrics.csv,identifier,asset_id,MTG:SECRET_LAIR:SL-DCDC09399C5D54,1
risk_metrics.csv,identifier,asset_id,MTG:SECRET_LAIR:SL-DD0C5279EE2007,1
risk_metrics.csv,identifier,asset_id,MTG:SECRET_LAIR:SL-DD25AF4AC936E2,1
risk_metrics.csv,identifier,asset_id,MTG:SECRET_LAIR:SL-DD3248D210AC90,1
risk_metrics.csv,identifier,asset_id,MTG:SECRET_LAIR:SL-DD3A0B4F1E7DA1,1
risk_metrics.csv,identifier,asset_id,MTG:SECRET_LAIR:SL-DD598BF68D0AC7,1
risk_metrics.csv,identifier,asset_id,MTG:SECRET_LAIR:SL-DD778C566554A0,1
risk_metrics.csv,identifier,asset_id,MTG:SECRET_LAIR:SL-DDF2764A92D297,1
risk_metrics.csv,identifier,asset_id,MTG:SECRET_LAIR:SL-DE73D77FB013F4,1
risk_metrics.csv,identifier,asset_id,MTG:SECRET_LAIR:SL-DEB0786B62B51D,1
risk_metrics.csv,identifier,asset_id,MTG:SECRET_LAIR:SL-DEE8CCCA9CFCCE,1
risk_metrics.csv,identifier,asset_id,MTG:SECRET_LAIR:SL-DEF4A1D4ADC965,1
risk_metrics.csv,identifier,asset_id,MTG:SECRET_LAIR:SL-DF5563A6AB6A1B,1
risk_metrics.csv,identifier,asset_id,MTG:SECRET_LAIR:SL-DFE9AC9C5D05C9,1
risk_metrics.csv,identifier,asset_id,MTG:SECRET_LAIR:SL-E000815724EA2A,1
risk_metrics.csv,identifier,asset_id,MTG:SECRET_LAIR:SL-E0190484BE31DE,1
risk_metrics.csv,identifier,asset_id,MTG:SECRET_LAIR:SL-E03F5C270405EA,1
risk_metrics.csv,identifier,asset_id,MTG:SECRET_LAIR:SL-E0414D04317EA2,1
risk_metrics.csv,identifier,asset_id,MTG:SECRET_LAIR:SL-E05E06D6578028,1
risk_metrics.csv,identifier,asset_id,MTG:SECRET_LAIR:SL-E06DD3E1E3F4CD,1
risk_metrics.csv,identifier,asset_id,MTG:SECRET_LAIR:SL-E126175F5EEBFF,1
risk_metrics.csv,identifier,asset_id,MTG:SECRET_LAIR:SL-E14AB3D48E2308,1
risk_metrics.csv,identifier,asset_id,MTG:SECRET_LAIR:SL-E19F0A74D8000D,1
risk_metrics.csv,identifier,asset_id,MTG:SECRET_LAIR:SL-E1E2903CCE3709,1
risk_metrics.csv,identifier,asset_id,MTG:SECRET_LAIR:SL-E23BF5EAA4F5AA,1
risk_metrics.csv,identifier,asset_id,MTG:SECRET_LAIR:SL-E24F74D610175D,1
risk_metrics.csv,identifier,asset_id,MTG:SECRET_LAIR:SL-E2540C64CF5262,1
risk_metrics.csv,identifier,asset_id,MTG:SECRET_LAIR:SL-E282CE5635F5FC,1
risk_metrics.csv,identifier,asset_id,MTG:SECRET_LAIR:SL-E2DB1B58657D1A,1
risk_metrics.csv,identifier,asset_id,MTG:SECRET_LAIR:SL-E339A090348C36,1
risk_metrics.csv,identifier,asset_id,MTG:SECRET_LAIR:SL-E3519A1A83A8E6,1
risk_metrics.csv,identifier,asset_id,MTG:SECRET_LAIR:SL-E397494832E845,1
risk_metrics.csv,identifier,asset_id,MTG:SECRET_LAIR:SL-E3D6BE401B6F95,1
risk_metrics.csv,identifier,asset_id,MTG:SECRET_LAIR:SL-E3E88EC01DA49B,1
risk_metrics.csv,identifier,asset_id,MTG:SECRET_LAIR:SL-E44D69BCAF5561,1
risk_metrics.csv,identifier,asset_id,MTG:SECRET_LAIR:SL-E4888AAC444029,1
risk_metrics.csv,identifier,asset_id,MTG:SECRET_LAIR:SL-E4AC3EAED9F285,1
risk_metrics.csv,identifier,asset_id,MTG:SECRET_LAIR:SL-E558347311E1F4,1
risk_metrics.csv,identifier,asset_id,MTG:SECRET_LAIR:SL-E577A60B3B1BA6,1
risk_metrics.csv,identifier,asset_id,MTG:SECRET_LAIR:SL-E5F4CFCD2D1E21,1
risk_metrics.csv,identifier,asset_id,MTG:SECRET_LAIR:SL-E5F7C4556D2AE8,1
risk_metrics.csv,identifier,asset_id,MTG:SECRET_LAIR:SL-E618F74B27D105,1
risk_metrics.csv,identifier,asset_id,MTG:SECRET_LAIR:SL-E63BB6ABED78A1,1
risk_metrics.csv,identifier,asset_id,MTG:SECRET_LAIR:SL-E6815E809637CD,1
risk_metrics.csv,identifier,asset_id,MTG:SECRET_LAIR:SL-E6ACEF67518AF1,1
risk_metrics.csv,identifier,asset_id,MTG:SECRET_LAIR:SL-E73519A6D7C437,1
risk_metrics.csv,identifier,asset_id,MTG:SECRET_LAIR:SL-E761E1777C5411,1
risk_metrics.csv,identifier,asset_id,MTG:SECRET_LAIR:SL-E7BDE12BA780C5,1
risk_metrics.csv,identifier,asset_id,MTG:SECRET_LAIR:SL-E82C687C9DB063,1
risk_metrics.csv,identifier,asset_id,MTG:SECRET_LAIR:SL-E84A5B15E6F9C3,1
risk_metrics.csv,identifier,asset_id,MTG:SECRET_LAIR:SL-E8AF55C924629C,1
risk_metrics.csv,identifier,asset_id,MTG:SECRET_LAIR:SL-E94BE968A3A112,1
risk_metrics.csv,identifier,asset_id,MTG:SECRET_LAIR:SL-E976A82043B976,1
risk_metrics.csv,identifier,asset_id,MTG:SECRET_LAIR:SL-E9DEA56D4176E0,1
risk_metrics.csv,identifier,asset_id,MTG:SECRET_LAIR:SL-EA00AF141F2FAC,1
risk_metrics.csv,identifier,asset_id,MTG:SECRET_LAIR:SL-EA3F127E1B6608,1
risk_metrics.csv,identifier,asset_id,MTG:SECRET_LAIR:SL-EA8B400EB7587C,1
risk_metrics.csv,identifier,asset_id,MTG:SECRET_LAIR:SL-EB7674C656581E,1
risk_metrics.csv,identifier,asset_id,MTG:SECRET_LAIR:SL-EB7E2032D0A931,1
risk_metrics.csv,identifier,asset_id,MTG:SECRET_LAIR:SL-EB862139323FA8,1
risk_metrics.csv,identifier,asset_id,MTG:SECRET_LAIR:SL-EBBF87B2EDF78C,1
risk_metrics.csv,identifier,asset_id,MTG:SECRET_LAIR:SL-EBF12D8FC470D3,1
risk_metrics.csv,identifier,asset_id,MTG:SECRET_LAIR:SL-EC805E73DB692C,1
risk_metrics.csv,identifier,asset_id,MTG:SECRET_LAIR:SL-EDA5F0018F2448,1
risk_metrics.csv,identifier,asset_id,MTG:SECRET_LAIR:SL-EE12104C3A49E7,1
risk_metrics.csv,identifier,asset_id,MTG:SECRET_LAIR:SL-EE73A455D6DAFC,1
risk_metrics.csv,identifier,asset_id,MTG:SECRET_LAIR:SL-EE882204CA80F5,1
risk_metrics.csv,identifier,asset_id,MTG:SECRET_LAIR:SL-EF03D947F97187,1
risk_metrics.csv,identifier,asset_id,MTG:SECRET_LAIR:SL-EF10004B2C3091,1
risk_metrics.csv,identifier,asset_id,MTG:SECRET_LAIR:SL-EF5BBE513EE03C,1
risk_metrics.csv,identifier,asset_id,MTG:SECRET_LAIR:SL-EFFCE6D4208A63,1
risk_metrics.csv,identifier,asset_id,MTG:SECRET_LAIR:SL-F0ADDB74A0D856,1
risk_metrics.csv,identifier,asset_id,MTG:SECRET_LAIR:SL-F0D638918879B3,1
risk_metrics.csv,identifier,asset_id,MTG:SECRET_LAIR:SL-F0F3F16536C281,1
risk_metrics.csv,identifier,asset_id,MTG:SECRET_LAIR:SL-F14FB92D2DCBC6,1
risk_metrics.csv,identifier,asset_id,MTG:SECRET_LAIR:SL-F1CC2FF6F7667E,1
risk_metrics.csv,identifier,asset_id,MTG:SECRET_LAIR:SL-F25C6E61EC9D3B,1
risk_metrics.csv,identifier,asset_id,MTG:SECRET_LAIR:SL-F26AFF6BB24E88,1
risk_metrics.csv,identifier,asset_id,MTG:SECRET_LAIR:SL-F2F5EBEEEBD0C5,1
risk_metrics.csv,identifier,asset_id,MTG:SECRET_LAIR:SL-F2F92FE2CD5458,1
risk_metrics.csv,identifier,asset_id,MTG:SECRET_LAIR:SL-F378E79C981B5B,1
risk_metrics.csv,identifier,asset_id,MTG:SECRET_LAIR:SL-F3C784F688A104,1
risk_metrics.csv,identifier,asset_id,MTG:SECRET_LAIR:SL-F3D3088DA018D0,1
risk_metrics.csv,identifier,asset_id,MTG:SECRET_LAIR:SL-F3F1C2A23E48D0,1
risk_metrics.csv,identifier,asset_id,MTG:SECRET_LAIR:SL-F419DE27DCB991,1
risk_metrics.csv,identifier,asset_id,MTG:SECRET_LAIR:SL-F46976B12ECA22,1
risk_metrics.csv,identifier,asset_id,MTG:SECRET_LAIR:SL-F4935DE607204D,1
risk_metrics.csv,identifier,asset_id,MTG:SECRET_LAIR:SL-F4A97CEA3A7C1C,1
risk_metrics.csv,identifier,asset_id,MTG:SECRET_LAIR:SL-F4DBBBEC3CFEB4,1
risk_metrics.csv,identifier,asset_id,MTG:SECRET_LAIR:SL-F546FBC2EE4D47,1
risk_metrics.csv,identifier,asset_id,MTG:SECRET_LAIR:SL-F5C7D5AC423EC1,1
risk_metrics.csv,identifier,asset_id,MTG:SECRET_LAIR:SL-F5FC37E9763B7C,1
risk_metrics.csv,identifier,asset_id,MTG:SECRET_LAIR:SL-F638B39456864F,1
risk_metrics.csv,identifier,asset_id,MTG:SECRET_LAIR:SL-F66DFA42E52417,1
risk_metrics.csv,identifier,asset_id,MTG:SECRET_LAIR:SL-F6CE9EEE501707,1
risk_metrics.csv,identifier,asset_id,MTG:SECRET_LAIR:SL-F70A9FB130F172,1
risk_metrics.csv,identifier,asset_id,MTG:SECRET_LAIR:SL-F7BF46E86FD15C,1
risk_metrics.csv,identifier,asset_id,MTG:SECRET_LAIR:SL-F7E159B4E7D922,1
risk_metrics.csv,identifier,asset_id,MTG:SECRET_LAIR:SL-F7E2916CEC3366,1
risk_metrics.csv,identifier,asset_id,MTG:SECRET_LAIR:SL-F8091FD6F7CD83,1
risk_metrics.csv,identifier,asset_id,MTG:SECRET_LAIR:SL-F8130EF2307D5F,1
risk_metrics.csv,identifier,asset_id,MTG:SECRET_LAIR:SL-F87B4FFB3CCD49,1
risk_metrics.csv,identifier,asset_id,MTG:SECRET_LAIR:SL-F886C775F2D753,1
risk_metrics.csv,identifier,asset_id,MTG:SECRET_LAIR:SL-F8A34E5202D218,1
risk_metrics.csv,identifier,asset_id,MTG:SECRET_LAIR:SL-F960B8C972DDE8,1
risk_metrics.csv,identifier,asset_id,MTG:SECRET_LAIR:SL-F97114C3F34013,1
risk_metrics.csv,identifier,asset_id,MTG:SECRET_LAIR:SL-F9C826AE302BF4,1
risk_metrics.csv,identifier,asset_id,MTG:SECRET_LAIR:SL-F9E21EA0D52C4A,1
risk_metrics.csv,identifier,asset_id,MTG:SECRET_LAIR:SL-FA32CF1A49D1D5,1
risk_metrics.csv,identifier,asset_id,MTG:SECRET_LAIR:SL-FA3D9482741C16,1
risk_metrics.csv,identifier,asset_id,MTG:SECRET_LAIR:SL-FA6223566C7B76,1
risk_metrics.csv,identifier,asset_id,MTG:SECRET_LAIR:SL-FA7A7EE1991025,1
risk_metrics.csv,identifier,asset_id,MTG:SECRET_LAIR:SL-FA7D6580C34737,1
risk_metrics.csv,identifier,asset_id,MTG:SECRET_LAIR:SL-FB01410D9F3250,1
risk_metrics.csv,identifier,asset_id,MTG:SECRET_LAIR:SL-FB1E1566446236,1
risk_metrics.csv,identifier,asset_id,MTG:SECRET_LAIR:SL-FB1FECB0690176,1
risk_metrics.csv,identifier,asset_id,MTG:SECRET_LAIR:SL-FB8F41B5698E85,1
risk_metrics.csv,identifier,asset_id,MTG:SECRET_LAIR:SL-FBADB7587BFD9A,1
risk_metrics.csv,identifier,asset_id,MTG:SECRET_LAIR:SL-FC44F373482E68,1
risk_metrics.csv,identifier,asset_id,MTG:SECRET_LAIR:SL-FC508070AC9ECD,1
risk_metrics.csv,identifier,asset_id,MTG:SECRET_LAIR:SL-FCAEA5C157AA2D,1
risk_metrics.csv,identifier,asset_id,MTG:SECRET_LAIR:SL-FD327F76CA9BCB,1
risk_metrics.csv,identifier,asset_id,MTG:SECRET_LAIR:SL-FD569236BFC307,1
risk_metrics.csv,identifier,asset_id,MTG:SECRET_LAIR:SL-FD7EED45ECCFC6,1
risk_metrics.csv,identifier,asset_id,MTG:SECRET_LAIR:SL-FDA8FA789BE3A1,1
risk_metrics.csv,identifier,asset_id,MTG:SECRET_LAIR:SL-FDAA65C601D268,1
risk_metrics.csv,identifier,asset_id,MTG:SECRET_LAIR:SL-FE0F8BC07F7E66,1
risk_metrics.csv,identifier,asset_id,MTG:SECRET_LAIR:SL-FEA5D283ED723B,1
risk_metrics.csv,identifier,asset_id,MTG:SECRET_LAIR:SL-FF8B50F46CBD31,1
risk_metrics.csv,identifier,asset_id,MTG:SECRET_LAIR:SL-FFA400FF14BF49,1
risk_metrics.csv,identifier,asset_id,MTG:SECRET_LAIR:SL-FFE26A78CDDB2A,1
risk_metrics.csv,identifier,asset_id,MTG:COLLECTOR_BOOSTER_BOX:TCGCSV-17670-449559,1
risk_metrics.csv,identifier,asset_id,MTG:COLLECTOR_BOOSTER_BOX:TCGCSV-17684-451880,1
risk_metrics.csv,identifier,asset_id,MTG:COLLECTOR_BOOSTER_BOX:TCGCSV-22875-475584,1
risk_metrics.csv,identifier,asset_id,MTG:COLLECTOR_BOOSTER_BOX:TCGCSV-22876-489207,1
risk_metrics.csv,identifier,asset_id,MTG:COLLECTOR_BOOSTER_BOX:TCGCSV-23019-484912,1
risk_metrics.csv,identifier,asset_id,MTG:COLLECTOR_BOOSTER_BOX:TCGCSV-23019-515906,1
risk_metrics.csv,identifier,asset_id,MTG:COLLECTOR_BOOSTER_BOX:TCGCSV-23020-484929,1
risk_metrics.csv,identifier,asset_id,MTG:COLLECTOR_BOOSTER_BOX:TCGCSV-23163-496041,1
risk_metrics.csv,identifier,asset_id,MTG:COLLECTOR_BOOSTER_BOX:TCGCSV-23165-496076,1
risk_metrics.csv,identifier,asset_id,MTG:COLLECTOR_BOOSTER_BOX:TCGCSV-23312-516614,1
risk_metrics.csv,identifier,asset_id,MTG:COLLECTOR_BOOSTER_BOX:TCGCSV-23319-517708,1
risk_metrics.csv,identifier,asset_id,MTG:COLLECTOR_BOOSTER_BOX:TCGCSV-23337-523185,1
risk_metrics.csv,identifier,asset_id,MTG:COLLECTOR_BOOSTER_BOX:TCGCSV-23361-529968,1
risk_metrics.csv,identifier,asset_id,MTG:COLLECTOR_BOOSTER_BOX:TCGCSV-23439-541090,1
risk_metrics.csv,identifier,asset_id,MTG:COLLECTOR_BOOSTER_BOX:TCGCSV-23444-541179,1
risk_metrics.csv,identifier,asset_id,MTG:COLLECTOR_BOOSTER_BOX:TCGCSV-23446-541225,1
risk_metrics.csv,identifier,asset_id,MTG:COLLECTOR_BOOSTER_BOX:TCGCSV-23447-541238,1
risk_metrics.csv,identifier,asset_id,MTG:COLLECTOR_BOOSTER_BOX:TCGCSV-23550-557244,1
risk_metrics.csv,identifier,asset_id,MTG:COLLECTOR_BOOSTER_BOX:TCGCSV-23556-562122,1
risk_metrics.csv,identifier,asset_id,MTG:COLLECTOR_BOOSTER_BOX:TCGCSV-23848-594681,1
risk_metrics.csv,identifier,asset_id,MTG:COLLECTOR_BOOSTER_BOX:TCGCSV-23874-604253,1
risk_metrics.csv,identifier,asset_id,MTG:COLLECTOR_BOOSTER_BOX:TCGCSV-24219-618893,1
risk_metrics.csv,identifier,asset_id,MTG:COLLECTOR_BOOSTER_BOX:TCGCSV-24232-619649,1
risk_metrics.csv,identifier,asset_id,MTG:COLLECTOR_BOOSTER_BOX:TCGCSV-24233-619672,1
risk_metrics.csv,identifier,asset_id,MTG:COLLECTOR_BOOSTER_BOX:TCGCSV-24245-621110,1
risk_metrics.csv,identifier,asset_id,MTG:COLLECTOR_BOOSTER_BOX:TCGCSV-24421-648650,1
risk_metrics.csv,identifier,asset_id,MTG:COLLECTOR_BOOSTER_BOX:TCGCSV-24463-656322,1
risk_metrics.csv,identifier,asset_id,MTG:COLLECTOR_BOOSTER_BOX:TCGCSV-24495-657852,1
risk_metrics.csv,identifier,asset_id,MTG:COLLECTOR_BOOSTER_BOX:TCGCSV-24553-675606,1
risk_metrics.csv,identifier,asset_id,MTG:COLLECTOR_BOOSTER_BOX:TCGCSV-24601-675558,1
risk_metrics.csv,identifier,asset_id,MTG:COLLECTOR_BOOSTER_BOX:TCGCSV-24683-692963,1
risk_metrics.csv,identifier,asset_id,MTG:COLLECTOR_BOOSTER_BOX:TCGCSV-24684-692983,1
risk_metrics.csv,identifier,asset_id,MTG:COLLECTOR_BOOSTER_BOX:TCGCSV-2603-208279,1
risk_metrics.csv,identifier,asset_id,MTG:COLLECTOR_BOOSTER_BOX:TCGCSV-2648-220423,1
risk_metrics.csv,identifier,asset_id,MTG:COLLECTOR_BOOSTER_BOX:TCGCSV-2653-214818,1
risk_metrics.csv,identifier,asset_id,MTG:COLLECTOR_BOOSTER_BOX:TCGCSV-2708-221323,1
risk_metrics.csv,identifier,asset_id,MTG:COLLECTOR_BOOSTER_BOX:TCGCSV-2750-228249,1
risk_metrics.csv,identifier,asset_id,MTG:COLLECTOR_BOOSTER_BOX:TCGCSV-2773-233232,1
risk_metrics.csv,identifier,asset_id,MTG:COLLECTOR_BOOSTER_BOX:TCGCSV-2809-236348,1
risk_metrics.csv,identifier,asset_id,MTG:COLLECTOR_BOOSTER_BOX:TCGCSV-2823-238745,1
risk_metrics.csv,identifier,asset_id,MTG:COLLECTOR_BOOSTER_BOX:TCGCSV-2862-246457,1
risk_metrics.csv,identifier,asset_id,MTG:COLLECTOR_BOOSTER_BOX:TCGCSV-2864-244384,1
risk_metrics.csv,identifier,asset_id,MTG:COLLECTOR_BOOSTER_BOX:TCGCSV-2958-275406,1
risk_metrics.csv,identifier,asset_id,MTG:COLLECTOR_BOOSTER_BOX:TCGCSV-2965-257563,1
risk_metrics.csv,identifier,asset_id,MTG:COLLECTOR_BOOSTER_BOX:TCGCSV-3026-264767,1
risk_metrics.csv,identifier,asset_id,MTG:COLLECTOR_BOOSTER_BOX:TCGCSV-3047-267023,1
risk_metrics.csv,identifier,asset_id,MTG:COLLECTOR_BOOSTER_BOX:TCGCSV-3070-271509,1
risk_metrics.csv,identifier,asset_id,MTG:COLLECTOR_BOOSTER_BOX:TCGCSV-3102-275412,1
risk_metrics.csv,identifier,asset_id,MTG:COLLECTOR_BOOSTER_BOX:TCGCSV-3157-282224,1
risk_metrics.csv,identifier,asset_id,MTG:PRE_COLLECTOR_BOOSTER_BOX:MTG-CANON-TCGPLAYER-27262,1
risk_metrics.csv,identifier,asset_id,MTG:PRE_COLLECTOR_BOOSTER_BOX:MTG-CANON-TCGPLAYER-27266,1
risk_metrics.csv,identifier,asset_id,MTG:PRE_COLLECTOR_BOOSTER_BOX:MTG-CANON-TCGPLAYER-27313,1
risk_metrics.csv,identifier,asset_id,MTG:PRE_COLLECTOR_BOOSTER_BOX:MTG-CANON-TCGPLAYER-27265,1
risk_metrics.csv,identifier,asset_id,MTG:PRE_COLLECTOR_BOOSTER_BOX:MTG-CANON-TCGPLAYER-27263,1
risk_metrics.csv,identifier,asset_id,MTG:PRE_COLLECTOR_BOOSTER_BOX:MTG-CANON-TCGPLAYER-27303,1
risk_metrics.csv,identifier,asset_id,MTG:PRE_COLLECTOR_BOOSTER_BOX:MTG-CANON-TCGPLAYER-27286,1
risk_metrics.csv,identifier,asset_id,MTG:PRE_COLLECTOR_BOOSTER_BOX:MTG-CANON-TCGPLAYER-27309,1
risk_metrics.csv,identifier,asset_id,MTG:PRE_COLLECTOR_BOOSTER_BOX:MTG-CANON-TCGPLAYER-27276,1
risk_metrics.csv,identifier,asset_id,MTG:PRE_COLLECTOR_BOOSTER_BOX:MTG-CANON-TCGPLAYER-27279,1
risk_metrics.csv,identifier,asset_id,MTG:PRE_COLLECTOR_BOOSTER_BOX:MTG-CANON-TCGPLAYER-27283,1
risk_metrics.csv,identifier,asset_id,MTG:PRE_COLLECTOR_BOOSTER_BOX:MTG-CANON-TCGPLAYER-27269,1
risk_metrics.csv,identifier,asset_id,MTG:PRE_COLLECTOR_BOOSTER_BOX:MTG-CANON-TCGPLAYER-27282,1
risk_metrics.csv,identifier,asset_id,MTG:PRE_COLLECTOR_BOOSTER_BOX:MTG-CANON-TCGPLAYER-27261,1
risk_metrics.csv,identifier,asset_id,MTG:PRE_COLLECTOR_BOOSTER_BOX:MTG-CANON-TCGPLAYER-27290,1
risk_metrics.csv,identifier,asset_id,MTG:PRE_COLLECTOR_BOOSTER_BOX:MTG-CANON-TCGPLAYER-27317,1
risk_metrics.csv,identifier,asset_id,MTG:PRE_COLLECTOR_BOOSTER_BOX:MTG-CANON-TCGPLAYER-27278,1
risk_metrics.csv,identifier,asset_id,MTG:PRE_COLLECTOR_BOOSTER_BOX:MTG-CANON-TCGPLAYER-27298,1
risk_metrics.csv,identifier,asset_id,MTG:PRE_COLLECTOR_BOOSTER_BOX:MTG-CANON-TCGPLAYER-27318,1
risk_metrics.csv,identifier,asset_id,MTG:PRE_COLLECTOR_BOOSTER_BOX:MTG-CANON-TCGPLAYER-27308,1
risk_metrics.csv,identifier,asset_id,MTG:PRE_COLLECTOR_BOOSTER_BOX:MTG-CANON-TCGPLAYER-27307,1
risk_metrics.csv,identifier,asset_id,MTG:PRE_COLLECTOR_BOOSTER_BOX:MTG-CANON-TCGPLAYER-27275,1
risk_metrics.csv,identifier,asset_id,MTG:PRE_COLLECTOR_BOOSTER_BOX:MTG-CANON-TCGPLAYER-27299,1
risk_metrics.csv,identifier,asset_id,MTG:PRE_COLLECTOR_BOOSTER_BOX:MTG-CANON-TCGPLAYER-27312,1
risk_metrics.csv,identifier,asset_id,MTG:PRE_COLLECTOR_BOOSTER_BOX:MTG-CANON-TCGPLAYER-27316,1
risk_metrics.csv,identifier,asset_id,MTG:PRE_COLLECTOR_BOOSTER_BOX:MTG-CANON-TCGPLAYER-27315,1
risk_metrics.csv,identifier,asset_id,MTG:PRE_COLLECTOR_BOOSTER_BOX:MTG-CANON-TCGPLAYER-27270,1
risk_metrics.csv,identifier,asset_id,MTG:PRE_COLLECTOR_BOOSTER_BOX:MTG-CANON-TCGPLAYER-27300,1
risk_metrics.csv,identifier,asset_id,MTG:PRE_COLLECTOR_BOOSTER_BOX:MTG-CANON-TCGPLAYER-27314,1
risk_metrics.csv,identifier,asset_id,MTG:PRE_COLLECTOR_BOOSTER_BOX:MTG-CANON-TCGPLAYER-27289,1
risk_metrics.csv,identifier,asset_id,MTG:PRE_COLLECTOR_BOOSTER_BOX:MTG-CANON-TCGPLAYER-27293,1
risk_metrics.csv,identifier,asset_id,MTG:PRE_COLLECTOR_BOOSTER_BOX:MTG-CANON-TCGPLAYER-27301,1
risk_metrics.csv,identifier,asset_id,MTG:PRE_COLLECTOR_BOOSTER_BOX:MTG-CANON-TCGPLAYER-27284,1
risk_metrics.csv,identifier,asset_id,MTG:PRE_COLLECTOR_BOOSTER_BOX:MTG-CANON-TCGPLAYER-27297,1
risk_metrics.csv,identifier,asset_id,MTG:PRE_COLLECTOR_BOOSTER_BOX:MTG-CANON-TCGPLAYER-27258,1
risk_metrics.csv,identifier,asset_id,MTG:PRE_COLLECTOR_BOOSTER_BOX:MTG-CANON-TCGPLAYER-27264,1
risk_metrics.csv,identifier,asset_id,MTG:PRE_COLLECTOR_BOOSTER_BOX:MTG-CANON-TCGPLAYER-27294,1
risk_metrics.csv,identifier,asset_id,MTG:PRE_COLLECTOR_BOOSTER_BOX:MTG-CANON-TCGPLAYER-27311,1
risk_metrics.csv,identifier,asset_id,MTG:PRE_COLLECTOR_BOOSTER_BOX:MTG-CANON-TCGPLAYER-27285,1
risk_metrics.csv,identifier,asset_id,MTG:PRE_COLLECTOR_BOOSTER_BOX:MTG-CANON-TCGPLAYER-27295,1
risk_metrics.csv,identifier,asset_id,MTG:PRE_COLLECTOR_BOOSTER_BOX:MTG-CANON-TCGPLAYER-27287,1
risk_metrics.csv,identifier,asset_id,MTG:PRE_COLLECTOR_BOOSTER_BOX:MTG-CANON-TCGPLAYER-27305,1
risk_metrics.csv,identifier,asset_id,MTG:PRE_COLLECTOR_BOOSTER_BOX:MTG-CANON-TCGPLAYER-27259,1
risk_metrics.csv,identifier,asset_id,MTG:PRE_COLLECTOR_BOOSTER_BOX:MTG-CANON-TCGPLAYER-27291,1
risk_metrics.csv,identifier,asset_id,MTG:PRE_COLLECTOR_BOOSTER_BOX:MTG-CANON-TCGPLAYER-27272,1
risk_metrics.csv,identifier,asset_id,MTG:PRE_COLLECTOR_BOOSTER_BOX:MTG-CANON-TCGPLAYER-27277,1
risk_metrics.csv,identifier,asset_id,MTG:PRE_COLLECTOR_BOOSTER_BOX:MTG-CANON-TCGPLAYER-27268,1
risk_metrics.csv,identifier,asset_id,MTG:PRE_COLLECTOR_BOOSTER_BOX:MTG-CANON-TCGPLAYER-79290,1
risk_metrics.csv,identifier,asset_id,MTG:PRE_COLLECTOR_BOOSTER_BOX:MTG-CANON-TCGPLAYER-27267,1
risk_metrics.csv,identifier,asset_id,MTG:PRE_COLLECTOR_BOOSTER_BOX:MTG-CANON-TCGPLAYER-27304,1
risk_metrics.csv,identifier,asset_id,MTG:PRE_COLLECTOR_BOOSTER_BOX:MTG-CANON-TCGPLAYER-27260,1
risk_metrics.csv,identifier,asset_id,MTG:PRE_COLLECTOR_BOOSTER_BOX:MTG-CANON-TCGPLAYER-27302,1
risk_metrics.csv,identifier,asset_id,MTG:PRE_COLLECTOR_BOOSTER_BOX:MTG-CANON-TCGPLAYER-27281,1
risk_metrics.csv,identifier,asset_id,MTG:PRE_COLLECTOR_BOOSTER_BOX:MTG-CANON-TCGPLAYER-27273,1
risk_metrics.csv,identifier,asset_id,MTG:PRE_COLLECTOR_BOOSTER_BOX:MTG-CANON-TCGPLAYER-27271,1
risk_metrics.csv,identifier,asset_id,MTG:PRE_COLLECTOR_BOOSTER_BOX:MTG-CANON-TCGPLAYER-27310,1
risk_metrics.csv,identifier,asset_id,MTG:PRE_COLLECTOR_BOOSTER_BOX:MTG-CANON-TCGPLAYER-27296,1
risk_metrics.csv,identifier,asset_id,MTG:PRE_COLLECTOR_BOOSTER_BOX:MTG-CANON-TCGPLAYER-27280,1
risk_metrics.csv,identifier,asset_id,MTG:PRE_COLLECTOR_BOOSTER_BOX:MTG-CANON-TCGPLAYER-27257,1
risk_metrics.csv,identifier,asset_id,MTG:PRE_COLLECTOR_BOOSTER_BOX:MTG-CANON-TCGPLAYER-27288,1
risk_metrics.csv,identifier,asset_id,MTG:PRE_COLLECTOR_BOOSTER_BOX:MTG-CANON-TCGPLAYER-27292,1
risk_metrics.csv,identifier,asset_id,MTG:PRE_COLLECTOR_BOOSTER_BOX:MTG-CANON-TCGPLAYER-27306,1
risk_metrics.csv,identifier,asset_id,MTG:PRE_COLLECTOR_BOOSTER_BOX:MTG-CANON-TCGPLAYER-27274,1
risk_metrics.csv,identifier,asset_id,MTG:PRE_COLLECTOR_BOOSTER_BOX:MTG-CANON-TCGPLAYER-28640,1
risk_metrics.csv,identifier,asset_id,MTG:PRE_COLLECTOR_BOOSTER_BOX:MTG-CANON-TCGPLAYER-93516,1
risk_metrics.csv,identifier,asset_id,MTG:PRE_COLLECTOR_BOOSTER_BOX:MTG-CANON-TCGPLAYER-31841,1
risk_metrics.csv,identifier,asset_id,MTG:PRE_COLLECTOR_BOOSTER_BOX:MTG-CANON-TCGPLAYER-32529,1
risk_metrics.csv,identifier,asset_id,MTG:PRE_COLLECTOR_BOOSTER_BOX:MTG-CANON-TCGPLAYER-32789,1
risk_metrics.csv,identifier,asset_id,MTG:PRE_COLLECTOR_BOOSTER_BOX:MTG-CANON-TCGPLAYER-34468,1
risk_metrics.csv,identifier,asset_id,MTG:PRE_COLLECTOR_BOOSTER_BOX:MTG-CANON-TCGPLAYER-34678,1
risk_metrics.csv,identifier,asset_id,MTG:PRE_COLLECTOR_BOOSTER_BOX:MTG-CANON-TCGPLAYER-35372,1
risk_metrics.csv,identifier,asset_id,MTG:PRE_COLLECTOR_BOOSTER_BOX:MTG-CANON-TCGPLAYER-35749,1
risk_metrics.csv,identifier,asset_id,MTG:PRE_COLLECTOR_BOOSTER_BOX:MTG-CANON-TCGPLAYER-39109,1
risk_metrics.csv,identifier,asset_id,MTG:PRE_COLLECTOR_BOOSTER_BOX:MTG-CANON-TCGPLAYER-39410,1
risk_metrics.csv,identifier,asset_id,MTG:PRE_COLLECTOR_BOOSTER_BOX:MTG-CANON-TCGPLAYER-46957,1
risk_metrics.csv,identifier,asset_id,MTG:PRE_COLLECTOR_BOOSTER_BOX:MTG-CANON-TCGPLAYER-47791,1
risk_metrics.csv,identifier,asset_id,MTG:PRE_COLLECTOR_BOOSTER_BOX:MTG-CANON-TCGPLAYER-57584,1
risk_metrics.csv,identifier,asset_id,MTG:PRE_COLLECTOR_BOOSTER_BOX:MTG-CANON-TCGPLAYER-58058,1
risk_metrics.csv,identifier,asset_id,MTG:PRE_COLLECTOR_BOOSTER_BOX:MTG-CANON-TCGPLAYER-59120,1
risk_metrics.csv,identifier,asset_id,MTG:PRE_COLLECTOR_BOOSTER_BOX:MTG-CANON-TCGPLAYER-60117,1
risk_metrics.csv,identifier,asset_id,MTG:PRE_COLLECTOR_BOOSTER_BOX:MTG-CANON-TCGPLAYER-67311,1
risk_metrics.csv,identifier,asset_id,MTG:PRE_COLLECTOR_BOOSTER_BOX:MTG-CANON-TCGPLAYER-67751,1
risk_metrics.csv,identifier,asset_id,MTG:PRE_COLLECTOR_BOOSTER_BOX:MTG-CANON-TCGPLAYER-68104,1
risk_metrics.csv,identifier,asset_id,MTG:PRE_COLLECTOR_BOOSTER_BOX:MTG-CANON-TCGPLAYER-69243,1
risk_metrics.csv,identifier,asset_id,MTG:PRE_COLLECTOR_BOOSTER_BOX:MTG-CANON-TCGPLAYER-70960,1
risk_metrics.csv,identifier,asset_id,MTG:PRE_COLLECTOR_BOOSTER_BOX:MTG-CANON-TCGPLAYER-77321,1
risk_metrics.csv,identifier,asset_id,MTG:PRE_COLLECTOR_BOOSTER_BOX:MTG-CANON-TCGPLAYER-77322,1
risk_metrics.csv,identifier,asset_id,MTG:PRE_COLLECTOR_BOOSTER_BOX:MTG-CANON-TCGPLAYER-82200,1
risk_metrics.csv,identifier,asset_id,MTG:PRE_COLLECTOR_BOOSTER_BOX:MTG-CANON-TCGPLAYER-90786,1
risk_metrics.csv,identifier,asset_id,MTG:PRE_COLLECTOR_BOOSTER_BOX:MTG-CANON-TCGPLAYER-91650,1
risk_metrics.csv,identifier,asset_id,MTG:PRE_COLLECTOR_BOOSTER_BOX:MTG-CANON-TCGPLAYER-94746,1
risk_metrics.csv,identifier,asset_id,MTG:PRE_COLLECTOR_BOOSTER_BOX:MTG-CANON-TCGPLAYER-96137,1
risk_metrics.csv,identifier,asset_id,MTG:PRE_COLLECTOR_BOOSTER_BOX:MTG-CANON-TCGPLAYER-95052,1
risk_metrics.csv,identifier,asset_id,MTG:PRE_COLLECTOR_BOOSTER_BOX:MTG-CANON-TCGPLAYER-96147,1
risk_metrics.csv,identifier,asset_id,MTG:PRE_COLLECTOR_BOOSTER_BOX:MTG-CANON-TCGPLAYER-102715,1
risk_metrics.csv,identifier,asset_id,MTG:PRE_COLLECTOR_BOOSTER_BOX:MTG-CANON-TCGPLAYER-110418,1
risk_metrics.csv,identifier,asset_id,MTG:PRE_COLLECTOR_BOOSTER_BOX:MTG-CANON-TCGPLAYER-114832,1
risk_metrics.csv,identifier,asset_id,MTG:PRE_COLLECTOR_BOOSTER_BOX:MTG-CANON-TCGPLAYER-118393,1
risk_metrics.csv,identifier,asset_id,MTG:PRE_COLLECTOR_BOOSTER_BOX:MTG-CANON-TCGPLAYER-120965,1
risk_metrics.csv,identifier,asset_id,MTG:PRE_COLLECTOR_BOOSTER_BOX:MTG-CANON-TCGPLAYER-112706,1
risk_metrics.csv,identifier,asset_id,MTG:PRE_COLLECTOR_BOOSTER_BOX:MTG-CANON-TCGPLAYER-121527,1
risk_metrics.csv,identifier,asset_id,MTG:PRE_COLLECTOR_BOOSTER_BOX:MTG-CANON-TCGPLAYER-125794,1
risk_metrics.csv,identifier,asset_id,MTG:PRE_COLLECTOR_BOOSTER_BOX:MTG-CANON-TCGPLAYER-127069,1
risk_metrics.csv,identifier,asset_id,MTG:PRE_COLLECTOR_BOOSTER_BOX:MTG-CANON-TCGPLAYER-127174,1
risk_metrics.csv,identifier,asset_id,MTG:PRE_COLLECTOR_BOOSTER_BOX:MTG-CANON-TCGPLAYER-131456,1
risk_metrics.csv,identifier,asset_id,MTG:PRE_COLLECTOR_BOOSTER_BOX:MTG-CANON-TCGPLAYER-141989,1
risk_metrics.csv,identifier,asset_id,MTG:PRE_COLLECTOR_BOOSTER_BOX:MTG-CANON-TCGPLAYER-145235,1
risk_metrics.csv,identifier,asset_id,MTG:PRE_COLLECTOR_BOOSTER_BOX:MTG-CANON-TCGPLAYER-149402,1
risk_metrics.csv,identifier,asset_id,MTG:PRE_COLLECTOR_BOOSTER_BOX:MTG-CANON-TCGPLAYER-149404,1
risk_metrics.csv,identifier,asset_id,MTG:PRE_COLLECTOR_BOOSTER_BOX:MTG-CANON-TCGPLAYER-157857,1
risk_metrics.csv,identifier,asset_id,MTG:PRE_COLLECTOR_BOOSTER_BOX:MTG-CANON-TCGPLAYER-158423,1
risk_metrics.csv,identifier,asset_id,MTG:PRE_COLLECTOR_BOOSTER_BOX:MTG-CANON-TCGPLAYER-166536,1
risk_metrics.csv,identifier,asset_id,MTG:PRE_COLLECTOR_BOOSTER_BOX:MTG-CANON-TCGPLAYER-166550,1
risk_metrics.csv,identifier,asset_id,MTG:PRE_COLLECTOR_BOOSTER_BOX:MTG-CANON-TCGPLAYER-173362,1
risk_metrics.csv,identifier,asset_id,MTG:PRE_COLLECTOR_BOOSTER_BOX:MTG-CANON-TCGPLAYER-179444,1
risk_metrics.csv,identifier,asset_id,MTG:PRE_COLLECTOR_BOOSTER_BOX:MTG-CANON-TCGPLAYER-180734,1
risk_metrics.csv,identifier,asset_id,MTG:PRE_COLLECTOR_BOOSTER_BOX:MTG-CANON-TCGPLAYER-185676,1
risk_metrics.csv,identifier,asset_id,MTG:PRE_COLLECTOR_BOOSTER_BOX:MTG-CANON-TCGPLAYER-185894,1
risk_metrics.csv,identifier,asset_id,MTG:PRE_COLLECTOR_BOOSTER_BOX:MTG-CANON-TCGPLAYER-188210,1
risk_metrics.csv,eligibility,forecast_eligible,NO,1058
risk_metrics.csv,eligibility,forecast_eligible,YES,83
risk_metrics.csv,eligibility,recommendation_eligible,NO,1076
risk_metrics.csv,eligibility,recommendation_eligible,YES,65
historical_performance.csv,identifier,universal_mtg_product_id,MTG:SECRET_LAIR:SL-00DFD5FAF7A6FF,1
historical_performance.csv,identifier,universal_mtg_product_id,MTG:SECRET_LAIR:SL-014CB03DE34288,1
historical_performance.csv,identifier,universal_mtg_product_id,MTG:SECRET_LAIR:SL-0170AA960296CD,1
historical_performance.csv,identifier,universal_mtg_product_id,MTG:SECRET_LAIR:SL-01A33A04CE8DA9,1
historical_performance.csv,identifier,universal_mtg_product_id,MTG:SECRET_LAIR:SL-01DC7B8F9D05F8,1
historical_performance.csv,identifier,universal_mtg_product_id,MTG:SECRET_LAIR:SL-01E98F93055799,1
historical_performance.csv,identifier,universal_mtg_product_id,MTG:SECRET_LAIR:SL-01F4014DB0F8CA,1
historical_performance.csv,identifier,universal_mtg_product_id,MTG:SECRET_LAIR:SL-02041401623B89,1
historical_performance.csv,identifier,universal_mtg_product_id,MTG:SECRET_LAIR:SL-021B2153DBD979,1
historical_performance.csv,identifier,universal_mtg_product_id,MTG:SECRET_LAIR:SL-02BF1E90F565BA,1
historical_performance.csv,identifier,universal_mtg_product_id,MTG:SECRET_LAIR:SL-030C40B079BE71,1
historical_performance.csv,identifier,universal_mtg_product_id,MTG:SECRET_LAIR:SL-031591793B58D2,1
historical_performance.csv,identifier,universal_mtg_product_id,MTG:SECRET_LAIR:SL-035B905324063A,1
historical_performance.csv,identifier,universal_mtg_product_id,MTG:SECRET_LAIR:SL-038D960C141CC9,1
historical_performance.csv,identifier,universal_mtg_product_id,MTG:SECRET_LAIR:SL-0430987FB34846,1
historical_performance.csv,identifier,universal_mtg_product_id,MTG:SECRET_LAIR:SL-0464E462AF6315,1
historical_performance.csv,identifier,universal_mtg_product_id,MTG:SECRET_LAIR:SL-04F997D8C52528,1
historical_performance.csv,identifier,universal_mtg_product_id,MTG:SECRET_LAIR:SL-0559BC4D37DF0B,1
historical_performance.csv,identifier,universal_mtg_product_id,MTG:SECRET_LAIR:SL-061D727564DFFE,1
historical_performance.csv,identifier,universal_mtg_product_id,MTG:SECRET_LAIR:SL-064D2E49795666,1
historical_performance.csv,identifier,universal_mtg_product_id,MTG:SECRET_LAIR:SL-0695851252F6DF,1
historical_performance.csv,identifier,universal_mtg_product_id,MTG:SECRET_LAIR:SL-06CAAF43297C92,1
historical_performance.csv,identifier,universal_mtg_product_id,MTG:SECRET_LAIR:SL-074AA34DCCD62C,1
historical_performance.csv,identifier,universal_mtg_product_id,MTG:SECRET_LAIR:SL-07E8B624A8C7D4,1
historical_performance.csv,identifier,universal_mtg_product_id,MTG:SECRET_LAIR:SL-083956F35FB3E4,1
historical_performance.csv,identifier,universal_mtg_product_id,MTG:SECRET_LAIR:SL-091253B94BB947,1
historical_performance.csv,identifier,universal_mtg_product_id,MTG:SECRET_LAIR:SL-09332718CFEA52,1
historical_performance.csv,identifier,universal_mtg_product_id,MTG:SECRET_LAIR:SL-0957EA8624A898,1
historical_performance.csv,identifier,universal_mtg_product_id,MTG:SECRET_LAIR:SL-095A861D9875C3,1
historical_performance.csv,identifier,universal_mtg_product_id,MTG:SECRET_LAIR:SL-09F80672292CE8,1
historical_performance.csv,identifier,universal_mtg_product_id,MTG:SECRET_LAIR:SL-0A174DAC0F9024,1
historical_performance.csv,identifier,universal_mtg_product_id,MTG:SECRET_LAIR:SL-0A1AF554F409DF,1
historical_performance.csv,identifier,universal_mtg_product_id,MTG:SECRET_LAIR:SL-0AA8438AAB4240,1
historical_performance.csv,identifier,universal_mtg_product_id,MTG:SECRET_LAIR:SL-0B3132C3EEAD64,1
historical_performance.csv,identifier,universal_mtg_product_id,MTG:SECRET_LAIR:SL-0B75BFD8A38901,1
historical_performance.csv,identifier,universal_mtg_product_id,MTG:SECRET_LAIR:SL-0C1E7816FD9FE9,1
historical_performance.csv,identifier,universal_mtg_product_id,MTG:SECRET_LAIR:SL-0C4B6E83C3E214,1
historical_performance.csv,identifier,universal_mtg_product_id,MTG:SECRET_LAIR:SL-0CEABF59829053,1
historical_performance.csv,identifier,universal_mtg_product_id,MTG:SECRET_LAIR:SL-0CED568CA776CD,1
historical_performance.csv,identifier,universal_mtg_product_id,MTG:SECRET_LAIR:SL-0CF3E7A9C296C3,1
historical_performance.csv,identifier,universal_mtg_product_id,MTG:SECRET_LAIR:SL-0CFD9C26617BF8,1
historical_performance.csv,identifier,universal_mtg_product_id,MTG:SECRET_LAIR:SL-0D7734D027859B,1
historical_performance.csv,identifier,universal_mtg_product_id,MTG:SECRET_LAIR:SL-0D989A557A9D90,1
historical_performance.csv,identifier,universal_mtg_product_id,MTG:SECRET_LAIR:SL-0E13518CC2D50B,1
historical_performance.csv,identifier,universal_mtg_product_id,MTG:SECRET_LAIR:SL-0E630241169A8E,1
historical_performance.csv,identifier,universal_mtg_product_id,MTG:SECRET_LAIR:SL-0E772D4E9A9FA4,1
historical_performance.csv,identifier,universal_mtg_product_id,MTG:SECRET_LAIR:SL-0EA9F010F7F403,1
historical_performance.csv,identifier,universal_mtg_product_id,MTG:SECRET_LAIR:SL-0ED724E9E0E76F,1
historical_performance.csv,identifier,universal_mtg_product_id,MTG:SECRET_LAIR:SL-0EF6F56C669DFA,1
historical_performance.csv,identifier,universal_mtg_product_id,MTG:SECRET_LAIR:SL-0F1DBD84485B3E,1
historical_performance.csv,identifier,universal_mtg_product_id,MTG:SECRET_LAIR:SL-0F86D31256941D,1
historical_performance.csv,identifier,universal_mtg_product_id,MTG:SECRET_LAIR:SL-0F8CABC723BB6B,1
historical_performance.csv,identifier,universal_mtg_product_id,MTG:SECRET_LAIR:SL-0FD5F6D742E1F1,1
historical_performance.csv,identifier,universal_mtg_product_id,MTG:SECRET_LAIR:SL-1051ECFDCBF5AF,1
historical_performance.csv,identifier,universal_mtg_product_id,MTG:SECRET_LAIR:SL-10654C31034738,1
historical_performance.csv,identifier,universal_mtg_product_id,MTG:SECRET_LAIR:SL-10F7835581923D,1
historical_performance.csv,identifier,universal_mtg_product_id,MTG:SECRET_LAIR:SL-115EC34A20CEBD,1
historical_performance.csv,identifier,universal_mtg_product_id,MTG:SECRET_LAIR:SL-118CC96FD450B8,1
historical_performance.csv,identifier,universal_mtg_product_id,MTG:SECRET_LAIR:SL-120AAF80ADF7D7,1
historical_performance.csv,identifier,universal_mtg_product_id,MTG:SECRET_LAIR:SL-122DA15C9E14A2,1
historical_performance.csv,identifier,universal_mtg_product_id,MTG:SECRET_LAIR:SL-126AA07A5786BF,1
historical_performance.csv,identifier,universal_mtg_product_id,MTG:SECRET_LAIR:SL-12A0108619FC9B,1
historical_performance.csv,identifier,universal_mtg_product_id,MTG:SECRET_LAIR:SL-12C2591B92C35D,1
historical_performance.csv,identifier,universal_mtg_product_id,MTG:SECRET_LAIR:SL-1300E73CDDA9B5,1
historical_performance.csv,identifier,universal_mtg_product_id,MTG:SECRET_LAIR:SL-1304148BB94881,1
historical_performance.csv,identifier,universal_mtg_product_id,MTG:SECRET_LAIR:SL-137214427FCCAA,1
historical_performance.csv,identifier,universal_mtg_product_id,MTG:SECRET_LAIR:SL-13874C5D848C73,1
historical_performance.csv,identifier,universal_mtg_product_id,MTG:SECRET_LAIR:SL-13A381A40449C9,1
historical_performance.csv,identifier,universal_mtg_product_id,MTG:SECRET_LAIR:SL-13FAC3EF59E6AC,1
historical_performance.csv,identifier,universal_mtg_product_id,MTG:SECRET_LAIR:SL-14069B556F0234,1
historical_performance.csv,identifier,universal_mtg_product_id,MTG:SECRET_LAIR:SL-140EB9D3B38175,1
historical_performance.csv,identifier,universal_mtg_product_id,MTG:SECRET_LAIR:SL-142966DB35DC8F,1
historical_performance.csv,identifier,universal_mtg_product_id,MTG:SECRET_LAIR:SL-145E2D7DAB1056,1
historical_performance.csv,identifier,universal_mtg_product_id,MTG:SECRET_LAIR:SL-14CB93A38C37A0,1
historical_performance.csv,identifier,universal_mtg_product_id,MTG:SECRET_LAIR:SL-15ADFCF5094915,1
historical_performance.csv,identifier,universal_mtg_product_id,MTG:SECRET_LAIR:SL-15F0BDC0F7B590,1
historical_performance.csv,identifier,universal_mtg_product_id,MTG:SECRET_LAIR:SL-167399D6CD6288,1
historical_performance.csv,identifier,universal_mtg_product_id,MTG:SECRET_LAIR:SL-1673F72E783176,1
historical_performance.csv,identifier,universal_mtg_product_id,MTG:SECRET_LAIR:SL-1716D8997667E1,1
historical_performance.csv,identifier,universal_mtg_product_id,MTG:SECRET_LAIR:SL-17405C5D45E661,1
historical_performance.csv,identifier,universal_mtg_product_id,MTG:SECRET_LAIR:SL-18623F544924A7,1
historical_performance.csv,identifier,universal_mtg_product_id,MTG:SECRET_LAIR:SL-189ED14E304342,1
historical_performance.csv,identifier,universal_mtg_product_id,MTG:SECRET_LAIR:SL-18DF50D0713A3D,1
historical_performance.csv,identifier,universal_mtg_product_id,MTG:SECRET_LAIR:SL-19307234228696,1
historical_performance.csv,identifier,universal_mtg_product_id,MTG:SECRET_LAIR:SL-197CCEBB8BF2AC,1
historical_performance.csv,identifier,universal_mtg_product_id,MTG:SECRET_LAIR:SL-197EC2ADF7628E,1
historical_performance.csv,identifier,universal_mtg_product_id,MTG:SECRET_LAIR:SL-197F90EACBF23A,1
historical_performance.csv,identifier,universal_mtg_product_id,MTG:SECRET_LAIR:SL-19B445CB21B8AA,1
historical_performance.csv,identifier,universal_mtg_product_id,MTG:SECRET_LAIR:SL-1AC45BAFCC79A8,1
historical_performance.csv,identifier,universal_mtg_product_id,MTG:SECRET_LAIR:SL-1B0779915A22B6,1
historical_performance.csv,identifier,universal_mtg_product_id,MTG:SECRET_LAIR:SL-1B4F52C53867DC,1
historical_performance.csv,identifier,universal_mtg_product_id,MTG:SECRET_LAIR:SL-1B5B0C7B7DFD8A,1
historical_performance.csv,identifier,universal_mtg_product_id,MTG:SECRET_LAIR:SL-1C45E7F91C62E4,1
historical_performance.csv,identifier,universal_mtg_product_id,MTG:SECRET_LAIR:SL-1CBB2CDA24A606,1
historical_performance.csv,identifier,universal_mtg_product_id,MTG:SECRET_LAIR:SL-1D01680A770718,1
historical_performance.csv,identifier,universal_mtg_product_id,MTG:SECRET_LAIR:SL-1D242838322B00,1
historical_performance.csv,identifier,universal_mtg_product_id,MTG:SECRET_LAIR:SL-1D9FB450470C75,1
historical_performance.csv,identifier,universal_mtg_product_id,MTG:SECRET_LAIR:SL-1DA21B27711D91,1
historical_performance.csv,identifier,universal_mtg_product_id,MTG:SECRET_LAIR:SL-1DE33F0229DA09,1
historical_performance.csv,identifier,universal_mtg_product_id,MTG:SECRET_LAIR:SL-1E11913E760B30,1
historical_performance.csv,identifier,universal_mtg_product_id,MTG:SECRET_LAIR:SL-1F7D163D1ACEFB,1
historical_performance.csv,identifier,universal_mtg_product_id,MTG:SECRET_LAIR:SL-1F9921A151E628,1
historical_performance.csv,identifier,universal_mtg_product_id,MTG:SECRET_LAIR:SL-2007070E059EDF,1
historical_performance.csv,identifier,universal_mtg_product_id,MTG:SECRET_LAIR:SL-204D6B03D36FE2,1
historical_performance.csv,identifier,universal_mtg_product_id,MTG:SECRET_LAIR:SL-207EFFFEEB79A0,1
historical_performance.csv,identifier,universal_mtg_product_id,MTG:SECRET_LAIR:SL-2098A235696D4F,1
historical_performance.csv,identifier,universal_mtg_product_id,MTG:SECRET_LAIR:SL-20A675073DCB5D,1
historical_performance.csv,identifier,universal_mtg_product_id,MTG:SECRET_LAIR:SL-20D499A470B8A5,1
historical_performance.csv,identifier,universal_mtg_product_id,MTG:SECRET_LAIR:SL-20E2C89BAB6915,1
historical_performance.csv,identifier,universal_mtg_product_id,MTG:SECRET_LAIR:SL-20EA4A771B3569,1
historical_performance.csv,identifier,universal_mtg_product_id,MTG:SECRET_LAIR:SL-213339E791C59A,1
historical_performance.csv,identifier,universal_mtg_product_id,MTG:SECRET_LAIR:SL-214ED723D3A771,1
historical_performance.csv,identifier,universal_mtg_product_id,MTG:SECRET_LAIR:SL-21979E71D302E5,1
historical_performance.csv,identifier,universal_mtg_product_id,MTG:SECRET_LAIR:SL-219DB149BBB690,1
historical_performance.csv,identifier,universal_mtg_product_id,MTG:SECRET_LAIR:SL-22454153307BC0,1
historical_performance.csv,identifier,universal_mtg_product_id,MTG:SECRET_LAIR:SL-226F557D91DE6E,1
historical_performance.csv,identifier,universal_mtg_product_id,MTG:SECRET_LAIR:SL-22B841990DAC1F,1
historical_performance.csv,identifier,universal_mtg_product_id,MTG:SECRET_LAIR:SL-22CD7E1A6B7A30,1
historical_performance.csv,identifier,universal_mtg_product_id,MTG:SECRET_LAIR:SL-22E3600468CA16,1
historical_performance.csv,identifier,universal_mtg_product_id,MTG:SECRET_LAIR:SL-2347A35CDE0CCA,1
historical_performance.csv,identifier,universal_mtg_product_id,MTG:SECRET_LAIR:SL-23598BE2582FF4,1
historical_performance.csv,identifier,universal_mtg_product_id,MTG:SECRET_LAIR:SL-239D6859BD1D9C,1
historical_performance.csv,identifier,universal_mtg_product_id,MTG:SECRET_LAIR:SL-23E541A279A532,1
historical_performance.csv,identifier,universal_mtg_product_id,MTG:SECRET_LAIR:SL-23F2295DED1E9C,1
historical_performance.csv,identifier,universal_mtg_product_id,MTG:SECRET_LAIR:SL-23FA662D95286E,1
historical_performance.csv,identifier,universal_mtg_product_id,MTG:SECRET_LAIR:SL-24526707F6CB2D,1
historical_performance.csv,identifier,universal_mtg_product_id,MTG:SECRET_LAIR:SL-24D60CEE50EB04,1
historical_performance.csv,identifier,universal_mtg_product_id,MTG:SECRET_LAIR:SL-255A0A2F4FEB20,1
historical_performance.csv,identifier,universal_mtg_product_id,MTG:SECRET_LAIR:SL-2569BCFE16FD2C,1
historical_performance.csv,identifier,universal_mtg_product_id,MTG:SECRET_LAIR:SL-256B2682940475,1
historical_performance.csv,identifier,universal_mtg_product_id,MTG:SECRET_LAIR:SL-25FFECED0CE8DE,1
historical_performance.csv,identifier,universal_mtg_product_id,MTG:SECRET_LAIR:SL-26B06B683BCA6B,1
historical_performance.csv,identifier,universal_mtg_product_id,MTG:SECRET_LAIR:SL-26CE439D88A06A,1
historical_performance.csv,identifier,universal_mtg_product_id,MTG:SECRET_LAIR:SL-26D338135420FD,1
historical_performance.csv,identifier,universal_mtg_product_id,MTG:SECRET_LAIR:SL-26D60205AA523A,1
historical_performance.csv,identifier,universal_mtg_product_id,MTG:SECRET_LAIR:SL-272CED28AF6023,1
historical_performance.csv,identifier,universal_mtg_product_id,MTG:SECRET_LAIR:SL-2786878C1D8F2A,1
historical_performance.csv,identifier,universal_mtg_product_id,MTG:SECRET_LAIR:SL-278D493DAEF98B,1
historical_performance.csv,identifier,universal_mtg_product_id,MTG:SECRET_LAIR:SL-27BCF6F90AE7CD,1
historical_performance.csv,identifier,universal_mtg_product_id,MTG:SECRET_LAIR:SL-27F25ED44B60AC,1
historical_performance.csv,identifier,universal_mtg_product_id,MTG:SECRET_LAIR:SL-27F53952DEB63B,1
historical_performance.csv,identifier,universal_mtg_product_id,MTG:SECRET_LAIR:SL-2825A1B58F0B24,1
historical_performance.csv,identifier,universal_mtg_product_id,MTG:SECRET_LAIR:SL-284D5484C99F48,1
historical_performance.csv,identifier,universal_mtg_product_id,MTG:SECRET_LAIR:SL-28E7EF25549A0F,1
historical_performance.csv,identifier,universal_mtg_product_id,MTG:SECRET_LAIR:SL-290BC5AB169700,1
historical_performance.csv,identifier,universal_mtg_product_id,MTG:SECRET_LAIR:SL-299EFC297156F1,1
historical_performance.csv,identifier,universal_mtg_product_id,MTG:SECRET_LAIR:SL-2A0B13F359B600,1
historical_performance.csv,identifier,universal_mtg_product_id,MTG:SECRET_LAIR:SL-2A2F4D4D905F89,1
historical_performance.csv,identifier,universal_mtg_product_id,MTG:SECRET_LAIR:SL-2AA846FD9ACD02,1
historical_performance.csv,identifier,universal_mtg_product_id,MTG:SECRET_LAIR:SL-2AC9C47B84FA46,1
historical_performance.csv,identifier,universal_mtg_product_id,MTG:SECRET_LAIR:SL-2ADC84D7922A98,1
historical_performance.csv,identifier,universal_mtg_product_id,MTG:SECRET_LAIR:SL-2AF8009F200134,1
historical_performance.csv,identifier,universal_mtg_product_id,MTG:SECRET_LAIR:SL-2B046AC7FBA460,1
historical_performance.csv,identifier,universal_mtg_product_id,MTG:SECRET_LAIR:SL-2B40642CD07C6B,1
historical_performance.csv,identifier,universal_mtg_product_id,MTG:SECRET_LAIR:SL-2B55545460A82C,1
historical_performance.csv,identifier,universal_mtg_product_id,MTG:SECRET_LAIR:SL-2B817FBC9624E5,1
historical_performance.csv,identifier,universal_mtg_product_id,MTG:SECRET_LAIR:SL-2B9EE853724B6D,1
historical_performance.csv,identifier,universal_mtg_product_id,MTG:SECRET_LAIR:SL-2BC80C4864DCB3,1
historical_performance.csv,identifier,universal_mtg_product_id,MTG:SECRET_LAIR:SL-2C8BD576A51D61,1
historical_performance.csv,identifier,universal_mtg_product_id,MTG:SECRET_LAIR:SL-2CC41EDDF7EBA1,1
historical_performance.csv,identifier,universal_mtg_product_id,MTG:SECRET_LAIR:SL-2CFDA3F4C0066D,1
historical_performance.csv,identifier,universal_mtg_product_id,MTG:SECRET_LAIR:SL-2D3CABC651E40A,1
historical_performance.csv,identifier,universal_mtg_product_id,MTG:SECRET_LAIR:SL-2D3F3FFB5E9435,1
historical_performance.csv,identifier,universal_mtg_product_id,MTG:SECRET_LAIR:SL-2D5B5D6DB161EE,1
historical_performance.csv,identifier,universal_mtg_product_id,MTG:SECRET_LAIR:SL-2E5D3F1C55B40E,1
historical_performance.csv,identifier,universal_mtg_product_id,MTG:SECRET_LAIR:SL-2E6BF27043E9BB,1
historical_performance.csv,identifier,universal_mtg_product_id,MTG:SECRET_LAIR:SL-2F0C6070A19154,1
historical_performance.csv,identifier,universal_mtg_product_id,MTG:SECRET_LAIR:SL-2F498E0B93A360,1
historical_performance.csv,identifier,universal_mtg_product_id,MTG:SECRET_LAIR:SL-2F5BFD58A416E7,1
historical_performance.csv,identifier,universal_mtg_product_id,MTG:SECRET_LAIR:SL-2FCD076205C4F4,1
historical_performance.csv,identifier,universal_mtg_product_id,MTG:SECRET_LAIR:SL-2FE515EC6D482C,1
historical_performance.csv,identifier,universal_mtg_product_id,MTG:SECRET_LAIR:SL-301D3C32669404,1
historical_performance.csv,identifier,universal_mtg_product_id,MTG:SECRET_LAIR:SL-30B353B1E2F40A,1
historical_performance.csv,identifier,universal_mtg_product_id,MTG:SECRET_LAIR:SL-30C88E4C2B3278,1
historical_performance.csv,identifier,universal_mtg_product_id,MTG:SECRET_LAIR:SL-30DF537FBDFC90,1
historical_performance.csv,identifier,universal_mtg_product_id,MTG:SECRET_LAIR:SL-3104ED52ED0029,1
historical_performance.csv,identifier,universal_mtg_product_id,MTG:SECRET_LAIR:SL-31ABCEB49A1123,1
historical_performance.csv,identifier,universal_mtg_product_id,MTG:SECRET_LAIR:SL-31EB584CE2759D,1
historical_performance.csv,identifier,universal_mtg_product_id,MTG:SECRET_LAIR:SL-31EB85A6AF4F60,1
historical_performance.csv,identifier,universal_mtg_product_id,MTG:SECRET_LAIR:SL-32E9767E0B3D5C,1
historical_performance.csv,identifier,universal_mtg_product_id,MTG:SECRET_LAIR:SL-33DE5E031EFD3B,1
historical_performance.csv,identifier,universal_mtg_product_id,MTG:SECRET_LAIR:SL-33FFFBC2DAC5E2,1
historical_performance.csv,identifier,universal_mtg_product_id,MTG:SECRET_LAIR:SL-34194E4F054A23,1
historical_performance.csv,identifier,universal_mtg_product_id,MTG:SECRET_LAIR:SL-34352A7A87C72D,1
historical_performance.csv,identifier,universal_mtg_product_id,MTG:SECRET_LAIR:SL-347373B1ADC604,1
historical_performance.csv,identifier,universal_mtg_product_id,MTG:SECRET_LAIR:SL-35D49FF298AC45,1
historical_performance.csv,identifier,universal_mtg_product_id,MTG:SECRET_LAIR:SL-36280CB83AC2AF,1
historical_performance.csv,identifier,universal_mtg_product_id,MTG:SECRET_LAIR:SL-364F90FA6A1775,1
historical_performance.csv,identifier,universal_mtg_product_id,MTG:SECRET_LAIR:SL-366202692BF768,1
historical_performance.csv,identifier,universal_mtg_product_id,MTG:SECRET_LAIR:SL-3695BA5801481E,1
historical_performance.csv,identifier,universal_mtg_product_id,MTG:SECRET_LAIR:SL-369FF863EC799B,1
historical_performance.csv,identifier,universal_mtg_product_id,MTG:SECRET_LAIR:SL-3734ADEE0BD3D9,1
historical_performance.csv,identifier,universal_mtg_product_id,MTG:SECRET_LAIR:SL-373CCE73104F13,1
historical_performance.csv,identifier,universal_mtg_product_id,MTG:SECRET_LAIR:SL-37C6B768973D2F,1
historical_performance.csv,identifier,universal_mtg_product_id,MTG:SECRET_LAIR:SL-37F143176116F8,1
historical_performance.csv,identifier,universal_mtg_product_id,MTG:SECRET_LAIR:SL-37F8EC322DC4FF,1
historical_performance.csv,identifier,universal_mtg_product_id,MTG:SECRET_LAIR:SL-383A5390F8CB76,1
historical_performance.csv,identifier,universal_mtg_product_id,MTG:SECRET_LAIR:SL-384FB17537F64E,1
historical_performance.csv,identifier,universal_mtg_product_id,MTG:SECRET_LAIR:SL-3852DBF0BE0E0F,1
historical_performance.csv,identifier,universal_mtg_product_id,MTG:SECRET_LAIR:SL-38870530CF4440,1
historical_performance.csv,identifier,universal_mtg_product_id,MTG:SECRET_LAIR:SL-38D62E44CA4044,1
historical_performance.csv,identifier,universal_mtg_product_id,MTG:SECRET_LAIR:SL-391ADFABB49A8E,1
historical_performance.csv,identifier,universal_mtg_product_id,MTG:SECRET_LAIR:SL-397AD1D0B568A3,1
historical_performance.csv,identifier,universal_mtg_product_id,MTG:SECRET_LAIR:SL-39B978CCE71007,1
historical_performance.csv,identifier,universal_mtg_product_id,MTG:SECRET_LAIR:SL-39CDF02CD749A1,1
historical_performance.csv,identifier,universal_mtg_product_id,MTG:SECRET_LAIR:SL-39F25CFE2C5A26,1
historical_performance.csv,identifier,universal_mtg_product_id,MTG:SECRET_LAIR:SL-3A02BD35AC0C02,1
historical_performance.csv,identifier,universal_mtg_product_id,MTG:SECRET_LAIR:SL-3A798704DD8BBD,1
historical_performance.csv,identifier,universal_mtg_product_id,MTG:SECRET_LAIR:SL-3A8C34AA302232,1
historical_performance.csv,identifier,universal_mtg_product_id,MTG:SECRET_LAIR:SL-3ABE230D547642,1
historical_performance.csv,identifier,universal_mtg_product_id,MTG:SECRET_LAIR:SL-3AD38730FCEF33,1
historical_performance.csv,identifier,universal_mtg_product_id,MTG:SECRET_LAIR:SL-3AE8E2E6E8B3B6,1
historical_performance.csv,identifier,universal_mtg_product_id,MTG:SECRET_LAIR:SL-3AED22057A4FFB,1
historical_performance.csv,identifier,universal_mtg_product_id,MTG:SECRET_LAIR:SL-3B1C73233CF74E,1
historical_performance.csv,identifier,universal_mtg_product_id,MTG:SECRET_LAIR:SL-3BCA01B6A36AD0,1
historical_performance.csv,identifier,universal_mtg_product_id,MTG:SECRET_LAIR:SL-3BF23A821ADB00,1
historical_performance.csv,identifier,universal_mtg_product_id,MTG:SECRET_LAIR:SL-3BF37BD3ACB158,1
historical_performance.csv,identifier,universal_mtg_product_id,MTG:SECRET_LAIR:SL-3BF8B1EFC3D63E,1
historical_performance.csv,identifier,universal_mtg_product_id,MTG:SECRET_LAIR:SL-3C65FD2BF954A2,1
historical_performance.csv,identifier,universal_mtg_product_id,MTG:SECRET_LAIR:SL-3C8F74D9F8C33A,1
historical_performance.csv,identifier,universal_mtg_product_id,MTG:SECRET_LAIR:SL-3C90B58C213EC3,1
historical_performance.csv,identifier,universal_mtg_product_id,MTG:SECRET_LAIR:SL-3CA7E30CC977F0,1
historical_performance.csv,identifier,universal_mtg_product_id,MTG:SECRET_LAIR:SL-3CE747424ABD9D,1
historical_performance.csv,identifier,universal_mtg_product_id,MTG:SECRET_LAIR:SL-3D0052CFE56421,1
historical_performance.csv,identifier,universal_mtg_product_id,MTG:SECRET_LAIR:SL-3D01D7D0EAE8CA,1
historical_performance.csv,identifier,universal_mtg_product_id,MTG:SECRET_LAIR:SL-3D16987F5EDCDC,1
historical_performance.csv,identifier,universal_mtg_product_id,MTG:SECRET_LAIR:SL-3D43E1264ED817,1
historical_performance.csv,identifier,universal_mtg_product_id,MTG:SECRET_LAIR:SL-3D4434A1970156,1
historical_performance.csv,identifier,universal_mtg_product_id,MTG:SECRET_LAIR:SL-3D4D8B9063C0F4,1
historical_performance.csv,identifier,universal_mtg_product_id,MTG:SECRET_LAIR:SL-3D98DA707A8A83,1
historical_performance.csv,identifier,universal_mtg_product_id,MTG:SECRET_LAIR:SL-3EEFF77D627261,1
historical_performance.csv,identifier,universal_mtg_product_id,MTG:SECRET_LAIR:SL-3EF9855B3720AF,1
historical_performance.csv,identifier,universal_mtg_product_id,MTG:SECRET_LAIR:SL-3F0275C619056A,1
historical_performance.csv,identifier,universal_mtg_product_id,MTG:SECRET_LAIR:SL-3F1F1DB9343414,1
historical_performance.csv,identifier,universal_mtg_product_id,MTG:SECRET_LAIR:SL-3F2B421DD9669F,1
historical_performance.csv,identifier,universal_mtg_product_id,MTG:SECRET_LAIR:SL-3F3C86FF9BD9C8,1
historical_performance.csv,identifier,universal_mtg_product_id,MTG:SECRET_LAIR:SL-3F745D24C8D183,1
historical_performance.csv,identifier,universal_mtg_product_id,MTG:SECRET_LAIR:SL-4018B4444438E9,1
historical_performance.csv,identifier,universal_mtg_product_id,MTG:SECRET_LAIR:SL-401C61727EE263,1
historical_performance.csv,identifier,universal_mtg_product_id,MTG:SECRET_LAIR:SL-40670F87176D8C,1
historical_performance.csv,identifier,universal_mtg_product_id,MTG:SECRET_LAIR:SL-40B6F9DD3A4665,1
historical_performance.csv,identifier,universal_mtg_product_id,MTG:SECRET_LAIR:SL-412C261AA45A1B,1
historical_performance.csv,identifier,universal_mtg_product_id,MTG:SECRET_LAIR:SL-415E40E57B3DAB,1
historical_performance.csv,identifier,universal_mtg_product_id,MTG:SECRET_LAIR:SL-41A8311FB84FA5,1
historical_performance.csv,identifier,universal_mtg_product_id,MTG:SECRET_LAIR:SL-41DAD3A3B372D8,1
historical_performance.csv,identifier,universal_mtg_product_id,MTG:SECRET_LAIR:SL-42559D1C728178,1
historical_performance.csv,identifier,universal_mtg_product_id,MTG:SECRET_LAIR:SL-4262135C124315,1
historical_performance.csv,identifier,universal_mtg_product_id,MTG:SECRET_LAIR:SL-42D8B704EA16D9,1
historical_performance.csv,identifier,universal_mtg_product_id,MTG:SECRET_LAIR:SL-43286263D6D2C4,1
historical_performance.csv,identifier,universal_mtg_product_id,MTG:SECRET_LAIR:SL-43659890F8CF5B,1
historical_performance.csv,identifier,universal_mtg_product_id,MTG:SECRET_LAIR:SL-43DBFB9B561C4B,1
historical_performance.csv,identifier,universal_mtg_product_id,MTG:SECRET_LAIR:SL-4445D560A16695,1
historical_performance.csv,identifier,universal_mtg_product_id,MTG:SECRET_LAIR:SL-44C1A8804ED001,1
historical_performance.csv,identifier,universal_mtg_product_id,MTG:SECRET_LAIR:SL-452614AF0A815A,1
historical_performance.csv,identifier,universal_mtg_product_id,MTG:SECRET_LAIR:SL-4538C3C87DD66E,1
historical_performance.csv,identifier,universal_mtg_product_id,MTG:SECRET_LAIR:SL-45AC0450672011,1
historical_performance.csv,identifier,universal_mtg_product_id,MTG:SECRET_LAIR:SL-45AD439AB34854,1
historical_performance.csv,identifier,universal_mtg_product_id,MTG:SECRET_LAIR:SL-4608D41552CD68,1
historical_performance.csv,identifier,universal_mtg_product_id,MTG:SECRET_LAIR:SL-4735ED23F7A4FD,1
historical_performance.csv,identifier,universal_mtg_product_id,MTG:SECRET_LAIR:SL-47609F826AE46F,1
historical_performance.csv,identifier,universal_mtg_product_id,MTG:SECRET_LAIR:SL-47D0706F022868,1
historical_performance.csv,identifier,universal_mtg_product_id,MTG:SECRET_LAIR:SL-47FD7A58931702,1
historical_performance.csv,identifier,universal_mtg_product_id,MTG:SECRET_LAIR:SL-481026198BBC92,1
historical_performance.csv,identifier,universal_mtg_product_id,MTG:SECRET_LAIR:SL-481C91DE34F288,1
historical_performance.csv,identifier,universal_mtg_product_id,MTG:SECRET_LAIR:SL-485FDCB7A00AFE,1
historical_performance.csv,identifier,universal_mtg_product_id,MTG:SECRET_LAIR:SL-48E2D44B0DB112,1
historical_performance.csv,identifier,universal_mtg_product_id,MTG:SECRET_LAIR:SL-4A13D668591161,1
historical_performance.csv,identifier,universal_mtg_product_id,MTG:SECRET_LAIR:SL-4AF8E5539A3A37,1
historical_performance.csv,identifier,universal_mtg_product_id,MTG:SECRET_LAIR:SL-4AFB9096DD6221,1
historical_performance.csv,identifier,universal_mtg_product_id,MTG:SECRET_LAIR:SL-4B22D43419542B,1
historical_performance.csv,identifier,universal_mtg_product_id,MTG:SECRET_LAIR:SL-4B314F21B95F79,1
historical_performance.csv,identifier,universal_mtg_product_id,MTG:SECRET_LAIR:SL-4BE57560047EB4,1
historical_performance.csv,identifier,universal_mtg_product_id,MTG:SECRET_LAIR:SL-4BF63B64592660,1
historical_performance.csv,identifier,universal_mtg_product_id,MTG:SECRET_LAIR:SL-4BF7FE45B6D5FA,1
historical_performance.csv,identifier,universal_mtg_product_id,MTG:SECRET_LAIR:SL-4C044399719CB3,1
historical_performance.csv,identifier,universal_mtg_product_id,MTG:SECRET_LAIR:SL-4C3509AD7E230B,1
historical_performance.csv,identifier,universal_mtg_product_id,MTG:SECRET_LAIR:SL-4C4FCD42C6E4CB,1
historical_performance.csv,identifier,universal_mtg_product_id,MTG:SECRET_LAIR:SL-4C6A3C65A74465,1
historical_performance.csv,identifier,universal_mtg_product_id,MTG:SECRET_LAIR:SL-4D59CDC526B4A4,1
historical_performance.csv,identifier,universal_mtg_product_id,MTG:SECRET_LAIR:SL-4D89F0ED51988D,1
historical_performance.csv,identifier,universal_mtg_product_id,MTG:SECRET_LAIR:SL-4E0F9462AECE34,1
historical_performance.csv,identifier,universal_mtg_product_id,MTG:SECRET_LAIR:SL-4E3DD31A8F10CD,1
historical_performance.csv,identifier,universal_mtg_product_id,MTG:SECRET_LAIR:SL-4E446C326A35E0,1
historical_performance.csv,identifier,universal_mtg_product_id,MTG:SECRET_LAIR:SL-4E4666C9C585DF,1
historical_performance.csv,identifier,universal_mtg_product_id,MTG:SECRET_LAIR:SL-4F949907592453,1
historical_performance.csv,identifier,universal_mtg_product_id,MTG:SECRET_LAIR:SL-500F5F97CE9D3D,1
historical_performance.csv,identifier,universal_mtg_product_id,MTG:SECRET_LAIR:SL-5023185002A2AA,1
historical_performance.csv,identifier,universal_mtg_product_id,MTG:SECRET_LAIR:SL-5068960BC36908,1
historical_performance.csv,identifier,universal_mtg_product_id,MTG:SECRET_LAIR:SL-50C145DADB01EC,1
historical_performance.csv,identifier,universal_mtg_product_id,MTG:SECRET_LAIR:SL-50E644B80B9CC1,1
historical_performance.csv,identifier,universal_mtg_product_id,MTG:SECRET_LAIR:SL-50FC4B0DB8BFBC,1
historical_performance.csv,identifier,universal_mtg_product_id,MTG:SECRET_LAIR:SL-514B5766ECCE6E,1
historical_performance.csv,identifier,universal_mtg_product_id,MTG:SECRET_LAIR:SL-514C1D6728B156,1
historical_performance.csv,identifier,universal_mtg_product_id,MTG:SECRET_LAIR:SL-51976658E5C23C,1
historical_performance.csv,identifier,universal_mtg_product_id,MTG:SECRET_LAIR:SL-51F0E5266661E3,1
historical_performance.csv,identifier,universal_mtg_product_id,MTG:SECRET_LAIR:SL-51F6FE2831BC59,1
historical_performance.csv,identifier,universal_mtg_product_id,MTG:SECRET_LAIR:SL-52287049EB9C78,1
historical_performance.csv,identifier,universal_mtg_product_id,MTG:SECRET_LAIR:SL-5255E36FDEE99C,1
historical_performance.csv,identifier,universal_mtg_product_id,MTG:SECRET_LAIR:SL-52AD75C0AF1006,1
historical_performance.csv,identifier,universal_mtg_product_id,MTG:SECRET_LAIR:SL-52D6DADA65F954,1
historical_performance.csv,identifier,universal_mtg_product_id,MTG:SECRET_LAIR:SL-52F611E7CD122A,1
historical_performance.csv,identifier,universal_mtg_product_id,MTG:SECRET_LAIR:SL-5372DCEAF5B496,1
historical_performance.csv,identifier,universal_mtg_product_id,MTG:SECRET_LAIR:SL-5375C51D0AF757,1
historical_performance.csv,identifier,universal_mtg_product_id,MTG:SECRET_LAIR:SL-537F7A73B4E5D7,1
historical_performance.csv,identifier,universal_mtg_product_id,MTG:SECRET_LAIR:SL-539814AFE340EF,1
historical_performance.csv,identifier,universal_mtg_product_id,MTG:SECRET_LAIR:SL-53DBCED4126506,1
historical_performance.csv,identifier,universal_mtg_product_id,MTG:SECRET_LAIR:SL-53E99BA82486AE,1
historical_performance.csv,identifier,universal_mtg_product_id,MTG:SECRET_LAIR:SL-53EFFF4AB66655,1
historical_performance.csv,identifier,universal_mtg_product_id,MTG:SECRET_LAIR:SL-5460CC74A875D8,1
historical_performance.csv,identifier,universal_mtg_product_id,MTG:SECRET_LAIR:SL-5468F7B9EAB454,1
historical_performance.csv,identifier,universal_mtg_product_id,MTG:SECRET_LAIR:SL-54C9080526A1C2,1
historical_performance.csv,identifier,universal_mtg_product_id,MTG:SECRET_LAIR:SL-54E30F9610306E,1
historical_performance.csv,identifier,universal_mtg_product_id,MTG:SECRET_LAIR:SL-55E97B4006F89E,1
historical_performance.csv,identifier,universal_mtg_product_id,MTG:SECRET_LAIR:SL-560F109DA33288,1
historical_performance.csv,identifier,universal_mtg_product_id,MTG:SECRET_LAIR:SL-5623C86036522B,1
historical_performance.csv,identifier,universal_mtg_product_id,MTG:SECRET_LAIR:SL-568C9C053EB3C5,1
historical_performance.csv,identifier,universal_mtg_product_id,MTG:SECRET_LAIR:SL-56A06CCE61A990,1
historical_performance.csv,identifier,universal_mtg_product_id,MTG:SECRET_LAIR:SL-57224CF33D1B18,1
historical_performance.csv,identifier,universal_mtg_product_id,MTG:SECRET_LAIR:SL-57B769C050A1F6,1
historical_performance.csv,identifier,universal_mtg_product_id,MTG:SECRET_LAIR:SL-585CACD9E76000,1
historical_performance.csv,identifier,universal_mtg_product_id,MTG:SECRET_LAIR:SL-5866DDA4AFF1E6,1
historical_performance.csv,identifier,universal_mtg_product_id,MTG:SECRET_LAIR:SL-5870A36D552768,1
historical_performance.csv,identifier,universal_mtg_product_id,MTG:SECRET_LAIR:SL-58CA1F11EE3BE3,1
historical_performance.csv,identifier,universal_mtg_product_id,MTG:SECRET_LAIR:SL-5933AE80C184BC,1
historical_performance.csv,identifier,universal_mtg_product_id,MTG:SECRET_LAIR:SL-59E7F564794C20,1
historical_performance.csv,identifier,universal_mtg_product_id,MTG:SECRET_LAIR:SL-5A1F788DAA7722,1
historical_performance.csv,identifier,universal_mtg_product_id,MTG:SECRET_LAIR:SL-5A4A678A238B50,1
historical_performance.csv,identifier,universal_mtg_product_id,MTG:SECRET_LAIR:SL-5A6AE8606BA087,1
historical_performance.csv,identifier,universal_mtg_product_id,MTG:SECRET_LAIR:SL-5B3A6F59394F77,1
historical_performance.csv,identifier,universal_mtg_product_id,MTG:SECRET_LAIR:SL-5B5B32122CDD63,1
historical_performance.csv,identifier,universal_mtg_product_id,MTG:SECRET_LAIR:SL-5B6759715093DA,1
historical_performance.csv,identifier,universal_mtg_product_id,MTG:SECRET_LAIR:SL-5C3F30C12BEBAB,1
historical_performance.csv,identifier,universal_mtg_product_id,MTG:SECRET_LAIR:SL-5C5578252D2926,1
historical_performance.csv,identifier,universal_mtg_product_id,MTG:SECRET_LAIR:SL-5C83F0908286AA,1
historical_performance.csv,identifier,universal_mtg_product_id,MTG:SECRET_LAIR:SL-5CD1718708F7CF,1
historical_performance.csv,identifier,universal_mtg_product_id,MTG:SECRET_LAIR:SL-5D627AA081FA6B,1
historical_performance.csv,identifier,universal_mtg_product_id,MTG:SECRET_LAIR:SL-5DCBAF53678E9A,1
historical_performance.csv,identifier,universal_mtg_product_id,MTG:SECRET_LAIR:SL-5DE687263E31C2,1
historical_performance.csv,identifier,universal_mtg_product_id,MTG:SECRET_LAIR:SL-5DFBCE0AB83C38,1
historical_performance.csv,identifier,universal_mtg_product_id,MTG:SECRET_LAIR:SL-5E385BCEB8C1D3,1
historical_performance.csv,identifier,universal_mtg_product_id,MTG:SECRET_LAIR:SL-5E88158210994E,1
historical_performance.csv,identifier,universal_mtg_product_id,MTG:SECRET_LAIR:SL-5EF93AB87CC7BC,1
historical_performance.csv,identifier,universal_mtg_product_id,MTG:SECRET_LAIR:SL-5FB294356B3D9E,1
historical_performance.csv,identifier,universal_mtg_product_id,MTG:SECRET_LAIR:SL-5FE7868CA1C657,1
historical_performance.csv,identifier,universal_mtg_product_id,MTG:SECRET_LAIR:SL-5FF41CC2D13BA0,1
historical_performance.csv,identifier,universal_mtg_product_id,MTG:SECRET_LAIR:SL-600CD704BB077D,1
historical_performance.csv,identifier,universal_mtg_product_id,MTG:SECRET_LAIR:SL-60461872853DE5,1
historical_performance.csv,identifier,universal_mtg_product_id,MTG:SECRET_LAIR:SL-60A40519C4C2EC,1
historical_performance.csv,identifier,universal_mtg_product_id,MTG:SECRET_LAIR:SL-60B5B69D0C5853,1
historical_performance.csv,identifier,universal_mtg_product_id,MTG:SECRET_LAIR:SL-60BFB1DCD1B82F,1
historical_performance.csv,identifier,universal_mtg_product_id,MTG:SECRET_LAIR:SL-60FC2555A55C64,1
historical_performance.csv,identifier,universal_mtg_product_id,MTG:SECRET_LAIR:SL-61289242472F60,1
historical_performance.csv,identifier,universal_mtg_product_id,MTG:SECRET_LAIR:SL-61E8E5DF8B1BBE,1
historical_performance.csv,identifier,universal_mtg_product_id,MTG:SECRET_LAIR:SL-61FF8037187542,1
historical_performance.csv,identifier,universal_mtg_product_id,MTG:SECRET_LAIR:SL-622D7365B067D1,1
historical_performance.csv,identifier,universal_mtg_product_id,MTG:SECRET_LAIR:SL-623013DF1CDC7A,1
historical_performance.csv,identifier,universal_mtg_product_id,MTG:SECRET_LAIR:SL-62530032A99C72,1
historical_performance.csv,identifier,universal_mtg_product_id,MTG:SECRET_LAIR:SL-6272B7E7FCCDE5,1
historical_performance.csv,identifier,universal_mtg_product_id,MTG:SECRET_LAIR:SL-627854ED741646,1
historical_performance.csv,identifier,universal_mtg_product_id,MTG:SECRET_LAIR:SL-62924E622370DA,1
historical_performance.csv,identifier,universal_mtg_product_id,MTG:SECRET_LAIR:SL-62BFC9811DD915,1
historical_performance.csv,identifier,universal_mtg_product_id,MTG:SECRET_LAIR:SL-62C80AB34D9CC5,1
historical_performance.csv,identifier,universal_mtg_product_id,MTG:SECRET_LAIR:SL-63246582180433,1
historical_performance.csv,identifier,universal_mtg_product_id,MTG:SECRET_LAIR:SL-63F3882ECD7C27,1
historical_performance.csv,identifier,universal_mtg_product_id,MTG:SECRET_LAIR:SL-641F10B993511F,1
historical_performance.csv,identifier,universal_mtg_product_id,MTG:SECRET_LAIR:SL-64570B00C96787,1
historical_performance.csv,identifier,universal_mtg_product_id,MTG:SECRET_LAIR:SL-649995DEB9E53B,1
historical_performance.csv,identifier,universal_mtg_product_id,MTG:SECRET_LAIR:SL-64DF5C443D393A,1
historical_performance.csv,identifier,universal_mtg_product_id,MTG:SECRET_LAIR:SL-653ECA949C539E,1
historical_performance.csv,identifier,universal_mtg_product_id,MTG:SECRET_LAIR:SL-65D2FBF09647F2,1
historical_performance.csv,identifier,universal_mtg_product_id,MTG:SECRET_LAIR:SL-6640A3B637C825,1
historical_performance.csv,identifier,universal_mtg_product_id,MTG:SECRET_LAIR:SL-66650DD69BF4D5,1
historical_performance.csv,identifier,universal_mtg_product_id,MTG:SECRET_LAIR:SL-67CAEA24680CC1,1
historical_performance.csv,identifier,universal_mtg_product_id,MTG:SECRET_LAIR:SL-6826C5CCC691B8,1
historical_performance.csv,identifier,universal_mtg_product_id,MTG:SECRET_LAIR:SL-686E1BBEBCBFAA,1
historical_performance.csv,identifier,universal_mtg_product_id,MTG:SECRET_LAIR:SL-690BF3733992EE,1
historical_performance.csv,identifier,universal_mtg_product_id,MTG:SECRET_LAIR:SL-6913FBEDFDB80B,1
historical_performance.csv,identifier,universal_mtg_product_id,MTG:SECRET_LAIR:SL-69852EB562DC18,1
historical_performance.csv,identifier,universal_mtg_product_id,MTG:SECRET_LAIR:SL-698A08AB4D7C37,1
historical_performance.csv,identifier,universal_mtg_product_id,MTG:SECRET_LAIR:SL-69FAC4782CEAD8,1
historical_performance.csv,identifier,universal_mtg_product_id,MTG:SECRET_LAIR:SL-6A188AFCDB31E1,1
historical_performance.csv,identifier,universal_mtg_product_id,MTG:SECRET_LAIR:SL-6A2D2E139F2254,1
historical_performance.csv,identifier,universal_mtg_product_id,MTG:SECRET_LAIR:SL-6A7B01B7E9573D,1
historical_performance.csv,identifier,universal_mtg_product_id,MTG:SECRET_LAIR:SL-6AF6F8F8E4C984,1
historical_performance.csv,identifier,universal_mtg_product_id,MTG:SECRET_LAIR:SL-6B03C6C7C5B91D,1
historical_performance.csv,identifier,universal_mtg_product_id,MTG:SECRET_LAIR:SL-6B5DCD60BA5730,1
historical_performance.csv,identifier,universal_mtg_product_id,MTG:SECRET_LAIR:SL-6B6C979A6E1B4E,1
historical_performance.csv,identifier,universal_mtg_product_id,MTG:SECRET_LAIR:SL-6B7BB6F2DC6CCE,1
historical_performance.csv,identifier,universal_mtg_product_id,MTG:SECRET_LAIR:SL-6C10833A178EED,1
historical_performance.csv,identifier,universal_mtg_product_id,MTG:SECRET_LAIR:SL-6C1B3964A65485,1
historical_performance.csv,identifier,universal_mtg_product_id,MTG:SECRET_LAIR:SL-6C256345194D9E,1
historical_performance.csv,identifier,universal_mtg_product_id,MTG:SECRET_LAIR:SL-6CD9F3DF876B1F,1
historical_performance.csv,identifier,universal_mtg_product_id,MTG:SECRET_LAIR:SL-6CE59E51DCC615,1
historical_performance.csv,identifier,universal_mtg_product_id,MTG:SECRET_LAIR:SL-6D386CB092B8F1,1
historical_performance.csv,identifier,universal_mtg_product_id,MTG:SECRET_LAIR:SL-6D6C79C2652BFD,1
historical_performance.csv,identifier,universal_mtg_product_id,MTG:SECRET_LAIR:SL-6DA9DA55C5623B,1
historical_performance.csv,identifier,universal_mtg_product_id,MTG:SECRET_LAIR:SL-6DF016FCB60547,1
historical_performance.csv,identifier,universal_mtg_product_id,MTG:SECRET_LAIR:SL-6DFA783F3B9A37,1
historical_performance.csv,identifier,universal_mtg_product_id,MTG:SECRET_LAIR:SL-6E10E7A8BD8C2C,1
historical_performance.csv,identifier,universal_mtg_product_id,MTG:SECRET_LAIR:SL-6E398CB1F66169,1
historical_performance.csv,identifier,universal_mtg_product_id,MTG:SECRET_LAIR:SL-6E41C5BF4AA13D,1
historical_performance.csv,identifier,universal_mtg_product_id,MTG:SECRET_LAIR:SL-6E54B9A2BF9CBF,1
historical_performance.csv,identifier,universal_mtg_product_id,MTG:SECRET_LAIR:SL-6EB03A8FE440C8,1
historical_performance.csv,identifier,universal_mtg_product_id,MTG:SECRET_LAIR:SL-6EC27A54060DFF,1
historical_performance.csv,identifier,universal_mtg_product_id,MTG:SECRET_LAIR:SL-6F5DC80C66F4E7,1
historical_performance.csv,identifier,universal_mtg_product_id,MTG:SECRET_LAIR:SL-6F9B1732BC4226,1
historical_performance.csv,identifier,universal_mtg_product_id,MTG:SECRET_LAIR:SL-701AF6693C838C,1
historical_performance.csv,identifier,universal_mtg_product_id,MTG:SECRET_LAIR:SL-70307120926003,1
historical_performance.csv,identifier,universal_mtg_product_id,MTG:SECRET_LAIR:SL-711EEDF03C34FB,1
historical_performance.csv,identifier,universal_mtg_product_id,MTG:SECRET_LAIR:SL-7184A0B63B1E9E,1
historical_performance.csv,identifier,universal_mtg_product_id,MTG:SECRET_LAIR:SL-72472EFE8746C4,1
historical_performance.csv,identifier,universal_mtg_product_id,MTG:SECRET_LAIR:SL-729124208E824A,1
historical_performance.csv,identifier,universal_mtg_product_id,MTG:SECRET_LAIR:SL-72B79910F6BD16,1
historical_performance.csv,identifier,universal_mtg_product_id,MTG:SECRET_LAIR:SL-72C3D4333AE81B,1
historical_performance.csv,identifier,universal_mtg_product_id,MTG:SECRET_LAIR:SL-72C515905E7352,1
historical_performance.csv,identifier,universal_mtg_product_id,MTG:SECRET_LAIR:SL-7321B93310E560,1
historical_performance.csv,identifier,universal_mtg_product_id,MTG:SECRET_LAIR:SL-732A9E59B24774,1
historical_performance.csv,identifier,universal_mtg_product_id,MTG:SECRET_LAIR:SL-73CD6FD155407F,1
historical_performance.csv,identifier,universal_mtg_product_id,MTG:SECRET_LAIR:SL-73D3B01E989878,1
historical_performance.csv,identifier,universal_mtg_product_id,MTG:SECRET_LAIR:SL-73D93121EB1CDB,1
historical_performance.csv,identifier,universal_mtg_product_id,MTG:SECRET_LAIR:SL-74035B29B5EAA4,1
historical_performance.csv,identifier,universal_mtg_product_id,MTG:SECRET_LAIR:SL-74104655C7BE3C,1
historical_performance.csv,identifier,universal_mtg_product_id,MTG:SECRET_LAIR:SL-7417373ADFE528,1
historical_performance.csv,identifier,universal_mtg_product_id,MTG:SECRET_LAIR:SL-747C45FB80DFBE,1
historical_performance.csv,identifier,universal_mtg_product_id,MTG:SECRET_LAIR:SL-750655931E6F97,1
historical_performance.csv,identifier,universal_mtg_product_id,MTG:SECRET_LAIR:SL-75579AD5DE6CB9,1
historical_performance.csv,identifier,universal_mtg_product_id,MTG:SECRET_LAIR:SL-75A147DF7061C1,1
historical_performance.csv,identifier,universal_mtg_product_id,MTG:SECRET_LAIR:SL-75C9DE65D2674C,1
historical_performance.csv,identifier,universal_mtg_product_id,MTG:SECRET_LAIR:SL-75D2EFF8DB9AA4,1
historical_performance.csv,identifier,universal_mtg_product_id,MTG:SECRET_LAIR:SL-75EB6270819FE3,1
historical_performance.csv,identifier,universal_mtg_product_id,MTG:SECRET_LAIR:SL-761D477012E693,1
historical_performance.csv,identifier,universal_mtg_product_id,MTG:SECRET_LAIR:SL-769EDCF494E5DB,1
historical_performance.csv,identifier,universal_mtg_product_id,MTG:SECRET_LAIR:SL-76D63CDFA651CA,1
historical_performance.csv,identifier,universal_mtg_product_id,MTG:SECRET_LAIR:SL-76D8B5BE432384,1
historical_performance.csv,identifier,universal_mtg_product_id,MTG:SECRET_LAIR:SL-76EE3574620B68,1
historical_performance.csv,identifier,universal_mtg_product_id,MTG:SECRET_LAIR:SL-7704D13F4E7F46,1
historical_performance.csv,identifier,universal_mtg_product_id,MTG:SECRET_LAIR:SL-7716CAD08A2C84,1
historical_performance.csv,identifier,universal_mtg_product_id,MTG:SECRET_LAIR:SL-771BBE0ADFF762,1
historical_performance.csv,identifier,universal_mtg_product_id,MTG:SECRET_LAIR:SL-774E94D5987351,1
historical_performance.csv,identifier,universal_mtg_product_id,MTG:SECRET_LAIR:SL-77B45F83FF98D9,1
historical_performance.csv,identifier,universal_mtg_product_id,MTG:SECRET_LAIR:SL-789447B652E3B8,1
historical_performance.csv,identifier,universal_mtg_product_id,MTG:SECRET_LAIR:SL-78C40B1B9F39C2,1
historical_performance.csv,identifier,universal_mtg_product_id,MTG:SECRET_LAIR:SL-7993B0A0677511,1
historical_performance.csv,identifier,universal_mtg_product_id,MTG:SECRET_LAIR:SL-7A106AED6BFADC,1
historical_performance.csv,identifier,universal_mtg_product_id,MTG:SECRET_LAIR:SL-7A15A1811F841D,1
historical_performance.csv,identifier,universal_mtg_product_id,MTG:SECRET_LAIR:SL-7A1A1484F233C2,1
historical_performance.csv,identifier,universal_mtg_product_id,MTG:SECRET_LAIR:SL-7AB8CB8D6BF8A6,1
historical_performance.csv,identifier,universal_mtg_product_id,MTG:SECRET_LAIR:SL-7AFCC7EB7F6678,1
historical_performance.csv,identifier,universal_mtg_product_id,MTG:SECRET_LAIR:SL-7B02CD15018C5D,1
historical_performance.csv,identifier,universal_mtg_product_id,MTG:SECRET_LAIR:SL-7B17A9D6C16703,1
historical_performance.csv,identifier,universal_mtg_product_id,MTG:SECRET_LAIR:SL-7B48FB549C4A3E,1
historical_performance.csv,identifier,universal_mtg_product_id,MTG:SECRET_LAIR:SL-7B6BF7476036E4,1
historical_performance.csv,identifier,universal_mtg_product_id,MTG:SECRET_LAIR:SL-7C2B424B1C7969,1
historical_performance.csv,identifier,universal_mtg_product_id,MTG:SECRET_LAIR:SL-7C656D70CEC8AA,1
historical_performance.csv,identifier,universal_mtg_product_id,MTG:SECRET_LAIR:SL-7CCCC779832E62,1
historical_performance.csv,identifier,universal_mtg_product_id,MTG:SECRET_LAIR:SL-7CCD4E3550ADDB,1
historical_performance.csv,identifier,universal_mtg_product_id,MTG:SECRET_LAIR:SL-7CD7CFCF523E56,1
historical_performance.csv,identifier,universal_mtg_product_id,MTG:SECRET_LAIR:SL-7D6A0F10ADD5A6,1
historical_performance.csv,identifier,universal_mtg_product_id,MTG:SECRET_LAIR:SL-7DE930AD4A4B8C,1
historical_performance.csv,identifier,universal_mtg_product_id,MTG:SECRET_LAIR:SL-7E347F44185EA2,1
historical_performance.csv,identifier,universal_mtg_product_id,MTG:SECRET_LAIR:SL-7E61275FD5CC85,1
historical_performance.csv,identifier,universal_mtg_product_id,MTG:SECRET_LAIR:SL-7E75AB2D5E48E1,1
historical_performance.csv,identifier,universal_mtg_product_id,MTG:SECRET_LAIR:SL-7E80920E7FFF0A,1
historical_performance.csv,identifier,universal_mtg_product_id,MTG:SECRET_LAIR:SL-7EA408BA13BB00,1
historical_performance.csv,identifier,universal_mtg_product_id,MTG:SECRET_LAIR:SL-7EAFE139BC0BCD,1
historical_performance.csv,identifier,universal_mtg_product_id,MTG:SECRET_LAIR:SL-7ECED24F562902,1
historical_performance.csv,identifier,universal_mtg_product_id,MTG:SECRET_LAIR:SL-7F55A4E4C3D3D0,1
historical_performance.csv,identifier,universal_mtg_product_id,MTG:SECRET_LAIR:SL-7F86F1BD66EEEB,1
historical_performance.csv,identifier,universal_mtg_product_id,MTG:SECRET_LAIR:SL-7FD38092671142,1
historical_performance.csv,identifier,universal_mtg_product_id,MTG:SECRET_LAIR:SL-7FF5D4693BDBF9,1
historical_performance.csv,identifier,universal_mtg_product_id,MTG:SECRET_LAIR:SL-800F3A66865530,1
historical_performance.csv,identifier,universal_mtg_product_id,MTG:SECRET_LAIR:SL-81870DDCED77D3,1
historical_performance.csv,identifier,universal_mtg_product_id,MTG:SECRET_LAIR:SL-81FFD366420F3A,1
historical_performance.csv,identifier,universal_mtg_product_id,MTG:SECRET_LAIR:SL-823B9F2127A229,1
historical_performance.csv,identifier,universal_mtg_product_id,MTG:SECRET_LAIR:SL-831C7242985EC8,1
historical_performance.csv,identifier,universal_mtg_product_id,MTG:SECRET_LAIR:SL-832BF55C6E27A1,1
historical_performance.csv,identifier,universal_mtg_product_id,MTG:SECRET_LAIR:SL-835C4CD141949B,1
historical_performance.csv,identifier,universal_mtg_product_id,MTG:SECRET_LAIR:SL-8396530F9CA30C,1
historical_performance.csv,identifier,universal_mtg_product_id,MTG:SECRET_LAIR:SL-839B89840B6DBF,1
historical_performance.csv,identifier,universal_mtg_product_id,MTG:SECRET_LAIR:SL-83DFC7BCCB8A6D,1
historical_performance.csv,identifier,universal_mtg_product_id,MTG:SECRET_LAIR:SL-83E8E9E9BDAB7C,1
historical_performance.csv,identifier,universal_mtg_product_id,MTG:SECRET_LAIR:SL-85D9B6A0A7C714,1
historical_performance.csv,identifier,universal_mtg_product_id,MTG:SECRET_LAIR:SL-86693ED2B58D32,1
historical_performance.csv,identifier,universal_mtg_product_id,MTG:SECRET_LAIR:SL-866F1B1463479D,1
historical_performance.csv,identifier,universal_mtg_product_id,MTG:SECRET_LAIR:SL-8679F958F70268,1
historical_performance.csv,identifier,universal_mtg_product_id,MTG:SECRET_LAIR:SL-867D74417C00E1,1
historical_performance.csv,identifier,universal_mtg_product_id,MTG:SECRET_LAIR:SL-86A2BCC3D47BF2,1
historical_performance.csv,identifier,universal_mtg_product_id,MTG:SECRET_LAIR:SL-86AA5CC0673EF5,1
historical_performance.csv,identifier,universal_mtg_product_id,MTG:SECRET_LAIR:SL-86C6A385452411,1
historical_performance.csv,identifier,universal_mtg_product_id,MTG:SECRET_LAIR:SL-86F0753AA66E4B,1
historical_performance.csv,identifier,universal_mtg_product_id,MTG:SECRET_LAIR:SL-87225328ADBE06,1
historical_performance.csv,identifier,universal_mtg_product_id,MTG:SECRET_LAIR:SL-873865C256386B,1
historical_performance.csv,identifier,universal_mtg_product_id,MTG:SECRET_LAIR:SL-8741607914304D,1
historical_performance.csv,identifier,universal_mtg_product_id,MTG:SECRET_LAIR:SL-876ECC963B1678,1
historical_performance.csv,identifier,universal_mtg_product_id,MTG:SECRET_LAIR:SL-8789D987BBC540,1
historical_performance.csv,identifier,universal_mtg_product_id,MTG:SECRET_LAIR:SL-87961062B3471E,1
historical_performance.csv,identifier,universal_mtg_product_id,MTG:SECRET_LAIR:SL-879DE87D93AF4D,1
historical_performance.csv,identifier,universal_mtg_product_id,MTG:SECRET_LAIR:SL-87A9F998D7BC8B,1
historical_performance.csv,identifier,universal_mtg_product_id,MTG:SECRET_LAIR:SL-88061F345B7215,1
historical_performance.csv,identifier,universal_mtg_product_id,MTG:SECRET_LAIR:SL-8809E95120F445,1
historical_performance.csv,identifier,universal_mtg_product_id,MTG:SECRET_LAIR:SL-88141E031F2873,1
historical_performance.csv,identifier,universal_mtg_product_id,MTG:SECRET_LAIR:SL-88858FD4A6CAF7,1
historical_performance.csv,identifier,universal_mtg_product_id,MTG:SECRET_LAIR:SL-888F2E0C4FB9B0,1
historical_performance.csv,identifier,universal_mtg_product_id,MTG:SECRET_LAIR:SL-88ECC52C2FD66F,1
historical_performance.csv,identifier,universal_mtg_product_id,MTG:SECRET_LAIR:SL-89002E8BB22ACE,1
historical_performance.csv,identifier,universal_mtg_product_id,MTG:SECRET_LAIR:SL-892D977231D36E,1
historical_performance.csv,identifier,universal_mtg_product_id,MTG:SECRET_LAIR:SL-896468C2158E5D,1
historical_performance.csv,identifier,universal_mtg_product_id,MTG:SECRET_LAIR:SL-89D18240A7624C,1
historical_performance.csv,identifier,universal_mtg_product_id,MTG:SECRET_LAIR:SL-89EE2906EE10D0,1
historical_performance.csv,identifier,universal_mtg_product_id,MTG:SECRET_LAIR:SL-8A15902ECB78B5,1
historical_performance.csv,identifier,universal_mtg_product_id,MTG:SECRET_LAIR:SL-8A1A953119552E,1
historical_performance.csv,identifier,universal_mtg_product_id,MTG:SECRET_LAIR:SL-8AAEC38BEC5FBD,1
historical_performance.csv,identifier,universal_mtg_product_id,MTG:SECRET_LAIR:SL-8AF1D3A4344B55,1
historical_performance.csv,identifier,universal_mtg_product_id,MTG:SECRET_LAIR:SL-8B33672F7EA3BC,1
historical_performance.csv,identifier,universal_mtg_product_id,MTG:SECRET_LAIR:SL-8B470F1D9379AF,1
historical_performance.csv,identifier,universal_mtg_product_id,MTG:SECRET_LAIR:SL-8BC0DEE34E59D2,1
historical_performance.csv,identifier,universal_mtg_product_id,MTG:SECRET_LAIR:SL-8D1031212D3210,1
historical_performance.csv,identifier,universal_mtg_product_id,MTG:SECRET_LAIR:SL-8D82D482708660,1
historical_performance.csv,identifier,universal_mtg_product_id,MTG:SECRET_LAIR:SL-8DF7AA99C9F2C9,1
historical_performance.csv,identifier,universal_mtg_product_id,MTG:SECRET_LAIR:SL-8DFBEA2BADBCC4,1
historical_performance.csv,identifier,universal_mtg_product_id,MTG:SECRET_LAIR:SL-8E1886C829359A,1
historical_performance.csv,identifier,universal_mtg_product_id,MTG:SECRET_LAIR:SL-8E83F173AEC350,1
historical_performance.csv,identifier,universal_mtg_product_id,MTG:SECRET_LAIR:SL-8EBDE365E2A458,1
historical_performance.csv,identifier,universal_mtg_product_id,MTG:SECRET_LAIR:SL-8F42E22C21A812,1
historical_performance.csv,identifier,universal_mtg_product_id,MTG:SECRET_LAIR:SL-8F5540C2D38BA1,1
historical_performance.csv,identifier,universal_mtg_product_id,MTG:SECRET_LAIR:SL-8FC5EC5CE5CF31,1
historical_performance.csv,identifier,universal_mtg_product_id,MTG:SECRET_LAIR:SL-8FED6673D932CA,1
historical_performance.csv,identifier,universal_mtg_product_id,MTG:SECRET_LAIR:SL-901432F718875C,1
historical_performance.csv,identifier,universal_mtg_product_id,MTG:SECRET_LAIR:SL-9026C39DC2D584,1
historical_performance.csv,identifier,universal_mtg_product_id,MTG:SECRET_LAIR:SL-906DC103EE0D2F,1
historical_performance.csv,identifier,universal_mtg_product_id,MTG:SECRET_LAIR:SL-90725EB2DB66FA,1
historical_performance.csv,identifier,universal_mtg_product_id,MTG:SECRET_LAIR:SL-908B8F97F7A4CA,1
historical_performance.csv,identifier,universal_mtg_product_id,MTG:SECRET_LAIR:SL-90A9B91CE326E6,1
historical_performance.csv,identifier,universal_mtg_product_id,MTG:SECRET_LAIR:SL-9179B083C2914F,1
historical_performance.csv,identifier,universal_mtg_product_id,MTG:SECRET_LAIR:SL-91B8D55112E9C9,1
historical_performance.csv,identifier,universal_mtg_product_id,MTG:SECRET_LAIR:SL-920AF504850AFD,1
historical_performance.csv,identifier,universal_mtg_product_id,MTG:SECRET_LAIR:SL-92D9B3EFB117F4,1
historical_performance.csv,identifier,universal_mtg_product_id,MTG:SECRET_LAIR:SL-934530AEA76C05,1
historical_performance.csv,identifier,universal_mtg_product_id,MTG:SECRET_LAIR:SL-9354CD516531FE,1
historical_performance.csv,identifier,universal_mtg_product_id,MTG:SECRET_LAIR:SL-9392A78457BB01,1
historical_performance.csv,identifier,universal_mtg_product_id,MTG:SECRET_LAIR:SL-93933272405D31,1
historical_performance.csv,identifier,universal_mtg_product_id,MTG:SECRET_LAIR:SL-93F3442047281C,1
historical_performance.csv,identifier,universal_mtg_product_id,MTG:SECRET_LAIR:SL-945C1DB70B69C9,1
historical_performance.csv,identifier,universal_mtg_product_id,MTG:SECRET_LAIR:SL-946D20169FB178,1
historical_performance.csv,identifier,universal_mtg_product_id,MTG:SECRET_LAIR:SL-94AFDF17C76C12,1
historical_performance.csv,identifier,universal_mtg_product_id,MTG:SECRET_LAIR:SL-94D47F07F61A0F,1
historical_performance.csv,identifier,universal_mtg_product_id,MTG:SECRET_LAIR:SL-9501FA347D3861,1
historical_performance.csv,identifier,universal_mtg_product_id,MTG:SECRET_LAIR:SL-950215B0A2668B,1
historical_performance.csv,identifier,universal_mtg_product_id,MTG:SECRET_LAIR:SL-950A1262892ED0,1
historical_performance.csv,identifier,universal_mtg_product_id,MTG:SECRET_LAIR:SL-95580EA636B3FF,1
historical_performance.csv,identifier,universal_mtg_product_id,MTG:SECRET_LAIR:SL-95C045CE385254,1
historical_performance.csv,identifier,universal_mtg_product_id,MTG:SECRET_LAIR:SL-95CA1F687198C8,1
historical_performance.csv,identifier,universal_mtg_product_id,MTG:SECRET_LAIR:SL-95F8B6ADF74AF6,1
historical_performance.csv,identifier,universal_mtg_product_id,MTG:SECRET_LAIR:SL-960978B749E8BC,1
historical_performance.csv,identifier,universal_mtg_product_id,MTG:SECRET_LAIR:SL-960F8E0D48A128,1
historical_performance.csv,identifier,universal_mtg_product_id,MTG:SECRET_LAIR:SL-9636BECFACB4FB,1
historical_performance.csv,identifier,universal_mtg_product_id,MTG:SECRET_LAIR:SL-96BE56C157011C,1
historical_performance.csv,identifier,universal_mtg_product_id,MTG:SECRET_LAIR:SL-96C67AB7F9BDE5,1
historical_performance.csv,identifier,universal_mtg_product_id,MTG:SECRET_LAIR:SL-96CADB0742DD94,1
historical_performance.csv,identifier,universal_mtg_product_id,MTG:SECRET_LAIR:SL-9704D4ABAC066A,1
historical_performance.csv,identifier,universal_mtg_product_id,MTG:SECRET_LAIR:SL-97078E5D14EBE4,1
historical_performance.csv,identifier,universal_mtg_product_id,MTG:SECRET_LAIR:SL-9717333D02A391,1
historical_performance.csv,identifier,universal_mtg_product_id,MTG:SECRET_LAIR:SL-9762ED8DD0FDB9,1
historical_performance.csv,identifier,universal_mtg_product_id,MTG:SECRET_LAIR:SL-97A19C3BC3A646,1
historical_performance.csv,identifier,universal_mtg_product_id,MTG:SECRET_LAIR:SL-97B83ADAA797E8,1
historical_performance.csv,identifier,universal_mtg_product_id,MTG:SECRET_LAIR:SL-97D4DC2FDE2271,1
historical_performance.csv,identifier,universal_mtg_product_id,MTG:SECRET_LAIR:SL-97E67435FE209E,1
historical_performance.csv,identifier,universal_mtg_product_id,MTG:SECRET_LAIR:SL-98B49C340237E2,1
historical_performance.csv,identifier,universal_mtg_product_id,MTG:SECRET_LAIR:SL-9956C343D188B0,1
historical_performance.csv,identifier,universal_mtg_product_id,MTG:SECRET_LAIR:SL-9962EA8B669B4F,1
historical_performance.csv,identifier,universal_mtg_product_id,MTG:SECRET_LAIR:SL-9A20B1803ACEFF,1
historical_performance.csv,identifier,universal_mtg_product_id,MTG:SECRET_LAIR:SL-9A6EF28EECF2DC,1
historical_performance.csv,identifier,universal_mtg_product_id,MTG:SECRET_LAIR:SL-9A70751B3B58BD,1
historical_performance.csv,identifier,universal_mtg_product_id,MTG:SECRET_LAIR:SL-9B1071444456CB,1
historical_performance.csv,identifier,universal_mtg_product_id,MTG:SECRET_LAIR:SL-9B4F84E69F4CCE,1
historical_performance.csv,identifier,universal_mtg_product_id,MTG:SECRET_LAIR:SL-9BC9B71A47DED5,1
historical_performance.csv,identifier,universal_mtg_product_id,MTG:SECRET_LAIR:SL-9BE91DCFB8B637,1
historical_performance.csv,identifier,universal_mtg_product_id,MTG:SECRET_LAIR:SL-9BF166AA8657DF,1
historical_performance.csv,identifier,universal_mtg_product_id,MTG:SECRET_LAIR:SL-9CD3BAD93DA107,1
historical_performance.csv,identifier,universal_mtg_product_id,MTG:SECRET_LAIR:SL-9CD93C9989F563,1
historical_performance.csv,identifier,universal_mtg_product_id,MTG:SECRET_LAIR:SL-9E1C46A1207B0B,1
historical_performance.csv,identifier,universal_mtg_product_id,MTG:SECRET_LAIR:SL-9E3BBD4ED8D2C6,1
historical_performance.csv,identifier,universal_mtg_product_id,MTG:SECRET_LAIR:SL-9EA2580F2EEDC6,1
historical_performance.csv,identifier,universal_mtg_product_id,MTG:SECRET_LAIR:SL-9EAF8671F2BE80,1
historical_performance.csv,identifier,universal_mtg_product_id,MTG:SECRET_LAIR:SL-9EDDAD28E6FDFB,1
historical_performance.csv,identifier,universal_mtg_product_id,MTG:SECRET_LAIR:SL-9EEE08FA6CD557,1
historical_performance.csv,identifier,universal_mtg_product_id,MTG:SECRET_LAIR:SL-9EFB956D77D864,1
historical_performance.csv,identifier,universal_mtg_product_id,MTG:SECRET_LAIR:SL-9F25EFE6D18364,1
historical_performance.csv,identifier,universal_mtg_product_id,MTG:SECRET_LAIR:SL-9F2EA943C39F55,1
historical_performance.csv,identifier,universal_mtg_product_id,MTG:SECRET_LAIR:SL-9F9E2E3B15A276,1
historical_performance.csv,identifier,universal_mtg_product_id,MTG:SECRET_LAIR:SL-9FDDEAE495C5DE,1
historical_performance.csv,identifier,universal_mtg_product_id,MTG:SECRET_LAIR:SL-A000A22E459D28,1
historical_performance.csv,identifier,universal_mtg_product_id,MTG:SECRET_LAIR:SL-A0A3FDF7E0BD6D,1
historical_performance.csv,identifier,universal_mtg_product_id,MTG:SECRET_LAIR:SL-A0CEFE66D8D941,1
historical_performance.csv,identifier,universal_mtg_product_id,MTG:SECRET_LAIR:SL-A0E13DA74146D6,1
historical_performance.csv,identifier,universal_mtg_product_id,MTG:SECRET_LAIR:SL-A0F468E911DF55,1
historical_performance.csv,identifier,universal_mtg_product_id,MTG:SECRET_LAIR:SL-A13BDE5A40E7C6,1
historical_performance.csv,identifier,universal_mtg_product_id,MTG:SECRET_LAIR:SL-A15A9EF8FFC0C3,1
historical_performance.csv,identifier,universal_mtg_product_id,MTG:SECRET_LAIR:SL-A1DD82B9F45A59,1
historical_performance.csv,identifier,universal_mtg_product_id,MTG:SECRET_LAIR:SL-A1F9DC4DE016E1,1
historical_performance.csv,identifier,universal_mtg_product_id,MTG:SECRET_LAIR:SL-A26DEC91D98CFF,1
historical_performance.csv,identifier,universal_mtg_product_id,MTG:SECRET_LAIR:SL-A2CAA7DD3627FD,1
historical_performance.csv,identifier,universal_mtg_product_id,MTG:SECRET_LAIR:SL-A2E8FE14360AF9,1
historical_performance.csv,identifier,universal_mtg_product_id,MTG:SECRET_LAIR:SL-A3ADDCA9165A2F,1
historical_performance.csv,identifier,universal_mtg_product_id,MTG:SECRET_LAIR:SL-A4528679EBCD24,1
historical_performance.csv,identifier,universal_mtg_product_id,MTG:SECRET_LAIR:SL-A461D1EB9128DC,1
historical_performance.csv,identifier,universal_mtg_product_id,MTG:SECRET_LAIR:SL-A47DB53641C91B,1
historical_performance.csv,identifier,universal_mtg_product_id,MTG:SECRET_LAIR:SL-A4B37777A977B9,1
historical_performance.csv,identifier,universal_mtg_product_id,MTG:SECRET_LAIR:SL-A5708359BCF021,1
historical_performance.csv,identifier,universal_mtg_product_id,MTG:SECRET_LAIR:SL-A57E7603094331,1
historical_performance.csv,identifier,universal_mtg_product_id,MTG:SECRET_LAIR:SL-A59C9ADCD75BE0,1
historical_performance.csv,identifier,universal_mtg_product_id,MTG:SECRET_LAIR:SL-A5E1293D263AF0,1
historical_performance.csv,identifier,universal_mtg_product_id,MTG:SECRET_LAIR:SL-A63C3F080DE9D2,1
historical_performance.csv,identifier,universal_mtg_product_id,MTG:SECRET_LAIR:SL-A6ECC7D38BF81A,1
historical_performance.csv,identifier,universal_mtg_product_id,MTG:SECRET_LAIR:SL-A6FBE97D53BCE6,1
historical_performance.csv,identifier,universal_mtg_product_id,MTG:SECRET_LAIR:SL-A709252A4DA96B,1
historical_performance.csv,identifier,universal_mtg_product_id,MTG:SECRET_LAIR:SL-A7A995D0FE468E,1
historical_performance.csv,identifier,universal_mtg_product_id,MTG:SECRET_LAIR:SL-A7E5B7F6EC8B4A,1
historical_performance.csv,identifier,universal_mtg_product_id,MTG:SECRET_LAIR:SL-A7EA98C7CECF4C,1
historical_performance.csv,identifier,universal_mtg_product_id,MTG:SECRET_LAIR:SL-A82A8D6CE7A54C,1
historical_performance.csv,identifier,universal_mtg_product_id,MTG:SECRET_LAIR:SL-A82BC05ADED8C7,1
historical_performance.csv,identifier,universal_mtg_product_id,MTG:SECRET_LAIR:SL-A82BF7D7962B00,1
historical_performance.csv,identifier,universal_mtg_product_id,MTG:SECRET_LAIR:SL-A8A83DC7B06C38,1
historical_performance.csv,identifier,universal_mtg_product_id,MTG:SECRET_LAIR:SL-A8B0B83EFB86DE,1
historical_performance.csv,identifier,universal_mtg_product_id,MTG:SECRET_LAIR:SL-A8B11C02BE3C6B,1
historical_performance.csv,identifier,universal_mtg_product_id,MTG:SECRET_LAIR:SL-A8BD8FB79427E4,1
historical_performance.csv,identifier,universal_mtg_product_id,MTG:SECRET_LAIR:SL-A9B0DE6D450794,1
historical_performance.csv,identifier,universal_mtg_product_id,MTG:SECRET_LAIR:SL-AA1F67E9D21D5F,1
historical_performance.csv,identifier,universal_mtg_product_id,MTG:SECRET_LAIR:SL-AA2410B0C1D7D4,1
historical_performance.csv,identifier,universal_mtg_product_id,MTG:SECRET_LAIR:SL-AB047EA1882C29,1
historical_performance.csv,identifier,universal_mtg_product_id,MTG:SECRET_LAIR:SL-AB56800C1F600A,1
historical_performance.csv,identifier,universal_mtg_product_id,MTG:SECRET_LAIR:SL-AB95FD365E982F,1
historical_performance.csv,identifier,universal_mtg_product_id,MTG:SECRET_LAIR:SL-ABB49E64363CCC,1
historical_performance.csv,identifier,universal_mtg_product_id,MTG:SECRET_LAIR:SL-ABCCB33232898E,1
historical_performance.csv,identifier,universal_mtg_product_id,MTG:SECRET_LAIR:SL-ABDD178723A109,1
historical_performance.csv,identifier,universal_mtg_product_id,MTG:SECRET_LAIR:SL-AC1856E0C8845C,1
historical_performance.csv,identifier,universal_mtg_product_id,MTG:SECRET_LAIR:SL-AC65540B60B707,1
historical_performance.csv,identifier,universal_mtg_product_id,MTG:SECRET_LAIR:SL-ACABE87A5A45D3,1
historical_performance.csv,identifier,universal_mtg_product_id,MTG:SECRET_LAIR:SL-AD341F83F23370,1
historical_performance.csv,identifier,universal_mtg_product_id,MTG:SECRET_LAIR:SL-AD7D0C2C8E16D2,1
historical_performance.csv,identifier,universal_mtg_product_id,MTG:SECRET_LAIR:SL-AD8DAA8BB11594,1
historical_performance.csv,identifier,universal_mtg_product_id,MTG:SECRET_LAIR:SL-AE029B9E8B8A9F,1
historical_performance.csv,identifier,universal_mtg_product_id,MTG:SECRET_LAIR:SL-AEAC3B5B48F1C7,1
historical_performance.csv,identifier,universal_mtg_product_id,MTG:SECRET_LAIR:SL-AED577907E5FAA,1
historical_performance.csv,identifier,universal_mtg_product_id,MTG:SECRET_LAIR:SL-AEE188BFE88ED3,1
historical_performance.csv,identifier,universal_mtg_product_id,MTG:SECRET_LAIR:SL-AF4CAB7AA2FC3B,1
historical_performance.csv,identifier,universal_mtg_product_id,MTG:SECRET_LAIR:SL-AF7841CC1354F9,1
historical_performance.csv,identifier,universal_mtg_product_id,MTG:SECRET_LAIR:SL-AFC52E51751441,1
historical_performance.csv,identifier,universal_mtg_product_id,MTG:SECRET_LAIR:SL-B00E61FF6854EE,1
historical_performance.csv,identifier,universal_mtg_product_id,MTG:SECRET_LAIR:SL-B01296C6F1D9D6,1
historical_performance.csv,identifier,universal_mtg_product_id,MTG:SECRET_LAIR:SL-B0373781315725,1
historical_performance.csv,identifier,universal_mtg_product_id,MTG:SECRET_LAIR:SL-B08949D7A3AFE1,1
historical_performance.csv,identifier,universal_mtg_product_id,MTG:SECRET_LAIR:SL-B0DEB8AFB8B821,1
historical_performance.csv,identifier,universal_mtg_product_id,MTG:SECRET_LAIR:SL-B0E43DFE167A56,1
historical_performance.csv,identifier,universal_mtg_product_id,MTG:SECRET_LAIR:SL-B11309A971433D,1
historical_performance.csv,identifier,universal_mtg_product_id,MTG:SECRET_LAIR:SL-B226AC313B5F39,1
historical_performance.csv,identifier,universal_mtg_product_id,MTG:SECRET_LAIR:SL-B2289CE720A189,1
historical_performance.csv,identifier,universal_mtg_product_id,MTG:SECRET_LAIR:SL-B251BF4C4DE61E,1
historical_performance.csv,identifier,universal_mtg_product_id,MTG:SECRET_LAIR:SL-B269AC7AB5080A,1
historical_performance.csv,identifier,universal_mtg_product_id,MTG:SECRET_LAIR:SL-B2753C6B1814F0,1
historical_performance.csv,identifier,universal_mtg_product_id,MTG:SECRET_LAIR:SL-B28206C8B43B74,1
historical_performance.csv,identifier,universal_mtg_product_id,MTG:SECRET_LAIR:SL-B2C9080295DEB3,1
historical_performance.csv,identifier,universal_mtg_product_id,MTG:SECRET_LAIR:SL-B31C27C4C58973,1
historical_performance.csv,identifier,universal_mtg_product_id,MTG:SECRET_LAIR:SL-B36930BACADDCD,1
historical_performance.csv,identifier,universal_mtg_product_id,MTG:SECRET_LAIR:SL-B39A2F769F1E07,1
historical_performance.csv,identifier,universal_mtg_product_id,MTG:SECRET_LAIR:SL-B3B225E03D06DC,1
historical_performance.csv,identifier,universal_mtg_product_id,MTG:SECRET_LAIR:SL-B3DBBD3351A867,1
historical_performance.csv,identifier,universal_mtg_product_id,MTG:SECRET_LAIR:SL-B3EF01C8308565,1
historical_performance.csv,identifier,universal_mtg_product_id,MTG:SECRET_LAIR:SL-B44FBD97799E08,1
historical_performance.csv,identifier,universal_mtg_product_id,MTG:SECRET_LAIR:SL-B483A5C23B7FF5,1
historical_performance.csv,identifier,universal_mtg_product_id,MTG:SECRET_LAIR:SL-B5264E7BA2DC13,1
historical_performance.csv,identifier,universal_mtg_product_id,MTG:SECRET_LAIR:SL-B5552250031A5D,1
historical_performance.csv,identifier,universal_mtg_product_id,MTG:SECRET_LAIR:SL-B565A4B1F936CC,1
historical_performance.csv,identifier,universal_mtg_product_id,MTG:SECRET_LAIR:SL-B57576270D7B62,1
historical_performance.csv,identifier,universal_mtg_product_id,MTG:SECRET_LAIR:SL-B58718E7FE11D2,1
historical_performance.csv,identifier,universal_mtg_product_id,MTG:SECRET_LAIR:SL-B5D96EAAB94F7F,1
historical_performance.csv,identifier,universal_mtg_product_id,MTG:SECRET_LAIR:SL-B5DE5D10D8B22E,1
historical_performance.csv,identifier,universal_mtg_product_id,MTG:SECRET_LAIR:SL-B5E5B47263114D,1
historical_performance.csv,identifier,universal_mtg_product_id,MTG:SECRET_LAIR:SL-B5F3C839262F36,1
historical_performance.csv,identifier,universal_mtg_product_id,MTG:SECRET_LAIR:SL-B60C7F6F56C30B,1
historical_performance.csv,identifier,universal_mtg_product_id,MTG:SECRET_LAIR:SL-B631EAF6D5C7C4,1
historical_performance.csv,identifier,universal_mtg_product_id,MTG:SECRET_LAIR:SL-B679A1089E8A6B,1
historical_performance.csv,identifier,universal_mtg_product_id,MTG:SECRET_LAIR:SL-B689085E2D41DE,1
historical_performance.csv,identifier,universal_mtg_product_id,MTG:SECRET_LAIR:SL-B762CD279E0001,1
historical_performance.csv,identifier,universal_mtg_product_id,MTG:SECRET_LAIR:SL-B7E3C5DC70940E,1
historical_performance.csv,identifier,universal_mtg_product_id,MTG:SECRET_LAIR:SL-B81DED4DD2F7F0,1
historical_performance.csv,identifier,universal_mtg_product_id,MTG:SECRET_LAIR:SL-B8709846C8E5AF,1
historical_performance.csv,identifier,universal_mtg_product_id,MTG:SECRET_LAIR:SL-B8DCA91EB62983,1
historical_performance.csv,identifier,universal_mtg_product_id,MTG:SECRET_LAIR:SL-B9248149A4056B,1
historical_performance.csv,identifier,universal_mtg_product_id,MTG:SECRET_LAIR:SL-B92B03D94C10E9,1
historical_performance.csv,identifier,universal_mtg_product_id,MTG:SECRET_LAIR:SL-B9580FD00B16BE,1
historical_performance.csv,identifier,universal_mtg_product_id,MTG:SECRET_LAIR:SL-B959CE689FE1E3,1
historical_performance.csv,identifier,universal_mtg_product_id,MTG:SECRET_LAIR:SL-B96EF3DC64D9A0,1
historical_performance.csv,identifier,universal_mtg_product_id,MTG:SECRET_LAIR:SL-B971F1BAF798C2,1
historical_performance.csv,identifier,universal_mtg_product_id,MTG:SECRET_LAIR:SL-B9970477DCCBC7,1
historical_performance.csv,identifier,universal_mtg_product_id,MTG:SECRET_LAIR:SL-B9EC0C6C5561F1,1
historical_performance.csv,identifier,universal_mtg_product_id,MTG:SECRET_LAIR:SL-BA4475B87E38DE,1
historical_performance.csv,identifier,universal_mtg_product_id,MTG:SECRET_LAIR:SL-BA53143C1DDB56,1
historical_performance.csv,identifier,universal_mtg_product_id,MTG:SECRET_LAIR:SL-BAD5D1CC179E4B,1
historical_performance.csv,identifier,universal_mtg_product_id,MTG:SECRET_LAIR:SL-BB18909619320D,1
historical_performance.csv,identifier,universal_mtg_product_id,MTG:SECRET_LAIR:SL-BB4A4AE1ECFE2A,1
historical_performance.csv,identifier,universal_mtg_product_id,MTG:SECRET_LAIR:SL-BB4FA54DEBF880,1
historical_performance.csv,identifier,universal_mtg_product_id,MTG:SECRET_LAIR:SL-BB54D8943F73E3,1
historical_performance.csv,identifier,universal_mtg_product_id,MTG:SECRET_LAIR:SL-BB7E07A2986BB4,1
historical_performance.csv,identifier,universal_mtg_product_id,MTG:SECRET_LAIR:SL-BBC8F93DE82CE5,1
historical_performance.csv,identifier,universal_mtg_product_id,MTG:SECRET_LAIR:SL-BC079E499A94AF,1
historical_performance.csv,identifier,universal_mtg_product_id,MTG:SECRET_LAIR:SL-BC4683677FBC3C,1
historical_performance.csv,identifier,universal_mtg_product_id,MTG:SECRET_LAIR:SL-BC99042387317D,1
historical_performance.csv,identifier,universal_mtg_product_id,MTG:SECRET_LAIR:SL-BCC1519C11A8AC,1
historical_performance.csv,identifier,universal_mtg_product_id,MTG:SECRET_LAIR:SL-BD0B168FBB02B6,1
historical_performance.csv,identifier,universal_mtg_product_id,MTG:SECRET_LAIR:SL-BD4B37C3973D10,1
historical_performance.csv,identifier,universal_mtg_product_id,MTG:SECRET_LAIR:SL-BE3F32B80FEA2E,1
historical_performance.csv,identifier,universal_mtg_product_id,MTG:SECRET_LAIR:SL-BE705BBFC18014,1
historical_performance.csv,identifier,universal_mtg_product_id,MTG:SECRET_LAIR:SL-BF008024F9A243,1
historical_performance.csv,identifier,universal_mtg_product_id,MTG:SECRET_LAIR:SL-BF1ED354A371C1,1
historical_performance.csv,identifier,universal_mtg_product_id,MTG:SECRET_LAIR:SL-BF202C705FA210,1
historical_performance.csv,identifier,universal_mtg_product_id,MTG:SECRET_LAIR:SL-BF26DFD5509ADC,1
historical_performance.csv,identifier,universal_mtg_product_id,MTG:SECRET_LAIR:SL-BF2B66F024D88D,1
historical_performance.csv,identifier,universal_mtg_product_id,MTG:SECRET_LAIR:SL-BF3E293642759E,1
historical_performance.csv,identifier,universal_mtg_product_id,MTG:SECRET_LAIR:SL-BF588F593E480E,1
historical_performance.csv,identifier,universal_mtg_product_id,MTG:SECRET_LAIR:SL-BF5BC53AD18E85,1
historical_performance.csv,identifier,universal_mtg_product_id,MTG:SECRET_LAIR:SL-BF755AD9D8CE5F,1
historical_performance.csv,identifier,universal_mtg_product_id,MTG:SECRET_LAIR:SL-BFACC46E5A3310,1
historical_performance.csv,identifier,universal_mtg_product_id,MTG:SECRET_LAIR:SL-BFAF5430109A2E,1
historical_performance.csv,identifier,universal_mtg_product_id,MTG:SECRET_LAIR:SL-BFF6DA64140996,1
historical_performance.csv,identifier,universal_mtg_product_id,MTG:SECRET_LAIR:SL-C03E05940DAAFA,1
historical_performance.csv,identifier,universal_mtg_product_id,MTG:SECRET_LAIR:SL-C0418534DE36CF,1
historical_performance.csv,identifier,universal_mtg_product_id,MTG:SECRET_LAIR:SL-C04853F17A0313,1
historical_performance.csv,identifier,universal_mtg_product_id,MTG:SECRET_LAIR:SL-C050DAEA74CC9C,1
historical_performance.csv,identifier,universal_mtg_product_id,MTG:SECRET_LAIR:SL-C05D25C1CB85E9,1
historical_performance.csv,identifier,universal_mtg_product_id,MTG:SECRET_LAIR:SL-C07200E6FB8843,1
historical_performance.csv,identifier,universal_mtg_product_id,MTG:SECRET_LAIR:SL-C09C8446FDE850,1
historical_performance.csv,identifier,universal_mtg_product_id,MTG:SECRET_LAIR:SL-C09D8E25A3F347,1
historical_performance.csv,identifier,universal_mtg_product_id,MTG:SECRET_LAIR:SL-C0AA65531F16E2,1
historical_performance.csv,identifier,universal_mtg_product_id,MTG:SECRET_LAIR:SL-C1564B1CC85C5F,1
historical_performance.csv,identifier,universal_mtg_product_id,MTG:SECRET_LAIR:SL-C1A0A189180507,1
historical_performance.csv,identifier,universal_mtg_product_id,MTG:SECRET_LAIR:SL-C2217F8AD4F84B,1
historical_performance.csv,identifier,universal_mtg_product_id,MTG:SECRET_LAIR:SL-C24946B295061F,1
historical_performance.csv,identifier,universal_mtg_product_id,MTG:SECRET_LAIR:SL-C2CAC5DFF1B8FE,1
historical_performance.csv,identifier,universal_mtg_product_id,MTG:SECRET_LAIR:SL-C2DA212EE2424D,1
historical_performance.csv,identifier,universal_mtg_product_id,MTG:SECRET_LAIR:SL-C365E12BA9F953,1
historical_performance.csv,identifier,universal_mtg_product_id,MTG:SECRET_LAIR:SL-C3A8669A77CF0F,1
historical_performance.csv,identifier,universal_mtg_product_id,MTG:SECRET_LAIR:SL-C3D0A31003B38B,1
historical_performance.csv,identifier,universal_mtg_product_id,MTG:SECRET_LAIR:SL-C43B4DA056180D,1
historical_performance.csv,identifier,universal_mtg_product_id,MTG:SECRET_LAIR:SL-C44AE37BDB68A9,1
historical_performance.csv,identifier,universal_mtg_product_id,MTG:SECRET_LAIR:SL-C4573F398978D7,1
historical_performance.csv,identifier,universal_mtg_product_id,MTG:SECRET_LAIR:SL-C4E698097E6EB6,1
historical_performance.csv,identifier,universal_mtg_product_id,MTG:SECRET_LAIR:SL-C53B25CD55720F,1
historical_performance.csv,identifier,universal_mtg_product_id,MTG:SECRET_LAIR:SL-C53BF262ADA17B,1
historical_performance.csv,identifier,universal_mtg_product_id,MTG:SECRET_LAIR:SL-C59DE249DE7287,1
historical_performance.csv,identifier,universal_mtg_product_id,MTG:SECRET_LAIR:SL-C5A93064AA668C,1
historical_performance.csv,identifier,universal_mtg_product_id,MTG:SECRET_LAIR:SL-C649AFADB4E38B,1
historical_performance.csv,identifier,universal_mtg_product_id,MTG:SECRET_LAIR:SL-C67CDDB0AE44ED,1
historical_performance.csv,identifier,universal_mtg_product_id,MTG:SECRET_LAIR:SL-C70FCBB505BD77,1
historical_performance.csv,identifier,universal_mtg_product_id,MTG:SECRET_LAIR:SL-C72D4B2E5B3130,1
historical_performance.csv,identifier,universal_mtg_product_id,MTG:SECRET_LAIR:SL-C7694953E368F4,1
historical_performance.csv,identifier,universal_mtg_product_id,MTG:SECRET_LAIR:SL-C805DBBC1C6677,1
historical_performance.csv,identifier,universal_mtg_product_id,MTG:SECRET_LAIR:SL-C80FAE8D249054,1
historical_performance.csv,identifier,universal_mtg_product_id,MTG:SECRET_LAIR:SL-C822436F428050,1
historical_performance.csv,identifier,universal_mtg_product_id,MTG:SECRET_LAIR:SL-C82833E3A7C3DF,1
historical_performance.csv,identifier,universal_mtg_product_id,MTG:SECRET_LAIR:SL-C82FB71F29626A,1
historical_performance.csv,identifier,universal_mtg_product_id,MTG:SECRET_LAIR:SL-C83649108644FE,1
historical_performance.csv,identifier,universal_mtg_product_id,MTG:SECRET_LAIR:SL-C863D417DDE83A,1
historical_performance.csv,identifier,universal_mtg_product_id,MTG:SECRET_LAIR:SL-C8B08A7139FC31,1
historical_performance.csv,identifier,universal_mtg_product_id,MTG:SECRET_LAIR:SL-C94DD14ECC45A6,1
historical_performance.csv,identifier,universal_mtg_product_id,MTG:SECRET_LAIR:SL-C9877AF6FE4DA4,1
historical_performance.csv,identifier,universal_mtg_product_id,MTG:SECRET_LAIR:SL-C999737763FC53,1
historical_performance.csv,identifier,universal_mtg_product_id,MTG:SECRET_LAIR:SL-C9B2F11CEB5F77,1
historical_performance.csv,identifier,universal_mtg_product_id,MTG:SECRET_LAIR:SL-CA134058712347,1
historical_performance.csv,identifier,universal_mtg_product_id,MTG:SECRET_LAIR:SL-CA17EB83C29B15,1
historical_performance.csv,identifier,universal_mtg_product_id,MTG:SECRET_LAIR:SL-CA2C167AAFAD55,1
historical_performance.csv,identifier,universal_mtg_product_id,MTG:SECRET_LAIR:SL-CA3A146FC06964,1
historical_performance.csv,identifier,universal_mtg_product_id,MTG:SECRET_LAIR:SL-CA46F5F5791EBB,1
historical_performance.csv,identifier,universal_mtg_product_id,MTG:SECRET_LAIR:SL-CA6CCECFEBEC2C,1
historical_performance.csv,identifier,universal_mtg_product_id,MTG:SECRET_LAIR:SL-CA6FA7819E27BD,1
historical_performance.csv,identifier,universal_mtg_product_id,MTG:SECRET_LAIR:SL-CAB929EA2DD4AE,1
historical_performance.csv,identifier,universal_mtg_product_id,MTG:SECRET_LAIR:SL-CAEFD21D151456,1
historical_performance.csv,identifier,universal_mtg_product_id,MTG:SECRET_LAIR:SL-CB766B61EEFB6E,1
historical_performance.csv,identifier,universal_mtg_product_id,MTG:SECRET_LAIR:SL-CBFED1F92A630D,1
historical_performance.csv,identifier,universal_mtg_product_id,MTG:SECRET_LAIR:SL-CC030DBD6E29FE,1
historical_performance.csv,identifier,universal_mtg_product_id,MTG:SECRET_LAIR:SL-CC5293951E84F8,1
historical_performance.csv,identifier,universal_mtg_product_id,MTG:SECRET_LAIR:SL-CCE426CFBA5D07,1
historical_performance.csv,identifier,universal_mtg_product_id,MTG:SECRET_LAIR:SL-CD2FC308C3644A,1
historical_performance.csv,identifier,universal_mtg_product_id,MTG:SECRET_LAIR:SL-CD43B6F3D7A59F,1
historical_performance.csv,identifier,universal_mtg_product_id,MTG:SECRET_LAIR:SL-CD637B6154FA4F,1
historical_performance.csv,identifier,universal_mtg_product_id,MTG:SECRET_LAIR:SL-CD67446B439F75,1
historical_performance.csv,identifier,universal_mtg_product_id,MTG:SECRET_LAIR:SL-CE0D22C4A5732F,1
historical_performance.csv,identifier,universal_mtg_product_id,MTG:SECRET_LAIR:SL-CE39B48D52F07A,1
historical_performance.csv,identifier,universal_mtg_product_id,MTG:SECRET_LAIR:SL-CE3BB4F7AF5651,1
historical_performance.csv,identifier,universal_mtg_product_id,MTG:SECRET_LAIR:SL-CE6909ECF00CA8,1
historical_performance.csv,identifier,universal_mtg_product_id,MTG:SECRET_LAIR:SL-CEB06DD843F657,1
historical_performance.csv,identifier,universal_mtg_product_id,MTG:SECRET_LAIR:SL-CED357C3AB21E8,1
historical_performance.csv,identifier,universal_mtg_product_id,MTG:SECRET_LAIR:SL-CEFFC6DB7F7ABD,1
historical_performance.csv,identifier,universal_mtg_product_id,MTG:SECRET_LAIR:SL-CFD92A398D8349,1
historical_performance.csv,identifier,universal_mtg_product_id,MTG:SECRET_LAIR:SL-D061A6FE209B52,1
historical_performance.csv,identifier,universal_mtg_product_id,MTG:SECRET_LAIR:SL-D126DBCCB251DC,1
historical_performance.csv,identifier,universal_mtg_product_id,MTG:SECRET_LAIR:SL-D133893D13E78E,1
historical_performance.csv,identifier,universal_mtg_product_id,MTG:SECRET_LAIR:SL-D13D0C095C023B,1
historical_performance.csv,identifier,universal_mtg_product_id,MTG:SECRET_LAIR:SL-D14CD1568AC703,1
historical_performance.csv,identifier,universal_mtg_product_id,MTG:SECRET_LAIR:SL-D1513B904FE27E,1
historical_performance.csv,identifier,universal_mtg_product_id,MTG:SECRET_LAIR:SL-D18A4E24571B1B,1
historical_performance.csv,identifier,universal_mtg_product_id,MTG:SECRET_LAIR:SL-D1A162914F5B85,1
historical_performance.csv,identifier,universal_mtg_product_id,MTG:SECRET_LAIR:SL-D23F4A9FC75D03,1
historical_performance.csv,identifier,universal_mtg_product_id,MTG:SECRET_LAIR:SL-D263E9818F8B46,1
historical_performance.csv,identifier,universal_mtg_product_id,MTG:SECRET_LAIR:SL-D2FCABD86AD689,1
historical_performance.csv,identifier,universal_mtg_product_id,MTG:SECRET_LAIR:SL-D367F0D637FE13,1
historical_performance.csv,identifier,universal_mtg_product_id,MTG:SECRET_LAIR:SL-D3778B65B20E24,1
historical_performance.csv,identifier,universal_mtg_product_id,MTG:SECRET_LAIR:SL-D3C161D032DC86,1
historical_performance.csv,identifier,universal_mtg_product_id,MTG:SECRET_LAIR:SL-D3C9566D0E6FB5,1
historical_performance.csv,identifier,universal_mtg_product_id,MTG:SECRET_LAIR:SL-D3D61A3D20908A,1
historical_performance.csv,identifier,universal_mtg_product_id,MTG:SECRET_LAIR:SL-D53A1849E7B1C9,1
historical_performance.csv,identifier,universal_mtg_product_id,MTG:SECRET_LAIR:SL-D5C35A28D4B658,1
historical_performance.csv,identifier,universal_mtg_product_id,MTG:SECRET_LAIR:SL-D5D2DCA70EA4CD,1
historical_performance.csv,identifier,universal_mtg_product_id,MTG:SECRET_LAIR:SL-D608F5D4F5385E,1
historical_performance.csv,identifier,universal_mtg_product_id,MTG:SECRET_LAIR:SL-D62B35CD192D99,1
historical_performance.csv,identifier,universal_mtg_product_id,MTG:SECRET_LAIR:SL-D62C510B60B977,1
historical_performance.csv,identifier,universal_mtg_product_id,MTG:SECRET_LAIR:SL-D68D8EB45F05E9,1
historical_performance.csv,identifier,universal_mtg_product_id,MTG:SECRET_LAIR:SL-D68D9EB4249382,1
historical_performance.csv,identifier,universal_mtg_product_id,MTG:SECRET_LAIR:SL-D6C7802610A57F,1
historical_performance.csv,identifier,universal_mtg_product_id,MTG:SECRET_LAIR:SL-D76CD5BC7E1068,1
historical_performance.csv,identifier,universal_mtg_product_id,MTG:SECRET_LAIR:SL-D792C24E8A09CF,1
historical_performance.csv,identifier,universal_mtg_product_id,MTG:SECRET_LAIR:SL-D7984A9CB76C99,1
historical_performance.csv,identifier,universal_mtg_product_id,MTG:SECRET_LAIR:SL-D80EFE168FB6A1,1
historical_performance.csv,identifier,universal_mtg_product_id,MTG:SECRET_LAIR:SL-D83DCC4548D04F,1
historical_performance.csv,identifier,universal_mtg_product_id,MTG:SECRET_LAIR:SL-D85757C8DB2B40,1
historical_performance.csv,identifier,universal_mtg_product_id,MTG:SECRET_LAIR:SL-D8B6168FF7A7AD,1
historical_performance.csv,identifier,universal_mtg_product_id,MTG:SECRET_LAIR:SL-D91B54107A78A7,1
historical_performance.csv,identifier,universal_mtg_product_id,MTG:SECRET_LAIR:SL-D929FF1E16FDD7,1
historical_performance.csv,identifier,universal_mtg_product_id,MTG:SECRET_LAIR:SL-D9CB56BE93955C,1
historical_performance.csv,identifier,universal_mtg_product_id,MTG:SECRET_LAIR:SL-D9F56A65FD35C5,1
historical_performance.csv,identifier,universal_mtg_product_id,MTG:SECRET_LAIR:SL-D9F7FC2E4D48A5,1
historical_performance.csv,identifier,universal_mtg_product_id,MTG:SECRET_LAIR:SL-DA0255DFD87A79,1
historical_performance.csv,identifier,universal_mtg_product_id,MTG:SECRET_LAIR:SL-DA137A8920D7BE,1
historical_performance.csv,identifier,universal_mtg_product_id,MTG:SECRET_LAIR:SL-DA14F1AD8875AF,1
historical_performance.csv,identifier,universal_mtg_product_id,MTG:SECRET_LAIR:SL-DA7F8AD7B0BC80,1
historical_performance.csv,identifier,universal_mtg_product_id,MTG:SECRET_LAIR:SL-DA95D95DF8A49D,1
historical_performance.csv,identifier,universal_mtg_product_id,MTG:SECRET_LAIR:SL-DAA2346E431D52,1
historical_performance.csv,identifier,universal_mtg_product_id,MTG:SECRET_LAIR:SL-DB82DC16CD1A6A,1
historical_performance.csv,identifier,universal_mtg_product_id,MTG:SECRET_LAIR:SL-DBB9EAD006DF92,1
historical_performance.csv,identifier,universal_mtg_product_id,MTG:SECRET_LAIR:SL-DBDF87736B4AD6,1
historical_performance.csv,identifier,universal_mtg_product_id,MTG:SECRET_LAIR:SL-DC36FC64429D5D,1
historical_performance.csv,identifier,universal_mtg_product_id,MTG:SECRET_LAIR:SL-DCD05FAA1B15E7,1
historical_performance.csv,identifier,universal_mtg_product_id,MTG:SECRET_LAIR:SL-DCDC09399C5D54,1
historical_performance.csv,identifier,universal_mtg_product_id,MTG:SECRET_LAIR:SL-DD0C5279EE2007,1
historical_performance.csv,identifier,universal_mtg_product_id,MTG:SECRET_LAIR:SL-DD25AF4AC936E2,1
historical_performance.csv,identifier,universal_mtg_product_id,MTG:SECRET_LAIR:SL-DD3248D210AC90,1
historical_performance.csv,identifier,universal_mtg_product_id,MTG:SECRET_LAIR:SL-DD3A0B4F1E7DA1,1
historical_performance.csv,identifier,universal_mtg_product_id,MTG:SECRET_LAIR:SL-DD598BF68D0AC7,1
historical_performance.csv,identifier,universal_mtg_product_id,MTG:SECRET_LAIR:SL-DD778C566554A0,1
historical_performance.csv,identifier,universal_mtg_product_id,MTG:SECRET_LAIR:SL-DDF2764A92D297,1
historical_performance.csv,identifier,universal_mtg_product_id,MTG:SECRET_LAIR:SL-DE73D77FB013F4,1
historical_performance.csv,identifier,universal_mtg_product_id,MTG:SECRET_LAIR:SL-DEB0786B62B51D,1
historical_performance.csv,identifier,universal_mtg_product_id,MTG:SECRET_LAIR:SL-DEE8CCCA9CFCCE,1
historical_performance.csv,identifier,universal_mtg_product_id,MTG:SECRET_LAIR:SL-DEF4A1D4ADC965,1
historical_performance.csv,identifier,universal_mtg_product_id,MTG:SECRET_LAIR:SL-DF5563A6AB6A1B,1
historical_performance.csv,identifier,universal_mtg_product_id,MTG:SECRET_LAIR:SL-DFE9AC9C5D05C9,1
historical_performance.csv,identifier,universal_mtg_product_id,MTG:SECRET_LAIR:SL-E000815724EA2A,1
historical_performance.csv,identifier,universal_mtg_product_id,MTG:SECRET_LAIR:SL-E0190484BE31DE,1
historical_performance.csv,identifier,universal_mtg_product_id,MTG:SECRET_LAIR:SL-E03F5C270405EA,1
historical_performance.csv,identifier,universal_mtg_product_id,MTG:SECRET_LAIR:SL-E0414D04317EA2,1
historical_performance.csv,identifier,universal_mtg_product_id,MTG:SECRET_LAIR:SL-E05E06D6578028,1
historical_performance.csv,identifier,universal_mtg_product_id,MTG:SECRET_LAIR:SL-E06DD3E1E3F4CD,1
historical_performance.csv,identifier,universal_mtg_product_id,MTG:SECRET_LAIR:SL-E126175F5EEBFF,1
historical_performance.csv,identifier,universal_mtg_product_id,MTG:SECRET_LAIR:SL-E14AB3D48E2308,1
historical_performance.csv,identifier,universal_mtg_product_id,MTG:SECRET_LAIR:SL-E19F0A74D8000D,1
historical_performance.csv,identifier,universal_mtg_product_id,MTG:SECRET_LAIR:SL-E1E2903CCE3709,1
historical_performance.csv,identifier,universal_mtg_product_id,MTG:SECRET_LAIR:SL-E23BF5EAA4F5AA,1
historical_performance.csv,identifier,universal_mtg_product_id,MTG:SECRET_LAIR:SL-E24F74D610175D,1
historical_performance.csv,identifier,universal_mtg_product_id,MTG:SECRET_LAIR:SL-E2540C64CF5262,1
historical_performance.csv,identifier,universal_mtg_product_id,MTG:SECRET_LAIR:SL-E282CE5635F5FC,1
historical_performance.csv,identifier,universal_mtg_product_id,MTG:SECRET_LAIR:SL-E2DB1B58657D1A,1
historical_performance.csv,identifier,universal_mtg_product_id,MTG:SECRET_LAIR:SL-E339A090348C36,1
historical_performance.csv,identifier,universal_mtg_product_id,MTG:SECRET_LAIR:SL-E3519A1A83A8E6,1
historical_performance.csv,identifier,universal_mtg_product_id,MTG:SECRET_LAIR:SL-E397494832E845,1
historical_performance.csv,identifier,universal_mtg_product_id,MTG:SECRET_LAIR:SL-E3D6BE401B6F95,1
historical_performance.csv,identifier,universal_mtg_product_id,MTG:SECRET_LAIR:SL-E3E88EC01DA49B,1
historical_performance.csv,identifier,universal_mtg_product_id,MTG:SECRET_LAIR:SL-E44D69BCAF5561,1
historical_performance.csv,identifier,universal_mtg_product_id,MTG:SECRET_LAIR:SL-E4888AAC444029,1
historical_performance.csv,identifier,universal_mtg_product_id,MTG:SECRET_LAIR:SL-E4AC3EAED9F285,1
historical_performance.csv,identifier,universal_mtg_product_id,MTG:SECRET_LAIR:SL-E558347311E1F4,1
historical_performance.csv,identifier,universal_mtg_product_id,MTG:SECRET_LAIR:SL-E577A60B3B1BA6,1
historical_performance.csv,identifier,universal_mtg_product_id,MTG:SECRET_LAIR:SL-E5F4CFCD2D1E21,1
historical_performance.csv,identifier,universal_mtg_product_id,MTG:SECRET_LAIR:SL-E5F7C4556D2AE8,1
historical_performance.csv,identifier,universal_mtg_product_id,MTG:SECRET_LAIR:SL-E618F74B27D105,1
historical_performance.csv,identifier,universal_mtg_product_id,MTG:SECRET_LAIR:SL-E63BB6ABED78A1,1
historical_performance.csv,identifier,universal_mtg_product_id,MTG:SECRET_LAIR:SL-E6815E809637CD,1
historical_performance.csv,identifier,universal_mtg_product_id,MTG:SECRET_LAIR:SL-E6ACEF67518AF1,1
historical_performance.csv,identifier,universal_mtg_product_id,MTG:SECRET_LAIR:SL-E73519A6D7C437,1
historical_performance.csv,identifier,universal_mtg_product_id,MTG:SECRET_LAIR:SL-E761E1777C5411,1
historical_performance.csv,identifier,universal_mtg_product_id,MTG:SECRET_LAIR:SL-E7BDE12BA780C5,1
historical_performance.csv,identifier,universal_mtg_product_id,MTG:SECRET_LAIR:SL-E82C687C9DB063,1
historical_performance.csv,identifier,universal_mtg_product_id,MTG:SECRET_LAIR:SL-E84A5B15E6F9C3,1
historical_performance.csv,identifier,universal_mtg_product_id,MTG:SECRET_LAIR:SL-E8AF55C924629C,1
historical_performance.csv,identifier,universal_mtg_product_id,MTG:SECRET_LAIR:SL-E94BE968A3A112,1
historical_performance.csv,identifier,universal_mtg_product_id,MTG:SECRET_LAIR:SL-E976A82043B976,1
historical_performance.csv,identifier,universal_mtg_product_id,MTG:SECRET_LAIR:SL-E9DEA56D4176E0,1
historical_performance.csv,identifier,universal_mtg_product_id,MTG:SECRET_LAIR:SL-EA00AF141F2FAC,1
historical_performance.csv,identifier,universal_mtg_product_id,MTG:SECRET_LAIR:SL-EA3F127E1B6608,1
historical_performance.csv,identifier,universal_mtg_product_id,MTG:SECRET_LAIR:SL-EA8B400EB7587C,1
historical_performance.csv,identifier,universal_mtg_product_id,MTG:SECRET_LAIR:SL-EB7674C656581E,1
historical_performance.csv,identifier,universal_mtg_product_id,MTG:SECRET_LAIR:SL-EB7E2032D0A931,1
historical_performance.csv,identifier,universal_mtg_product_id,MTG:SECRET_LAIR:SL-EB862139323FA8,1
historical_performance.csv,identifier,universal_mtg_product_id,MTG:SECRET_LAIR:SL-EBBF87B2EDF78C,1
historical_performance.csv,identifier,universal_mtg_product_id,MTG:SECRET_LAIR:SL-EBF12D8FC470D3,1
historical_performance.csv,identifier,universal_mtg_product_id,MTG:SECRET_LAIR:SL-EC805E73DB692C,1
historical_performance.csv,identifier,universal_mtg_product_id,MTG:SECRET_LAIR:SL-EDA5F0018F2448,1
historical_performance.csv,identifier,universal_mtg_product_id,MTG:SECRET_LAIR:SL-EE12104C3A49E7,1
historical_performance.csv,identifier,universal_mtg_product_id,MTG:SECRET_LAIR:SL-EE73A455D6DAFC,1
historical_performance.csv,identifier,universal_mtg_product_id,MTG:SECRET_LAIR:SL-EE882204CA80F5,1
historical_performance.csv,identifier,universal_mtg_product_id,MTG:SECRET_LAIR:SL-EF03D947F97187,1
historical_performance.csv,identifier,universal_mtg_product_id,MTG:SECRET_LAIR:SL-EF10004B2C3091,1
historical_performance.csv,identifier,universal_mtg_product_id,MTG:SECRET_LAIR:SL-EF5BBE513EE03C,1
historical_performance.csv,identifier,universal_mtg_product_id,MTG:SECRET_LAIR:SL-EFFCE6D4208A63,1
historical_performance.csv,identifier,universal_mtg_product_id,MTG:SECRET_LAIR:SL-F0ADDB74A0D856,1
historical_performance.csv,identifier,universal_mtg_product_id,MTG:SECRET_LAIR:SL-F0D638918879B3,1
historical_performance.csv,identifier,universal_mtg_product_id,MTG:SECRET_LAIR:SL-F0F3F16536C281,1
historical_performance.csv,identifier,universal_mtg_product_id,MTG:SECRET_LAIR:SL-F14FB92D2DCBC6,1
historical_performance.csv,identifier,universal_mtg_product_id,MTG:SECRET_LAIR:SL-F1CC2FF6F7667E,1
historical_performance.csv,identifier,universal_mtg_product_id,MTG:SECRET_LAIR:SL-F25C6E61EC9D3B,1
historical_performance.csv,identifier,universal_mtg_product_id,MTG:SECRET_LAIR:SL-F26AFF6BB24E88,1
historical_performance.csv,identifier,universal_mtg_product_id,MTG:SECRET_LAIR:SL-F2F5EBEEEBD0C5,1
historical_performance.csv,identifier,universal_mtg_product_id,MTG:SECRET_LAIR:SL-F2F92FE2CD5458,1
historical_performance.csv,identifier,universal_mtg_product_id,MTG:SECRET_LAIR:SL-F378E79C981B5B,1
historical_performance.csv,identifier,universal_mtg_product_id,MTG:SECRET_LAIR:SL-F3C784F688A104,1
historical_performance.csv,identifier,universal_mtg_product_id,MTG:SECRET_LAIR:SL-F3D3088DA018D0,1
historical_performance.csv,identifier,universal_mtg_product_id,MTG:SECRET_LAIR:SL-F3F1C2A23E48D0,1
historical_performance.csv,identifier,universal_mtg_product_id,MTG:SECRET_LAIR:SL-F419DE27DCB991,1
historical_performance.csv,identifier,universal_mtg_product_id,MTG:SECRET_LAIR:SL-F46976B12ECA22,1
historical_performance.csv,identifier,universal_mtg_product_id,MTG:SECRET_LAIR:SL-F4935DE607204D,1
historical_performance.csv,identifier,universal_mtg_product_id,MTG:SECRET_LAIR:SL-F4A97CEA3A7C1C,1
historical_performance.csv,identifier,universal_mtg_product_id,MTG:SECRET_LAIR:SL-F4DBBBEC3CFEB4,1
historical_performance.csv,identifier,universal_mtg_product_id,MTG:SECRET_LAIR:SL-F546FBC2EE4D47,1
historical_performance.csv,identifier,universal_mtg_product_id,MTG:SECRET_LAIR:SL-F5C7D5AC423EC1,1
historical_performance.csv,identifier,universal_mtg_product_id,MTG:SECRET_LAIR:SL-F5FC37E9763B7C,1
historical_performance.csv,identifier,universal_mtg_product_id,MTG:SECRET_LAIR:SL-F638B39456864F,1
historical_performance.csv,identifier,universal_mtg_product_id,MTG:SECRET_LAIR:SL-F66DFA42E52417,1
historical_performance.csv,identifier,universal_mtg_product_id,MTG:SECRET_LAIR:SL-F6CE9EEE501707,1
historical_performance.csv,identifier,universal_mtg_product_id,MTG:SECRET_LAIR:SL-F70A9FB130F172,1
historical_performance.csv,identifier,universal_mtg_product_id,MTG:SECRET_LAIR:SL-F7BF46E86FD15C,1
historical_performance.csv,identifier,universal_mtg_product_id,MTG:SECRET_LAIR:SL-F7E159B4E7D922,1
historical_performance.csv,identifier,universal_mtg_product_id,MTG:SECRET_LAIR:SL-F7E2916CEC3366,1
historical_performance.csv,identifier,universal_mtg_product_id,MTG:SECRET_LAIR:SL-F8091FD6F7CD83,1
historical_performance.csv,identifier,universal_mtg_product_id,MTG:SECRET_LAIR:SL-F8130EF2307D5F,1
historical_performance.csv,identifier,universal_mtg_product_id,MTG:SECRET_LAIR:SL-F87B4FFB3CCD49,1
historical_performance.csv,identifier,universal_mtg_product_id,MTG:SECRET_LAIR:SL-F886C775F2D753,1
historical_performance.csv,identifier,universal_mtg_product_id,MTG:SECRET_LAIR:SL-F8A34E5202D218,1
historical_performance.csv,identifier,universal_mtg_product_id,MTG:SECRET_LAIR:SL-F960B8C972DDE8,1
historical_performance.csv,identifier,universal_mtg_product_id,MTG:SECRET_LAIR:SL-F97114C3F34013,1
historical_performance.csv,identifier,universal_mtg_product_id,MTG:SECRET_LAIR:SL-F9C826AE302BF4,1
historical_performance.csv,identifier,universal_mtg_product_id,MTG:SECRET_LAIR:SL-F9E21EA0D52C4A,1
historical_performance.csv,identifier,universal_mtg_product_id,MTG:SECRET_LAIR:SL-FA32CF1A49D1D5,1
historical_performance.csv,identifier,universal_mtg_product_id,MTG:SECRET_LAIR:SL-FA3D9482741C16,1
historical_performance.csv,identifier,universal_mtg_product_id,MTG:SECRET_LAIR:SL-FA6223566C7B76,1
historical_performance.csv,identifier,universal_mtg_product_id,MTG:SECRET_LAIR:SL-FA7A7EE1991025,1
historical_performance.csv,identifier,universal_mtg_product_id,MTG:SECRET_LAIR:SL-FA7D6580C34737,1
historical_performance.csv,identifier,universal_mtg_product_id,MTG:SECRET_LAIR:SL-FB01410D9F3250,1
historical_performance.csv,identifier,universal_mtg_product_id,MTG:SECRET_LAIR:SL-FB1E1566446236,1
historical_performance.csv,identifier,universal_mtg_product_id,MTG:SECRET_LAIR:SL-FB1FECB0690176,1
historical_performance.csv,identifier,universal_mtg_product_id,MTG:SECRET_LAIR:SL-FB8F41B5698E85,1
historical_performance.csv,identifier,universal_mtg_product_id,MTG:SECRET_LAIR:SL-FBADB7587BFD9A,1
historical_performance.csv,identifier,universal_mtg_product_id,MTG:SECRET_LAIR:SL-FC44F373482E68,1
historical_performance.csv,identifier,universal_mtg_product_id,MTG:SECRET_LAIR:SL-FC508070AC9ECD,1
historical_performance.csv,identifier,universal_mtg_product_id,MTG:SECRET_LAIR:SL-FCAEA5C157AA2D,1
historical_performance.csv,identifier,universal_mtg_product_id,MTG:SECRET_LAIR:SL-FD327F76CA9BCB,1
historical_performance.csv,identifier,universal_mtg_product_id,MTG:SECRET_LAIR:SL-FD569236BFC307,1
historical_performance.csv,identifier,universal_mtg_product_id,MTG:SECRET_LAIR:SL-FD7EED45ECCFC6,1
historical_performance.csv,identifier,universal_mtg_product_id,MTG:SECRET_LAIR:SL-FDA8FA789BE3A1,1
historical_performance.csv,identifier,universal_mtg_product_id,MTG:SECRET_LAIR:SL-FDAA65C601D268,1
historical_performance.csv,identifier,universal_mtg_product_id,MTG:SECRET_LAIR:SL-FE0F8BC07F7E66,1
historical_performance.csv,identifier,universal_mtg_product_id,MTG:SECRET_LAIR:SL-FEA5D283ED723B,1
historical_performance.csv,identifier,universal_mtg_product_id,MTG:SECRET_LAIR:SL-FF8B50F46CBD31,1
historical_performance.csv,identifier,universal_mtg_product_id,MTG:SECRET_LAIR:SL-FFA400FF14BF49,1
historical_performance.csv,identifier,universal_mtg_product_id,MTG:SECRET_LAIR:SL-FFE26A78CDDB2A,1
historical_performance.csv,identifier,investment_product_id,SL-00DFD5FAF7A6FF,1
historical_performance.csv,identifier,investment_product_id,SL-014CB03DE34288,1
historical_performance.csv,identifier,investment_product_id,SL-0170AA960296CD,1
historical_performance.csv,identifier,investment_product_id,SL-01A33A04CE8DA9,1
historical_performance.csv,identifier,investment_product_id,SL-01DC7B8F9D05F8,1
historical_performance.csv,identifier,investment_product_id,SL-01E98F93055799,1
historical_performance.csv,identifier,investment_product_id,SL-01F4014DB0F8CA,1
historical_performance.csv,identifier,investment_product_id,SL-02041401623B89,1
historical_performance.csv,identifier,investment_product_id,SL-021B2153DBD979,1
historical_performance.csv,identifier,investment_product_id,SL-02BF1E90F565BA,1
historical_performance.csv,identifier,investment_product_id,SL-030C40B079BE71,1
historical_performance.csv,identifier,investment_product_id,SL-031591793B58D2,1
historical_performance.csv,identifier,investment_product_id,SL-035B905324063A,1
historical_performance.csv,identifier,investment_product_id,SL-038D960C141CC9,1
historical_performance.csv,identifier,investment_product_id,SL-0430987FB34846,1
historical_performance.csv,identifier,investment_product_id,SL-0464E462AF6315,1
historical_performance.csv,identifier,investment_product_id,SL-04F997D8C52528,1
historical_performance.csv,identifier,investment_product_id,SL-0559BC4D37DF0B,1
historical_performance.csv,identifier,investment_product_id,SL-061D727564DFFE,1
historical_performance.csv,identifier,investment_product_id,SL-064D2E49795666,1
historical_performance.csv,identifier,investment_product_id,SL-0695851252F6DF,1
historical_performance.csv,identifier,investment_product_id,SL-06CAAF43297C92,1
historical_performance.csv,identifier,investment_product_id,SL-074AA34DCCD62C,1
historical_performance.csv,identifier,investment_product_id,SL-07E8B624A8C7D4,1
historical_performance.csv,identifier,investment_product_id,SL-083956F35FB3E4,1
historical_performance.csv,identifier,investment_product_id,SL-091253B94BB947,1
historical_performance.csv,identifier,investment_product_id,SL-09332718CFEA52,1
historical_performance.csv,identifier,investment_product_id,SL-0957EA8624A898,1
historical_performance.csv,identifier,investment_product_id,SL-095A861D9875C3,1
historical_performance.csv,identifier,investment_product_id,SL-09F80672292CE8,1
historical_performance.csv,identifier,investment_product_id,SL-0A174DAC0F9024,1
historical_performance.csv,identifier,investment_product_id,SL-0A1AF554F409DF,1
historical_performance.csv,identifier,investment_product_id,SL-0AA8438AAB4240,1
historical_performance.csv,identifier,investment_product_id,SL-0B3132C3EEAD64,1
historical_performance.csv,identifier,investment_product_id,SL-0B75BFD8A38901,1
historical_performance.csv,identifier,investment_product_id,SL-0C1E7816FD9FE9,1
historical_performance.csv,identifier,investment_product_id,SL-0C4B6E83C3E214,1
historical_performance.csv,identifier,investment_product_id,SL-0CEABF59829053,1
historical_performance.csv,identifier,investment_product_id,SL-0CED568CA776CD,1
historical_performance.csv,identifier,investment_product_id,SL-0CF3E7A9C296C3,1
historical_performance.csv,identifier,investment_product_id,SL-0CFD9C26617BF8,1
historical_performance.csv,identifier,investment_product_id,SL-0D7734D027859B,1
historical_performance.csv,identifier,investment_product_id,SL-0D989A557A9D90,1
historical_performance.csv,identifier,investment_product_id,SL-0E13518CC2D50B,1
historical_performance.csv,identifier,investment_product_id,SL-0E630241169A8E,1
historical_performance.csv,identifier,investment_product_id,SL-0E772D4E9A9FA4,1
historical_performance.csv,identifier,investment_product_id,SL-0EA9F010F7F403,1
historical_performance.csv,identifier,investment_product_id,SL-0ED724E9E0E76F,1
historical_performance.csv,identifier,investment_product_id,SL-0EF6F56C669DFA,1
historical_performance.csv,identifier,investment_product_id,SL-0F1DBD84485B3E,1
historical_performance.csv,identifier,investment_product_id,SL-0F86D31256941D,1
historical_performance.csv,identifier,investment_product_id,SL-0F8CABC723BB6B,1
historical_performance.csv,identifier,investment_product_id,SL-0FD5F6D742E1F1,1
historical_performance.csv,identifier,investment_product_id,SL-1051ECFDCBF5AF,1
historical_performance.csv,identifier,investment_product_id,SL-10654C31034738,1
historical_performance.csv,identifier,investment_product_id,SL-10F7835581923D,1
historical_performance.csv,identifier,investment_product_id,SL-115EC34A20CEBD,1
historical_performance.csv,identifier,investment_product_id,SL-118CC96FD450B8,1
historical_performance.csv,identifier,investment_product_id,SL-120AAF80ADF7D7,1
historical_performance.csv,identifier,investment_product_id,SL-122DA15C9E14A2,1
historical_performance.csv,identifier,investment_product_id,SL-126AA07A5786BF,1
historical_performance.csv,identifier,investment_product_id,SL-12A0108619FC9B,1
historical_performance.csv,identifier,investment_product_id,SL-12C2591B92C35D,1
historical_performance.csv,identifier,investment_product_id,SL-1300E73CDDA9B5,1
historical_performance.csv,identifier,investment_product_id,SL-1304148BB94881,1
historical_performance.csv,identifier,investment_product_id,SL-137214427FCCAA,1
historical_performance.csv,identifier,investment_product_id,SL-13874C5D848C73,1
historical_performance.csv,identifier,investment_product_id,SL-13A381A40449C9,1
historical_performance.csv,identifier,investment_product_id,SL-13FAC3EF59E6AC,1
historical_performance.csv,identifier,investment_product_id,SL-14069B556F0234,1
historical_performance.csv,identifier,investment_product_id,SL-140EB9D3B38175,1
historical_performance.csv,identifier,investment_product_id,SL-142966DB35DC8F,1
historical_performance.csv,identifier,investment_product_id,SL-145E2D7DAB1056,1
historical_performance.csv,identifier,investment_product_id,SL-14CB93A38C37A0,1
historical_performance.csv,identifier,investment_product_id,SL-15ADFCF5094915,1
historical_performance.csv,identifier,investment_product_id,SL-15F0BDC0F7B590,1
historical_performance.csv,identifier,investment_product_id,SL-167399D6CD6288,1
historical_performance.csv,identifier,investment_product_id,SL-1673F72E783176,1
historical_performance.csv,identifier,investment_product_id,SL-1716D8997667E1,1
historical_performance.csv,identifier,investment_product_id,SL-17405C5D45E661,1
historical_performance.csv,identifier,investment_product_id,SL-18623F544924A7,1
historical_performance.csv,identifier,investment_product_id,SL-189ED14E304342,1
historical_performance.csv,identifier,investment_product_id,SL-18DF50D0713A3D,1
historical_performance.csv,identifier,investment_product_id,SL-19307234228696,1
historical_performance.csv,identifier,investment_product_id,SL-197CCEBB8BF2AC,1
historical_performance.csv,identifier,investment_product_id,SL-197EC2ADF7628E,1
historical_performance.csv,identifier,investment_product_id,SL-197F90EACBF23A,1
historical_performance.csv,identifier,investment_product_id,SL-19B445CB21B8AA,1
historical_performance.csv,identifier,investment_product_id,SL-1AC45BAFCC79A8,1
historical_performance.csv,identifier,investment_product_id,SL-1B0779915A22B6,1
historical_performance.csv,identifier,investment_product_id,SL-1B4F52C53867DC,1
historical_performance.csv,identifier,investment_product_id,SL-1B5B0C7B7DFD8A,1
historical_performance.csv,identifier,investment_product_id,SL-1C45E7F91C62E4,1
historical_performance.csv,identifier,investment_product_id,SL-1CBB2CDA24A606,1
historical_performance.csv,identifier,investment_product_id,SL-1D01680A770718,1
historical_performance.csv,identifier,investment_product_id,SL-1D242838322B00,1
historical_performance.csv,identifier,investment_product_id,SL-1D9FB450470C75,1
historical_performance.csv,identifier,investment_product_id,SL-1DA21B27711D91,1
historical_performance.csv,identifier,investment_product_id,SL-1DE33F0229DA09,1
historical_performance.csv,identifier,investment_product_id,SL-1E11913E760B30,1
historical_performance.csv,identifier,investment_product_id,SL-1F7D163D1ACEFB,1
historical_performance.csv,identifier,investment_product_id,SL-1F9921A151E628,1
historical_performance.csv,identifier,investment_product_id,SL-2007070E059EDF,1
historical_performance.csv,identifier,investment_product_id,SL-204D6B03D36FE2,1
historical_performance.csv,identifier,investment_product_id,SL-207EFFFEEB79A0,1
historical_performance.csv,identifier,investment_product_id,SL-2098A235696D4F,1
historical_performance.csv,identifier,investment_product_id,SL-20A675073DCB5D,1
historical_performance.csv,identifier,investment_product_id,SL-20D499A470B8A5,1
historical_performance.csv,identifier,investment_product_id,SL-20E2C89BAB6915,1
historical_performance.csv,identifier,investment_product_id,SL-20EA4A771B3569,1
historical_performance.csv,identifier,investment_product_id,SL-213339E791C59A,1
historical_performance.csv,identifier,investment_product_id,SL-214ED723D3A771,1
historical_performance.csv,identifier,investment_product_id,SL-21979E71D302E5,1
historical_performance.csv,identifier,investment_product_id,SL-219DB149BBB690,1
historical_performance.csv,identifier,investment_product_id,SL-22454153307BC0,1
historical_performance.csv,identifier,investment_product_id,SL-226F557D91DE6E,1
historical_performance.csv,identifier,investment_product_id,SL-22B841990DAC1F,1
historical_performance.csv,identifier,investment_product_id,SL-22CD7E1A6B7A30,1
historical_performance.csv,identifier,investment_product_id,SL-22E3600468CA16,1
historical_performance.csv,identifier,investment_product_id,SL-2347A35CDE0CCA,1
historical_performance.csv,identifier,investment_product_id,SL-23598BE2582FF4,1
historical_performance.csv,identifier,investment_product_id,SL-239D6859BD1D9C,1
historical_performance.csv,identifier,investment_product_id,SL-23E541A279A532,1
historical_performance.csv,identifier,investment_product_id,SL-23F2295DED1E9C,1
historical_performance.csv,identifier,investment_product_id,SL-23FA662D95286E,1
historical_performance.csv,identifier,investment_product_id,SL-24526707F6CB2D,1
historical_performance.csv,identifier,investment_product_id,SL-24D60CEE50EB04,1
historical_performance.csv,identifier,investment_product_id,SL-255A0A2F4FEB20,1
historical_performance.csv,identifier,investment_product_id,SL-2569BCFE16FD2C,1
historical_performance.csv,identifier,investment_product_id,SL-256B2682940475,1
historical_performance.csv,identifier,investment_product_id,SL-25FFECED0CE8DE,1
historical_performance.csv,identifier,investment_product_id,SL-26B06B683BCA6B,1
historical_performance.csv,identifier,investment_product_id,SL-26CE439D88A06A,1
historical_performance.csv,identifier,investment_product_id,SL-26D338135420FD,1
historical_performance.csv,identifier,investment_product_id,SL-26D60205AA523A,1
historical_performance.csv,identifier,investment_product_id,SL-272CED28AF6023,1
historical_performance.csv,identifier,investment_product_id,SL-2786878C1D8F2A,1
historical_performance.csv,identifier,investment_product_id,SL-278D493DAEF98B,1
historical_performance.csv,identifier,investment_product_id,SL-27BCF6F90AE7CD,1
historical_performance.csv,identifier,investment_product_id,SL-27F25ED44B60AC,1
historical_performance.csv,identifier,investment_product_id,SL-27F53952DEB63B,1
historical_performance.csv,identifier,investment_product_id,SL-2825A1B58F0B24,1
historical_performance.csv,identifier,investment_product_id,SL-284D5484C99F48,1
historical_performance.csv,identifier,investment_product_id,SL-28E7EF25549A0F,1
historical_performance.csv,identifier,investment_product_id,SL-290BC5AB169700,1
historical_performance.csv,identifier,investment_product_id,SL-299EFC297156F1,1
historical_performance.csv,identifier,investment_product_id,SL-2A0B13F359B600,1
historical_performance.csv,identifier,investment_product_id,SL-2A2F4D4D905F89,1
historical_performance.csv,identifier,investment_product_id,SL-2AA846FD9ACD02,1
historical_performance.csv,identifier,investment_product_id,SL-2AC9C47B84FA46,1
historical_performance.csv,identifier,investment_product_id,SL-2ADC84D7922A98,1
historical_performance.csv,identifier,investment_product_id,SL-2AF8009F200134,1
historical_performance.csv,identifier,investment_product_id,SL-2B046AC7FBA460,1
historical_performance.csv,identifier,investment_product_id,SL-2B40642CD07C6B,1
historical_performance.csv,identifier,investment_product_id,SL-2B55545460A82C,1
historical_performance.csv,identifier,investment_product_id,SL-2B817FBC9624E5,1
historical_performance.csv,identifier,investment_product_id,SL-2B9EE853724B6D,1
historical_performance.csv,identifier,investment_product_id,SL-2BC80C4864DCB3,1
historical_performance.csv,identifier,investment_product_id,SL-2C8BD576A51D61,1
historical_performance.csv,identifier,investment_product_id,SL-2CC41EDDF7EBA1,1
historical_performance.csv,identifier,investment_product_id,SL-2CFDA3F4C0066D,1
historical_performance.csv,identifier,investment_product_id,SL-2D3CABC651E40A,1
historical_performance.csv,identifier,investment_product_id,SL-2D3F3FFB5E9435,1
historical_performance.csv,identifier,investment_product_id,SL-2D5B5D6DB161EE,1
historical_performance.csv,identifier,investment_product_id,SL-2E5D3F1C55B40E,1
historical_performance.csv,identifier,investment_product_id,SL-2E6BF27043E9BB,1
historical_performance.csv,identifier,investment_product_id,SL-2F0C6070A19154,1
historical_performance.csv,identifier,investment_product_id,SL-2F498E0B93A360,1
historical_performance.csv,identifier,investment_product_id,SL-2F5BFD58A416E7,1
historical_performance.csv,identifier,investment_product_id,SL-2FCD076205C4F4,1
historical_performance.csv,identifier,investment_product_id,SL-2FE515EC6D482C,1
historical_performance.csv,identifier,investment_product_id,SL-301D3C32669404,1
historical_performance.csv,identifier,investment_product_id,SL-30B353B1E2F40A,1
historical_performance.csv,identifier,investment_product_id,SL-30C88E4C2B3278,1
historical_performance.csv,identifier,investment_product_id,SL-30DF537FBDFC90,1
historical_performance.csv,identifier,investment_product_id,SL-3104ED52ED0029,1
historical_performance.csv,identifier,investment_product_id,SL-31ABCEB49A1123,1
historical_performance.csv,identifier,investment_product_id,SL-31EB584CE2759D,1
historical_performance.csv,identifier,investment_product_id,SL-31EB85A6AF4F60,1
historical_performance.csv,identifier,investment_product_id,SL-32E9767E0B3D5C,1
historical_performance.csv,identifier,investment_product_id,SL-33DE5E031EFD3B,1
historical_performance.csv,identifier,investment_product_id,SL-33FFFBC2DAC5E2,1
historical_performance.csv,identifier,investment_product_id,SL-34194E4F054A23,1
historical_performance.csv,identifier,investment_product_id,SL-34352A7A87C72D,1
historical_performance.csv,identifier,investment_product_id,SL-347373B1ADC604,1
historical_performance.csv,identifier,investment_product_id,SL-35D49FF298AC45,1
historical_performance.csv,identifier,investment_product_id,SL-36280CB83AC2AF,1
historical_performance.csv,identifier,investment_product_id,SL-364F90FA6A1775,1
historical_performance.csv,identifier,investment_product_id,SL-366202692BF768,1
historical_performance.csv,identifier,investment_product_id,SL-3695BA5801481E,1
historical_performance.csv,identifier,investment_product_id,SL-369FF863EC799B,1
historical_performance.csv,identifier,investment_product_id,SL-3734ADEE0BD3D9,1
historical_performance.csv,identifier,investment_product_id,SL-373CCE73104F13,1
historical_performance.csv,identifier,investment_product_id,SL-37C6B768973D2F,1
historical_performance.csv,identifier,investment_product_id,SL-37F143176116F8,1
historical_performance.csv,identifier,investment_product_id,SL-37F8EC322DC4FF,1
historical_performance.csv,identifier,investment_product_id,SL-383A5390F8CB76,1
historical_performance.csv,identifier,investment_product_id,SL-384FB17537F64E,1
historical_performance.csv,identifier,investment_product_id,SL-3852DBF0BE0E0F,1
historical_performance.csv,identifier,investment_product_id,SL-38870530CF4440,1
historical_performance.csv,identifier,investment_product_id,SL-38D62E44CA4044,1
historical_performance.csv,identifier,investment_product_id,SL-391ADFABB49A8E,1
historical_performance.csv,identifier,investment_product_id,SL-397AD1D0B568A3,1
historical_performance.csv,identifier,investment_product_id,SL-39B978CCE71007,1
historical_performance.csv,identifier,investment_product_id,SL-39CDF02CD749A1,1
historical_performance.csv,identifier,investment_product_id,SL-39F25CFE2C5A26,1
historical_performance.csv,identifier,investment_product_id,SL-3A02BD35AC0C02,1
historical_performance.csv,identifier,investment_product_id,SL-3A798704DD8BBD,1
historical_performance.csv,identifier,investment_product_id,SL-3A8C34AA302232,1
historical_performance.csv,identifier,investment_product_id,SL-3ABE230D547642,1
historical_performance.csv,identifier,investment_product_id,SL-3AD38730FCEF33,1
historical_performance.csv,identifier,investment_product_id,SL-3AE8E2E6E8B3B6,1
historical_performance.csv,identifier,investment_product_id,SL-3AED22057A4FFB,1
historical_performance.csv,identifier,investment_product_id,SL-3B1C73233CF74E,1
historical_performance.csv,identifier,investment_product_id,SL-3BCA01B6A36AD0,1
historical_performance.csv,identifier,investment_product_id,SL-3BF23A821ADB00,1
historical_performance.csv,identifier,investment_product_id,SL-3BF37BD3ACB158,1
historical_performance.csv,identifier,investment_product_id,SL-3BF8B1EFC3D63E,1
historical_performance.csv,identifier,investment_product_id,SL-3C65FD2BF954A2,1
historical_performance.csv,identifier,investment_product_id,SL-3C8F74D9F8C33A,1
historical_performance.csv,identifier,investment_product_id,SL-3C90B58C213EC3,1
historical_performance.csv,identifier,investment_product_id,SL-3CA7E30CC977F0,1
historical_performance.csv,identifier,investment_product_id,SL-3CE747424ABD9D,1
historical_performance.csv,identifier,investment_product_id,SL-3D0052CFE56421,1
historical_performance.csv,identifier,investment_product_id,SL-3D01D7D0EAE8CA,1
historical_performance.csv,identifier,investment_product_id,SL-3D16987F5EDCDC,1
historical_performance.csv,identifier,investment_product_id,SL-3D43E1264ED817,1
historical_performance.csv,identifier,investment_product_id,SL-3D4434A1970156,1
historical_performance.csv,identifier,investment_product_id,SL-3D4D8B9063C0F4,1
historical_performance.csv,identifier,investment_product_id,SL-3D98DA707A8A83,1
historical_performance.csv,identifier,investment_product_id,SL-3EEFF77D627261,1
historical_performance.csv,identifier,investment_product_id,SL-3EF9855B3720AF,1
historical_performance.csv,identifier,investment_product_id,SL-3F0275C619056A,1
historical_performance.csv,identifier,investment_product_id,SL-3F1F1DB9343414,1
historical_performance.csv,identifier,investment_product_id,SL-3F2B421DD9669F,1
historical_performance.csv,identifier,investment_product_id,SL-3F3C86FF9BD9C8,1
historical_performance.csv,identifier,investment_product_id,SL-3F745D24C8D183,1
historical_performance.csv,identifier,investment_product_id,SL-4018B4444438E9,1
historical_performance.csv,identifier,investment_product_id,SL-401C61727EE263,1
historical_performance.csv,identifier,investment_product_id,SL-40670F87176D8C,1
historical_performance.csv,identifier,investment_product_id,SL-40B6F9DD3A4665,1
historical_performance.csv,identifier,investment_product_id,SL-412C261AA45A1B,1
historical_performance.csv,identifier,investment_product_id,SL-415E40E57B3DAB,1
historical_performance.csv,identifier,investment_product_id,SL-41A8311FB84FA5,1
historical_performance.csv,identifier,investment_product_id,SL-41DAD3A3B372D8,1
historical_performance.csv,identifier,investment_product_id,SL-42559D1C728178,1
historical_performance.csv,identifier,investment_product_id,SL-4262135C124315,1
historical_performance.csv,identifier,investment_product_id,SL-42D8B704EA16D9,1
historical_performance.csv,identifier,investment_product_id,SL-43286263D6D2C4,1
historical_performance.csv,identifier,investment_product_id,SL-43659890F8CF5B,1
historical_performance.csv,identifier,investment_product_id,SL-43DBFB9B561C4B,1
historical_performance.csv,identifier,investment_product_id,SL-4445D560A16695,1
historical_performance.csv,identifier,investment_product_id,SL-44C1A8804ED001,1
historical_performance.csv,identifier,investment_product_id,SL-452614AF0A815A,1
historical_performance.csv,identifier,investment_product_id,SL-4538C3C87DD66E,1
historical_performance.csv,identifier,investment_product_id,SL-45AC0450672011,1
historical_performance.csv,identifier,investment_product_id,SL-45AD439AB34854,1
historical_performance.csv,identifier,investment_product_id,SL-4608D41552CD68,1
historical_performance.csv,identifier,investment_product_id,SL-4735ED23F7A4FD,1
historical_performance.csv,identifier,investment_product_id,SL-47609F826AE46F,1
historical_performance.csv,identifier,investment_product_id,SL-47D0706F022868,1
historical_performance.csv,identifier,investment_product_id,SL-47FD7A58931702,1
historical_performance.csv,identifier,investment_product_id,SL-481026198BBC92,1
historical_performance.csv,identifier,investment_product_id,SL-481C91DE34F288,1
historical_performance.csv,identifier,investment_product_id,SL-485FDCB7A00AFE,1
historical_performance.csv,identifier,investment_product_id,SL-48E2D44B0DB112,1
historical_performance.csv,identifier,investment_product_id,SL-4A13D668591161,1
historical_performance.csv,identifier,investment_product_id,SL-4AF8E5539A3A37,1
historical_performance.csv,identifier,investment_product_id,SL-4AFB9096DD6221,1
historical_performance.csv,identifier,investment_product_id,SL-4B22D43419542B,1
historical_performance.csv,identifier,investment_product_id,SL-4B314F21B95F79,1
historical_performance.csv,identifier,investment_product_id,SL-4BE57560047EB4,1
historical_performance.csv,identifier,investment_product_id,SL-4BF63B64592660,1
historical_performance.csv,identifier,investment_product_id,SL-4BF7FE45B6D5FA,1
historical_performance.csv,identifier,investment_product_id,SL-4C044399719CB3,1
historical_performance.csv,identifier,investment_product_id,SL-4C3509AD7E230B,1
historical_performance.csv,identifier,investment_product_id,SL-4C4FCD42C6E4CB,1
historical_performance.csv,identifier,investment_product_id,SL-4C6A3C65A74465,1
historical_performance.csv,identifier,investment_product_id,SL-4D59CDC526B4A4,1
historical_performance.csv,identifier,investment_product_id,SL-4D89F0ED51988D,1
historical_performance.csv,identifier,investment_product_id,SL-4E0F9462AECE34,1
historical_performance.csv,identifier,investment_product_id,SL-4E3DD31A8F10CD,1
historical_performance.csv,identifier,investment_product_id,SL-4E446C326A35E0,1
historical_performance.csv,identifier,investment_product_id,SL-4E4666C9C585DF,1
historical_performance.csv,identifier,investment_product_id,SL-4F949907592453,1
historical_performance.csv,identifier,investment_product_id,SL-500F5F97CE9D3D,1
historical_performance.csv,identifier,investment_product_id,SL-5023185002A2AA,1
historical_performance.csv,identifier,investment_product_id,SL-5068960BC36908,1
historical_performance.csv,identifier,investment_product_id,SL-50C145DADB01EC,1
historical_performance.csv,identifier,investment_product_id,SL-50E644B80B9CC1,1
historical_performance.csv,identifier,investment_product_id,SL-50FC4B0DB8BFBC,1
historical_performance.csv,identifier,investment_product_id,SL-514B5766ECCE6E,1
historical_performance.csv,identifier,investment_product_id,SL-514C1D6728B156,1
historical_performance.csv,identifier,investment_product_id,SL-51976658E5C23C,1
historical_performance.csv,identifier,investment_product_id,SL-51F0E5266661E3,1
historical_performance.csv,identifier,investment_product_id,SL-51F6FE2831BC59,1
historical_performance.csv,identifier,investment_product_id,SL-52287049EB9C78,1
historical_performance.csv,identifier,investment_product_id,SL-5255E36FDEE99C,1
historical_performance.csv,identifier,investment_product_id,SL-52AD75C0AF1006,1
historical_performance.csv,identifier,investment_product_id,SL-52D6DADA65F954,1
historical_performance.csv,identifier,investment_product_id,SL-52F611E7CD122A,1
historical_performance.csv,identifier,investment_product_id,SL-5372DCEAF5B496,1
historical_performance.csv,identifier,investment_product_id,SL-5375C51D0AF757,1
historical_performance.csv,identifier,investment_product_id,SL-537F7A73B4E5D7,1
historical_performance.csv,identifier,investment_product_id,SL-539814AFE340EF,1
historical_performance.csv,identifier,investment_product_id,SL-53DBCED4126506,1
historical_performance.csv,identifier,investment_product_id,SL-53E99BA82486AE,1
historical_performance.csv,identifier,investment_product_id,SL-53EFFF4AB66655,1
historical_performance.csv,identifier,investment_product_id,SL-5460CC74A875D8,1
historical_performance.csv,identifier,investment_product_id,SL-5468F7B9EAB454,1
historical_performance.csv,identifier,investment_product_id,SL-54C9080526A1C2,1
historical_performance.csv,identifier,investment_product_id,SL-54E30F9610306E,1
historical_performance.csv,identifier,investment_product_id,SL-55E97B4006F89E,1
historical_performance.csv,identifier,investment_product_id,SL-560F109DA33288,1
historical_performance.csv,identifier,investment_product_id,SL-5623C86036522B,1
historical_performance.csv,identifier,investment_product_id,SL-568C9C053EB3C5,1
historical_performance.csv,identifier,investment_product_id,SL-56A06CCE61A990,1
historical_performance.csv,identifier,investment_product_id,SL-57224CF33D1B18,1
historical_performance.csv,identifier,investment_product_id,SL-57B769C050A1F6,1
historical_performance.csv,identifier,investment_product_id,SL-585CACD9E76000,1
historical_performance.csv,identifier,investment_product_id,SL-5866DDA4AFF1E6,1
historical_performance.csv,identifier,investment_product_id,SL-5870A36D552768,1
historical_performance.csv,identifier,investment_product_id,SL-58CA1F11EE3BE3,1
historical_performance.csv,identifier,investment_product_id,SL-5933AE80C184BC,1
historical_performance.csv,identifier,investment_product_id,SL-59E7F564794C20,1
historical_performance.csv,identifier,investment_product_id,SL-5A1F788DAA7722,1
historical_performance.csv,identifier,investment_product_id,SL-5A4A678A238B50,1
historical_performance.csv,identifier,investment_product_id,SL-5A6AE8606BA087,1
historical_performance.csv,identifier,investment_product_id,SL-5B3A6F59394F77,1
historical_performance.csv,identifier,investment_product_id,SL-5B5B32122CDD63,1
historical_performance.csv,identifier,investment_product_id,SL-5B6759715093DA,1
historical_performance.csv,identifier,investment_product_id,SL-5C3F30C12BEBAB,1
historical_performance.csv,identifier,investment_product_id,SL-5C5578252D2926,1
historical_performance.csv,identifier,investment_product_id,SL-5C83F0908286AA,1
historical_performance.csv,identifier,investment_product_id,SL-5CD1718708F7CF,1
historical_performance.csv,identifier,investment_product_id,SL-5D627AA081FA6B,1
historical_performance.csv,identifier,investment_product_id,SL-5DCBAF53678E9A,1
historical_performance.csv,identifier,investment_product_id,SL-5DE687263E31C2,1
historical_performance.csv,identifier,investment_product_id,SL-5DFBCE0AB83C38,1
historical_performance.csv,identifier,investment_product_id,SL-5E385BCEB8C1D3,1
historical_performance.csv,identifier,investment_product_id,SL-5E88158210994E,1
historical_performance.csv,identifier,investment_product_id,SL-5EF93AB87CC7BC,1
historical_performance.csv,identifier,investment_product_id,SL-5FB294356B3D9E,1
historical_performance.csv,identifier,investment_product_id,SL-5FE7868CA1C657,1
historical_performance.csv,identifier,investment_product_id,SL-5FF41CC2D13BA0,1
historical_performance.csv,identifier,investment_product_id,SL-600CD704BB077D,1
historical_performance.csv,identifier,investment_product_id,SL-60461872853DE5,1
historical_performance.csv,identifier,investment_product_id,SL-60A40519C4C2EC,1
historical_performance.csv,identifier,investment_product_id,SL-60B5B69D0C5853,1
historical_performance.csv,identifier,investment_product_id,SL-60BFB1DCD1B82F,1
historical_performance.csv,identifier,investment_product_id,SL-60FC2555A55C64,1
historical_performance.csv,identifier,investment_product_id,SL-61289242472F60,1
historical_performance.csv,identifier,investment_product_id,SL-61E8E5DF8B1BBE,1
historical_performance.csv,identifier,investment_product_id,SL-61FF8037187542,1
historical_performance.csv,identifier,investment_product_id,SL-622D7365B067D1,1
historical_performance.csv,identifier,investment_product_id,SL-623013DF1CDC7A,1
historical_performance.csv,identifier,investment_product_id,SL-62530032A99C72,1
historical_performance.csv,identifier,investment_product_id,SL-6272B7E7FCCDE5,1
historical_performance.csv,identifier,investment_product_id,SL-627854ED741646,1
historical_performance.csv,identifier,investment_product_id,SL-62924E622370DA,1
historical_performance.csv,identifier,investment_product_id,SL-62BFC9811DD915,1
historical_performance.csv,identifier,investment_product_id,SL-62C80AB34D9CC5,1
historical_performance.csv,identifier,investment_product_id,SL-63246582180433,1
historical_performance.csv,identifier,investment_product_id,SL-63F3882ECD7C27,1
historical_performance.csv,identifier,investment_product_id,SL-641F10B993511F,1
historical_performance.csv,identifier,investment_product_id,SL-64570B00C96787,1
historical_performance.csv,identifier,investment_product_id,SL-649995DEB9E53B,1
historical_performance.csv,identifier,investment_product_id,SL-64DF5C443D393A,1
historical_performance.csv,identifier,investment_product_id,SL-653ECA949C539E,1
historical_performance.csv,identifier,investment_product_id,SL-65D2FBF09647F2,1
historical_performance.csv,identifier,investment_product_id,SL-6640A3B637C825,1
historical_performance.csv,identifier,investment_product_id,SL-66650DD69BF4D5,1
historical_performance.csv,identifier,investment_product_id,SL-67CAEA24680CC1,1
historical_performance.csv,identifier,investment_product_id,SL-6826C5CCC691B8,1
historical_performance.csv,identifier,investment_product_id,SL-686E1BBEBCBFAA,1
historical_performance.csv,identifier,investment_product_id,SL-690BF3733992EE,1
historical_performance.csv,identifier,investment_product_id,SL-6913FBEDFDB80B,1
historical_performance.csv,identifier,investment_product_id,SL-69852EB562DC18,1
historical_performance.csv,identifier,investment_product_id,SL-698A08AB4D7C37,1
historical_performance.csv,identifier,investment_product_id,SL-69FAC4782CEAD8,1
historical_performance.csv,identifier,investment_product_id,SL-6A188AFCDB31E1,1
historical_performance.csv,identifier,investment_product_id,SL-6A2D2E139F2254,1
historical_performance.csv,identifier,investment_product_id,SL-6A7B01B7E9573D,1
historical_performance.csv,identifier,investment_product_id,SL-6AF6F8F8E4C984,1
historical_performance.csv,identifier,investment_product_id,SL-6B03C6C7C5B91D,1
historical_performance.csv,identifier,investment_product_id,SL-6B5DCD60BA5730,1
historical_performance.csv,identifier,investment_product_id,SL-6B6C979A6E1B4E,1
historical_performance.csv,identifier,investment_product_id,SL-6B7BB6F2DC6CCE,1
historical_performance.csv,identifier,investment_product_id,SL-6C10833A178EED,1
historical_performance.csv,identifier,investment_product_id,SL-6C1B3964A65485,1
historical_performance.csv,identifier,investment_product_id,SL-6C256345194D9E,1
historical_performance.csv,identifier,investment_product_id,SL-6CD9F3DF876B1F,1
historical_performance.csv,identifier,investment_product_id,SL-6CE59E51DCC615,1
historical_performance.csv,identifier,investment_product_id,SL-6D386CB092B8F1,1
historical_performance.csv,identifier,investment_product_id,SL-6D6C79C2652BFD,1
historical_performance.csv,identifier,investment_product_id,SL-6DA9DA55C5623B,1
historical_performance.csv,identifier,investment_product_id,SL-6DF016FCB60547,1
historical_performance.csv,identifier,investment_product_id,SL-6DFA783F3B9A37,1
historical_performance.csv,identifier,investment_product_id,SL-6E10E7A8BD8C2C,1
historical_performance.csv,identifier,investment_product_id,SL-6E398CB1F66169,1
historical_performance.csv,identifier,investment_product_id,SL-6E41C5BF4AA13D,1
historical_performance.csv,identifier,investment_product_id,SL-6E54B9A2BF9CBF,1
historical_performance.csv,identifier,investment_product_id,SL-6EB03A8FE440C8,1
historical_performance.csv,identifier,investment_product_id,SL-6EC27A54060DFF,1
historical_performance.csv,identifier,investment_product_id,SL-6F5DC80C66F4E7,1
historical_performance.csv,identifier,investment_product_id,SL-6F9B1732BC4226,1
historical_performance.csv,identifier,investment_product_id,SL-701AF6693C838C,1
historical_performance.csv,identifier,investment_product_id,SL-70307120926003,1
historical_performance.csv,identifier,investment_product_id,SL-711EEDF03C34FB,1
historical_performance.csv,identifier,investment_product_id,SL-7184A0B63B1E9E,1
historical_performance.csv,identifier,investment_product_id,SL-72472EFE8746C4,1
historical_performance.csv,identifier,investment_product_id,SL-729124208E824A,1
historical_performance.csv,identifier,investment_product_id,SL-72B79910F6BD16,1
historical_performance.csv,identifier,investment_product_id,SL-72C3D4333AE81B,1
historical_performance.csv,identifier,investment_product_id,SL-72C515905E7352,1
historical_performance.csv,identifier,investment_product_id,SL-7321B93310E560,1
historical_performance.csv,identifier,investment_product_id,SL-732A9E59B24774,1
historical_performance.csv,identifier,investment_product_id,SL-73CD6FD155407F,1
historical_performance.csv,identifier,investment_product_id,SL-73D3B01E989878,1
historical_performance.csv,identifier,investment_product_id,SL-73D93121EB1CDB,1
historical_performance.csv,identifier,investment_product_id,SL-74035B29B5EAA4,1
historical_performance.csv,identifier,investment_product_id,SL-74104655C7BE3C,1
historical_performance.csv,identifier,investment_product_id,SL-7417373ADFE528,1
historical_performance.csv,identifier,investment_product_id,SL-747C45FB80DFBE,1
historical_performance.csv,identifier,investment_product_id,SL-750655931E6F97,1
historical_performance.csv,identifier,investment_product_id,SL-75579AD5DE6CB9,1
historical_performance.csv,identifier,investment_product_id,SL-75A147DF7061C1,1
historical_performance.csv,identifier,investment_product_id,SL-75C9DE65D2674C,1
historical_performance.csv,identifier,investment_product_id,SL-75D2EFF8DB9AA4,1
historical_performance.csv,identifier,investment_product_id,SL-75EB6270819FE3,1
historical_performance.csv,identifier,investment_product_id,SL-761D477012E693,1
historical_performance.csv,identifier,investment_product_id,SL-769EDCF494E5DB,1
historical_performance.csv,identifier,investment_product_id,SL-76D63CDFA651CA,1
historical_performance.csv,identifier,investment_product_id,SL-76D8B5BE432384,1
historical_performance.csv,identifier,investment_product_id,SL-76EE3574620B68,1
historical_performance.csv,identifier,investment_product_id,SL-7704D13F4E7F46,1
historical_performance.csv,identifier,investment_product_id,SL-7716CAD08A2C84,1
historical_performance.csv,identifier,investment_product_id,SL-771BBE0ADFF762,1
historical_performance.csv,identifier,investment_product_id,SL-774E94D5987351,1
historical_performance.csv,identifier,investment_product_id,SL-77B45F83FF98D9,1
historical_performance.csv,identifier,investment_product_id,SL-789447B652E3B8,1
historical_performance.csv,identifier,investment_product_id,SL-78C40B1B9F39C2,1
historical_performance.csv,identifier,investment_product_id,SL-7993B0A0677511,1
historical_performance.csv,identifier,investment_product_id,SL-7A106AED6BFADC,1
historical_performance.csv,identifier,investment_product_id,SL-7A15A1811F841D,1
historical_performance.csv,identifier,investment_product_id,SL-7A1A1484F233C2,1
historical_performance.csv,identifier,investment_product_id,SL-7AB8CB8D6BF8A6,1
historical_performance.csv,identifier,investment_product_id,SL-7AFCC7EB7F6678,1
historical_performance.csv,identifier,investment_product_id,SL-7B02CD15018C5D,1
historical_performance.csv,identifier,investment_product_id,SL-7B17A9D6C16703,1
historical_performance.csv,identifier,investment_product_id,SL-7B48FB549C4A3E,1
historical_performance.csv,identifier,investment_product_id,SL-7B6BF7476036E4,1
historical_performance.csv,identifier,investment_product_id,SL-7C2B424B1C7969,1
historical_performance.csv,identifier,investment_product_id,SL-7C656D70CEC8AA,1
historical_performance.csv,identifier,investment_product_id,SL-7CCCC779832E62,1
historical_performance.csv,identifier,investment_product_id,SL-7CCD4E3550ADDB,1
historical_performance.csv,identifier,investment_product_id,SL-7CD7CFCF523E56,1
historical_performance.csv,identifier,investment_product_id,SL-7D6A0F10ADD5A6,1
historical_performance.csv,identifier,investment_product_id,SL-7DE930AD4A4B8C,1
historical_performance.csv,identifier,investment_product_id,SL-7E347F44185EA2,1
historical_performance.csv,identifier,investment_product_id,SL-7E61275FD5CC85,1
historical_performance.csv,identifier,investment_product_id,SL-7E75AB2D5E48E1,1
historical_performance.csv,identifier,investment_product_id,SL-7E80920E7FFF0A,1
historical_performance.csv,identifier,investment_product_id,SL-7EA408BA13BB00,1
historical_performance.csv,identifier,investment_product_id,SL-7EAFE139BC0BCD,1
historical_performance.csv,identifier,investment_product_id,SL-7ECED24F562902,1
historical_performance.csv,identifier,investment_product_id,SL-7F55A4E4C3D3D0,1
historical_performance.csv,identifier,investment_product_id,SL-7F86F1BD66EEEB,1
historical_performance.csv,identifier,investment_product_id,SL-7FD38092671142,1
historical_performance.csv,identifier,investment_product_id,SL-7FF5D4693BDBF9,1
historical_performance.csv,identifier,investment_product_id,SL-800F3A66865530,1
historical_performance.csv,identifier,investment_product_id,SL-81870DDCED77D3,1
historical_performance.csv,identifier,investment_product_id,SL-81FFD366420F3A,1
historical_performance.csv,identifier,investment_product_id,SL-823B9F2127A229,1
historical_performance.csv,identifier,investment_product_id,SL-831C7242985EC8,1
historical_performance.csv,identifier,investment_product_id,SL-832BF55C6E27A1,1
historical_performance.csv,identifier,investment_product_id,SL-835C4CD141949B,1
historical_performance.csv,identifier,investment_product_id,SL-8396530F9CA30C,1
historical_performance.csv,identifier,investment_product_id,SL-839B89840B6DBF,1
historical_performance.csv,identifier,investment_product_id,SL-83DFC7BCCB8A6D,1
historical_performance.csv,identifier,investment_product_id,SL-83E8E9E9BDAB7C,1
historical_performance.csv,identifier,investment_product_id,SL-85D9B6A0A7C714,1
historical_performance.csv,identifier,investment_product_id,SL-86693ED2B58D32,1
historical_performance.csv,identifier,investment_product_id,SL-866F1B1463479D,1
historical_performance.csv,identifier,investment_product_id,SL-8679F958F70268,1
historical_performance.csv,identifier,investment_product_id,SL-867D74417C00E1,1
historical_performance.csv,identifier,investment_product_id,SL-86A2BCC3D47BF2,1
historical_performance.csv,identifier,investment_product_id,SL-86AA5CC0673EF5,1
historical_performance.csv,identifier,investment_product_id,SL-86C6A385452411,1
historical_performance.csv,identifier,investment_product_id,SL-86F0753AA66E4B,1
historical_performance.csv,identifier,investment_product_id,SL-87225328ADBE06,1
historical_performance.csv,identifier,investment_product_id,SL-873865C256386B,1
historical_performance.csv,identifier,investment_product_id,SL-8741607914304D,1
historical_performance.csv,identifier,investment_product_id,SL-876ECC963B1678,1
historical_performance.csv,identifier,investment_product_id,SL-8789D987BBC540,1
historical_performance.csv,identifier,investment_product_id,SL-87961062B3471E,1
historical_performance.csv,identifier,investment_product_id,SL-879DE87D93AF4D,1
historical_performance.csv,identifier,investment_product_id,SL-87A9F998D7BC8B,1
historical_performance.csv,identifier,investment_product_id,SL-88061F345B7215,1
historical_performance.csv,identifier,investment_product_id,SL-8809E95120F445,1
historical_performance.csv,identifier,investment_product_id,SL-88141E031F2873,1
historical_performance.csv,identifier,investment_product_id,SL-88858FD4A6CAF7,1
historical_performance.csv,identifier,investment_product_id,SL-888F2E0C4FB9B0,1
historical_performance.csv,identifier,investment_product_id,SL-88ECC52C2FD66F,1
historical_performance.csv,identifier,investment_product_id,SL-89002E8BB22ACE,1
historical_performance.csv,identifier,investment_product_id,SL-892D977231D36E,1
historical_performance.csv,identifier,investment_product_id,SL-896468C2158E5D,1
historical_performance.csv,identifier,investment_product_id,SL-89D18240A7624C,1
historical_performance.csv,identifier,investment_product_id,SL-89EE2906EE10D0,1
historical_performance.csv,identifier,investment_product_id,SL-8A15902ECB78B5,1
historical_performance.csv,identifier,investment_product_id,SL-8A1A953119552E,1
historical_performance.csv,identifier,investment_product_id,SL-8AAEC38BEC5FBD,1
historical_performance.csv,identifier,investment_product_id,SL-8AF1D3A4344B55,1
historical_performance.csv,identifier,investment_product_id,SL-8B33672F7EA3BC,1
historical_performance.csv,identifier,investment_product_id,SL-8B470F1D9379AF,1
historical_performance.csv,identifier,investment_product_id,SL-8BC0DEE34E59D2,1
historical_performance.csv,identifier,investment_product_id,SL-8D1031212D3210,1
historical_performance.csv,identifier,investment_product_id,SL-8D82D482708660,1
historical_performance.csv,identifier,investment_product_id,SL-8DF7AA99C9F2C9,1
historical_performance.csv,identifier,investment_product_id,SL-8DFBEA2BADBCC4,1
historical_performance.csv,identifier,investment_product_id,SL-8E1886C829359A,1
historical_performance.csv,identifier,investment_product_id,SL-8E83F173AEC350,1
historical_performance.csv,identifier,investment_product_id,SL-8EBDE365E2A458,1
historical_performance.csv,identifier,investment_product_id,SL-8F42E22C21A812,1
historical_performance.csv,identifier,investment_product_id,SL-8F5540C2D38BA1,1
historical_performance.csv,identifier,investment_product_id,SL-8FC5EC5CE5CF31,1
historical_performance.csv,identifier,investment_product_id,SL-8FED6673D932CA,1
historical_performance.csv,identifier,investment_product_id,SL-901432F718875C,1
historical_performance.csv,identifier,investment_product_id,SL-9026C39DC2D584,1
historical_performance.csv,identifier,investment_product_id,SL-906DC103EE0D2F,1
historical_performance.csv,identifier,investment_product_id,SL-90725EB2DB66FA,1
historical_performance.csv,identifier,investment_product_id,SL-908B8F97F7A4CA,1
historical_performance.csv,identifier,investment_product_id,SL-90A9B91CE326E6,1
historical_performance.csv,identifier,investment_product_id,SL-9179B083C2914F,1
historical_performance.csv,identifier,investment_product_id,SL-91B8D55112E9C9,1
historical_performance.csv,identifier,investment_product_id,SL-920AF504850AFD,1
historical_performance.csv,identifier,investment_product_id,SL-92D9B3EFB117F4,1
historical_performance.csv,identifier,investment_product_id,SL-934530AEA76C05,1
historical_performance.csv,identifier,investment_product_id,SL-9354CD516531FE,1
historical_performance.csv,identifier,investment_product_id,SL-9392A78457BB01,1
historical_performance.csv,identifier,investment_product_id,SL-93933272405D31,1
historical_performance.csv,identifier,investment_product_id,SL-93F3442047281C,1
historical_performance.csv,identifier,investment_product_id,SL-945C1DB70B69C9,1
historical_performance.csv,identifier,investment_product_id,SL-946D20169FB178,1
historical_performance.csv,identifier,investment_product_id,SL-94AFDF17C76C12,1
historical_performance.csv,identifier,investment_product_id,SL-94D47F07F61A0F,1
historical_performance.csv,identifier,investment_product_id,SL-9501FA347D3861,1
historical_performance.csv,identifier,investment_product_id,SL-950215B0A2668B,1
historical_performance.csv,identifier,investment_product_id,SL-950A1262892ED0,1
historical_performance.csv,identifier,investment_product_id,SL-95580EA636B3FF,1
historical_performance.csv,identifier,investment_product_id,SL-95C045CE385254,1
historical_performance.csv,identifier,investment_product_id,SL-95CA1F687198C8,1
historical_performance.csv,identifier,investment_product_id,SL-95F8B6ADF74AF6,1
historical_performance.csv,identifier,investment_product_id,SL-960978B749E8BC,1
historical_performance.csv,identifier,investment_product_id,SL-960F8E0D48A128,1
historical_performance.csv,identifier,investment_product_id,SL-9636BECFACB4FB,1
historical_performance.csv,identifier,investment_product_id,SL-96BE56C157011C,1
historical_performance.csv,identifier,investment_product_id,SL-96C67AB7F9BDE5,1
historical_performance.csv,identifier,investment_product_id,SL-96CADB0742DD94,1
historical_performance.csv,identifier,investment_product_id,SL-9704D4ABAC066A,1
historical_performance.csv,identifier,investment_product_id,SL-97078E5D14EBE4,1
historical_performance.csv,identifier,investment_product_id,SL-9717333D02A391,1
historical_performance.csv,identifier,investment_product_id,SL-9762ED8DD0FDB9,1
historical_performance.csv,identifier,investment_product_id,SL-97A19C3BC3A646,1
historical_performance.csv,identifier,investment_product_id,SL-97B83ADAA797E8,1
historical_performance.csv,identifier,investment_product_id,SL-97D4DC2FDE2271,1
historical_performance.csv,identifier,investment_product_id,SL-97E67435FE209E,1
historical_performance.csv,identifier,investment_product_id,SL-98B49C340237E2,1
historical_performance.csv,identifier,investment_product_id,SL-9956C343D188B0,1
historical_performance.csv,identifier,investment_product_id,SL-9962EA8B669B4F,1
historical_performance.csv,identifier,investment_product_id,SL-9A20B1803ACEFF,1
historical_performance.csv,identifier,investment_product_id,SL-9A6EF28EECF2DC,1
historical_performance.csv,identifier,investment_product_id,SL-9A70751B3B58BD,1
historical_performance.csv,identifier,investment_product_id,SL-9B1071444456CB,1
historical_performance.csv,identifier,investment_product_id,SL-9B4F84E69F4CCE,1
historical_performance.csv,identifier,investment_product_id,SL-9BC9B71A47DED5,1
historical_performance.csv,identifier,investment_product_id,SL-9BE91DCFB8B637,1
historical_performance.csv,identifier,investment_product_id,SL-9BF166AA8657DF,1
historical_performance.csv,identifier,investment_product_id,SL-9CD3BAD93DA107,1
historical_performance.csv,identifier,investment_product_id,SL-9CD93C9989F563,1
historical_performance.csv,identifier,investment_product_id,SL-9E1C46A1207B0B,1
historical_performance.csv,identifier,investment_product_id,SL-9E3BBD4ED8D2C6,1
historical_performance.csv,identifier,investment_product_id,SL-9EA2580F2EEDC6,1
historical_performance.csv,identifier,investment_product_id,SL-9EAF8671F2BE80,1
historical_performance.csv,identifier,investment_product_id,SL-9EDDAD28E6FDFB,1
historical_performance.csv,identifier,investment_product_id,SL-9EEE08FA6CD557,1
historical_performance.csv,identifier,investment_product_id,SL-9EFB956D77D864,1
historical_performance.csv,identifier,investment_product_id,SL-9F25EFE6D18364,1
historical_performance.csv,identifier,investment_product_id,SL-9F2EA943C39F55,1
historical_performance.csv,identifier,investment_product_id,SL-9F9E2E3B15A276,1
historical_performance.csv,identifier,investment_product_id,SL-9FDDEAE495C5DE,1
historical_performance.csv,identifier,investment_product_id,SL-A000A22E459D28,1
historical_performance.csv,identifier,investment_product_id,SL-A0A3FDF7E0BD6D,1
historical_performance.csv,identifier,investment_product_id,SL-A0CEFE66D8D941,1
historical_performance.csv,identifier,investment_product_id,SL-A0E13DA74146D6,1
historical_performance.csv,identifier,investment_product_id,SL-A0F468E911DF55,1
historical_performance.csv,identifier,investment_product_id,SL-A13BDE5A40E7C6,1
historical_performance.csv,identifier,investment_product_id,SL-A15A9EF8FFC0C3,1
historical_performance.csv,identifier,investment_product_id,SL-A1DD82B9F45A59,1
historical_performance.csv,identifier,investment_product_id,SL-A1F9DC4DE016E1,1
historical_performance.csv,identifier,investment_product_id,SL-A26DEC91D98CFF,1
historical_performance.csv,identifier,investment_product_id,SL-A2CAA7DD3627FD,1
historical_performance.csv,identifier,investment_product_id,SL-A2E8FE14360AF9,1
historical_performance.csv,identifier,investment_product_id,SL-A3ADDCA9165A2F,1
historical_performance.csv,identifier,investment_product_id,SL-A4528679EBCD24,1
historical_performance.csv,identifier,investment_product_id,SL-A461D1EB9128DC,1
historical_performance.csv,identifier,investment_product_id,SL-A47DB53641C91B,1
historical_performance.csv,identifier,investment_product_id,SL-A4B37777A977B9,1
historical_performance.csv,identifier,investment_product_id,SL-A5708359BCF021,1
historical_performance.csv,identifier,investment_product_id,SL-A57E7603094331,1
historical_performance.csv,identifier,investment_product_id,SL-A59C9ADCD75BE0,1
historical_performance.csv,identifier,investment_product_id,SL-A5E1293D263AF0,1
historical_performance.csv,identifier,investment_product_id,SL-A63C3F080DE9D2,1
historical_performance.csv,identifier,investment_product_id,SL-A6ECC7D38BF81A,1
historical_performance.csv,identifier,investment_product_id,SL-A6FBE97D53BCE6,1
historical_performance.csv,identifier,investment_product_id,SL-A709252A4DA96B,1
historical_performance.csv,identifier,investment_product_id,SL-A7A995D0FE468E,1
historical_performance.csv,identifier,investment_product_id,SL-A7E5B7F6EC8B4A,1
historical_performance.csv,identifier,investment_product_id,SL-A7EA98C7CECF4C,1
historical_performance.csv,identifier,investment_product_id,SL-A82A8D6CE7A54C,1
historical_performance.csv,identifier,investment_product_id,SL-A82BC05ADED8C7,1
historical_performance.csv,identifier,investment_product_id,SL-A82BF7D7962B00,1
historical_performance.csv,identifier,investment_product_id,SL-A8A83DC7B06C38,1
historical_performance.csv,identifier,investment_product_id,SL-A8B0B83EFB86DE,1
historical_performance.csv,identifier,investment_product_id,SL-A8B11C02BE3C6B,1
historical_performance.csv,identifier,investment_product_id,SL-A8BD8FB79427E4,1
historical_performance.csv,identifier,investment_product_id,SL-A9B0DE6D450794,1
historical_performance.csv,identifier,investment_product_id,SL-AA1F67E9D21D5F,1
historical_performance.csv,identifier,investment_product_id,SL-AA2410B0C1D7D4,1
historical_performance.csv,identifier,investment_product_id,SL-AB047EA1882C29,1
historical_performance.csv,identifier,investment_product_id,SL-AB56800C1F600A,1
historical_performance.csv,identifier,investment_product_id,SL-AB95FD365E982F,1
historical_performance.csv,identifier,investment_product_id,SL-ABB49E64363CCC,1
historical_performance.csv,identifier,investment_product_id,SL-ABCCB33232898E,1
historical_performance.csv,identifier,investment_product_id,SL-ABDD178723A109,1
historical_performance.csv,identifier,investment_product_id,SL-AC1856E0C8845C,1
historical_performance.csv,identifier,investment_product_id,SL-AC65540B60B707,1
historical_performance.csv,identifier,investment_product_id,SL-ACABE87A5A45D3,1
historical_performance.csv,identifier,investment_product_id,SL-AD341F83F23370,1
historical_performance.csv,identifier,investment_product_id,SL-AD7D0C2C8E16D2,1
historical_performance.csv,identifier,investment_product_id,SL-AD8DAA8BB11594,1
historical_performance.csv,identifier,investment_product_id,SL-AE029B9E8B8A9F,1
historical_performance.csv,identifier,investment_product_id,SL-AEAC3B5B48F1C7,1
historical_performance.csv,identifier,investment_product_id,SL-AED577907E5FAA,1
historical_performance.csv,identifier,investment_product_id,SL-AEE188BFE88ED3,1
historical_performance.csv,identifier,investment_product_id,SL-AF4CAB7AA2FC3B,1
historical_performance.csv,identifier,investment_product_id,SL-AF7841CC1354F9,1
historical_performance.csv,identifier,investment_product_id,SL-AFC52E51751441,1
historical_performance.csv,identifier,investment_product_id,SL-B00E61FF6854EE,1
historical_performance.csv,identifier,investment_product_id,SL-B01296C6F1D9D6,1
historical_performance.csv,identifier,investment_product_id,SL-B0373781315725,1
historical_performance.csv,identifier,investment_product_id,SL-B08949D7A3AFE1,1
historical_performance.csv,identifier,investment_product_id,SL-B0DEB8AFB8B821,1
historical_performance.csv,identifier,investment_product_id,SL-B0E43DFE167A56,1
historical_performance.csv,identifier,investment_product_id,SL-B11309A971433D,1
historical_performance.csv,identifier,investment_product_id,SL-B226AC313B5F39,1
historical_performance.csv,identifier,investment_product_id,SL-B2289CE720A189,1
historical_performance.csv,identifier,investment_product_id,SL-B251BF4C4DE61E,1
historical_performance.csv,identifier,investment_product_id,SL-B269AC7AB5080A,1
historical_performance.csv,identifier,investment_product_id,SL-B2753C6B1814F0,1
historical_performance.csv,identifier,investment_product_id,SL-B28206C8B43B74,1
historical_performance.csv,identifier,investment_product_id,SL-B2C9080295DEB3,1
historical_performance.csv,identifier,investment_product_id,SL-B31C27C4C58973,1
historical_performance.csv,identifier,investment_product_id,SL-B36930BACADDCD,1
historical_performance.csv,identifier,investment_product_id,SL-B39A2F769F1E07,1
historical_performance.csv,identifier,investment_product_id,SL-B3B225E03D06DC,1
historical_performance.csv,identifier,investment_product_id,SL-B3DBBD3351A867,1
historical_performance.csv,identifier,investment_product_id,SL-B3EF01C8308565,1
historical_performance.csv,identifier,investment_product_id,SL-B44FBD97799E08,1
historical_performance.csv,identifier,investment_product_id,SL-B483A5C23B7FF5,1
historical_performance.csv,identifier,investment_product_id,SL-B5264E7BA2DC13,1
historical_performance.csv,identifier,investment_product_id,SL-B5552250031A5D,1
historical_performance.csv,identifier,investment_product_id,SL-B565A4B1F936CC,1
historical_performance.csv,identifier,investment_product_id,SL-B57576270D7B62,1
historical_performance.csv,identifier,investment_product_id,SL-B58718E7FE11D2,1
historical_performance.csv,identifier,investment_product_id,SL-B5D96EAAB94F7F,1
historical_performance.csv,identifier,investment_product_id,SL-B5DE5D10D8B22E,1
historical_performance.csv,identifier,investment_product_id,SL-B5E5B47263114D,1
historical_performance.csv,identifier,investment_product_id,SL-B5F3C839262F36,1
historical_performance.csv,identifier,investment_product_id,SL-B60C7F6F56C30B,1
historical_performance.csv,identifier,investment_product_id,SL-B631EAF6D5C7C4,1
historical_performance.csv,identifier,investment_product_id,SL-B679A1089E8A6B,1
historical_performance.csv,identifier,investment_product_id,SL-B689085E2D41DE,1
historical_performance.csv,identifier,investment_product_id,SL-B762CD279E0001,1
historical_performance.csv,identifier,investment_product_id,SL-B7E3C5DC70940E,1
historical_performance.csv,identifier,investment_product_id,SL-B81DED4DD2F7F0,1
historical_performance.csv,identifier,investment_product_id,SL-B8709846C8E5AF,1
historical_performance.csv,identifier,investment_product_id,SL-B8DCA91EB62983,1
historical_performance.csv,identifier,investment_product_id,SL-B9248149A4056B,1
historical_performance.csv,identifier,investment_product_id,SL-B92B03D94C10E9,1
historical_performance.csv,identifier,investment_product_id,SL-B9580FD00B16BE,1
historical_performance.csv,identifier,investment_product_id,SL-B959CE689FE1E3,1
historical_performance.csv,identifier,investment_product_id,SL-B96EF3DC64D9A0,1
historical_performance.csv,identifier,investment_product_id,SL-B971F1BAF798C2,1
historical_performance.csv,identifier,investment_product_id,SL-B9970477DCCBC7,1
historical_performance.csv,identifier,investment_product_id,SL-B9EC0C6C5561F1,1
historical_performance.csv,identifier,investment_product_id,SL-BA4475B87E38DE,1
historical_performance.csv,identifier,investment_product_id,SL-BA53143C1DDB56,1
historical_performance.csv,identifier,investment_product_id,SL-BAD5D1CC179E4B,1
historical_performance.csv,identifier,investment_product_id,SL-BB18909619320D,1
historical_performance.csv,identifier,investment_product_id,SL-BB4A4AE1ECFE2A,1
historical_performance.csv,identifier,investment_product_id,SL-BB4FA54DEBF880,1
historical_performance.csv,identifier,investment_product_id,SL-BB54D8943F73E3,1
historical_performance.csv,identifier,investment_product_id,SL-BB7E07A2986BB4,1
historical_performance.csv,identifier,investment_product_id,SL-BBC8F93DE82CE5,1
historical_performance.csv,identifier,investment_product_id,SL-BC079E499A94AF,1
historical_performance.csv,identifier,investment_product_id,SL-BC4683677FBC3C,1
historical_performance.csv,identifier,investment_product_id,SL-BC99042387317D,1
historical_performance.csv,identifier,investment_product_id,SL-BCC1519C11A8AC,1
historical_performance.csv,identifier,investment_product_id,SL-BD0B168FBB02B6,1
historical_performance.csv,identifier,investment_product_id,SL-BD4B37C3973D10,1
historical_performance.csv,identifier,investment_product_id,SL-BE3F32B80FEA2E,1
historical_performance.csv,identifier,investment_product_id,SL-BE705BBFC18014,1
historical_performance.csv,identifier,investment_product_id,SL-BF008024F9A243,1
historical_performance.csv,identifier,investment_product_id,SL-BF1ED354A371C1,1
historical_performance.csv,identifier,investment_product_id,SL-BF202C705FA210,1
historical_performance.csv,identifier,investment_product_id,SL-BF26DFD5509ADC,1
historical_performance.csv,identifier,investment_product_id,SL-BF2B66F024D88D,1
historical_performance.csv,identifier,investment_product_id,SL-BF3E293642759E,1
historical_performance.csv,identifier,investment_product_id,SL-BF588F593E480E,1
historical_performance.csv,identifier,investment_product_id,SL-BF5BC53AD18E85,1
historical_performance.csv,identifier,investment_product_id,SL-BF755AD9D8CE5F,1
historical_performance.csv,identifier,investment_product_id,SL-BFACC46E5A3310,1
historical_performance.csv,identifier,investment_product_id,SL-BFAF5430109A2E,1
historical_performance.csv,identifier,investment_product_id,SL-BFF6DA64140996,1
historical_performance.csv,identifier,investment_product_id,SL-C03E05940DAAFA,1
historical_performance.csv,identifier,investment_product_id,SL-C0418534DE36CF,1
historical_performance.csv,identifier,investment_product_id,SL-C04853F17A0313,1
historical_performance.csv,identifier,investment_product_id,SL-C050DAEA74CC9C,1
historical_performance.csv,identifier,investment_product_id,SL-C05D25C1CB85E9,1
historical_performance.csv,identifier,investment_product_id,SL-C07200E6FB8843,1
historical_performance.csv,identifier,investment_product_id,SL-C09C8446FDE850,1
historical_performance.csv,identifier,investment_product_id,SL-C09D8E25A3F347,1
historical_performance.csv,identifier,investment_product_id,SL-C0AA65531F16E2,1
historical_performance.csv,identifier,investment_product_id,SL-C1564B1CC85C5F,1
historical_performance.csv,identifier,investment_product_id,SL-C1A0A189180507,1
historical_performance.csv,identifier,investment_product_id,SL-C2217F8AD4F84B,1
historical_performance.csv,identifier,investment_product_id,SL-C24946B295061F,1
historical_performance.csv,identifier,investment_product_id,SL-C2CAC5DFF1B8FE,1
historical_performance.csv,identifier,investment_product_id,SL-C2DA212EE2424D,1
historical_performance.csv,identifier,investment_product_id,SL-C365E12BA9F953,1
historical_performance.csv,identifier,investment_product_id,SL-C3A8669A77CF0F,1
historical_performance.csv,identifier,investment_product_id,SL-C3D0A31003B38B,1
historical_performance.csv,identifier,investment_product_id,SL-C43B4DA056180D,1
historical_performance.csv,identifier,investment_product_id,SL-C44AE37BDB68A9,1
historical_performance.csv,identifier,investment_product_id,SL-C4573F398978D7,1
historical_performance.csv,identifier,investment_product_id,SL-C4E698097E6EB6,1
historical_performance.csv,identifier,investment_product_id,SL-C53B25CD55720F,1
historical_performance.csv,identifier,investment_product_id,SL-C53BF262ADA17B,1
historical_performance.csv,identifier,investment_product_id,SL-C59DE249DE7287,1
historical_performance.csv,identifier,investment_product_id,SL-C5A93064AA668C,1
historical_performance.csv,identifier,investment_product_id,SL-C649AFADB4E38B,1
historical_performance.csv,identifier,investment_product_id,SL-C67CDDB0AE44ED,1
historical_performance.csv,identifier,investment_product_id,SL-C70FCBB505BD77,1
historical_performance.csv,identifier,investment_product_id,SL-C72D4B2E5B3130,1
historical_performance.csv,identifier,investment_product_id,SL-C7694953E368F4,1
historical_performance.csv,identifier,investment_product_id,SL-C805DBBC1C6677,1
historical_performance.csv,identifier,investment_product_id,SL-C80FAE8D249054,1
historical_performance.csv,identifier,investment_product_id,SL-C822436F428050,1
historical_performance.csv,identifier,investment_product_id,SL-C82833E3A7C3DF,1
historical_performance.csv,identifier,investment_product_id,SL-C82FB71F29626A,1
historical_performance.csv,identifier,investment_product_id,SL-C83649108644FE,1
historical_performance.csv,identifier,investment_product_id,SL-C863D417DDE83A,1
historical_performance.csv,identifier,investment_product_id,SL-C8B08A7139FC31,1
historical_performance.csv,identifier,investment_product_id,SL-C94DD14ECC45A6,1
historical_performance.csv,identifier,investment_product_id,SL-C9877AF6FE4DA4,1
historical_performance.csv,identifier,investment_product_id,SL-C999737763FC53,1
historical_performance.csv,identifier,investment_product_id,SL-C9B2F11CEB5F77,1
historical_performance.csv,identifier,investment_product_id,SL-CA134058712347,1
historical_performance.csv,identifier,investment_product_id,SL-CA17EB83C29B15,1
historical_performance.csv,identifier,investment_product_id,SL-CA2C167AAFAD55,1
historical_performance.csv,identifier,investment_product_id,SL-CA3A146FC06964,1
historical_performance.csv,identifier,investment_product_id,SL-CA46F5F5791EBB,1
historical_performance.csv,identifier,investment_product_id,SL-CA6CCECFEBEC2C,1
historical_performance.csv,identifier,investment_product_id,SL-CA6FA7819E27BD,1
historical_performance.csv,identifier,investment_product_id,SL-CAB929EA2DD4AE,1
historical_performance.csv,identifier,investment_product_id,SL-CAEFD21D151456,1
historical_performance.csv,identifier,investment_product_id,SL-CB766B61EEFB6E,1
historical_performance.csv,identifier,investment_product_id,SL-CBFED1F92A630D,1
historical_performance.csv,identifier,investment_product_id,SL-CC030DBD6E29FE,1
historical_performance.csv,identifier,investment_product_id,SL-CC5293951E84F8,1
historical_performance.csv,identifier,investment_product_id,SL-CCE426CFBA5D07,1
historical_performance.csv,identifier,investment_product_id,SL-CD2FC308C3644A,1
historical_performance.csv,identifier,investment_product_id,SL-CD43B6F3D7A59F,1
historical_performance.csv,identifier,investment_product_id,SL-CD637B6154FA4F,1
historical_performance.csv,identifier,investment_product_id,SL-CD67446B439F75,1
historical_performance.csv,identifier,investment_product_id,SL-CE0D22C4A5732F,1
historical_performance.csv,identifier,investment_product_id,SL-CE39B48D52F07A,1
historical_performance.csv,identifier,investment_product_id,SL-CE3BB4F7AF5651,1
historical_performance.csv,identifier,investment_product_id,SL-CE6909ECF00CA8,1
historical_performance.csv,identifier,investment_product_id,SL-CEB06DD843F657,1
historical_performance.csv,identifier,investment_product_id,SL-CED357C3AB21E8,1
historical_performance.csv,identifier,investment_product_id,SL-CEFFC6DB7F7ABD,1
historical_performance.csv,identifier,investment_product_id,SL-CFD92A398D8349,1
historical_performance.csv,identifier,investment_product_id,SL-D061A6FE209B52,1
historical_performance.csv,identifier,investment_product_id,SL-D126DBCCB251DC,1
historical_performance.csv,identifier,investment_product_id,SL-D133893D13E78E,1
historical_performance.csv,identifier,investment_product_id,SL-D13D0C095C023B,1
historical_performance.csv,identifier,investment_product_id,SL-D14CD1568AC703,1
historical_performance.csv,identifier,investment_product_id,SL-D1513B904FE27E,1
historical_performance.csv,identifier,investment_product_id,SL-D18A4E24571B1B,1
historical_performance.csv,identifier,investment_product_id,SL-D1A162914F5B85,1
historical_performance.csv,identifier,investment_product_id,SL-D23F4A9FC75D03,1
historical_performance.csv,identifier,investment_product_id,SL-D263E9818F8B46,1
historical_performance.csv,identifier,investment_product_id,SL-D2FCABD86AD689,1
historical_performance.csv,identifier,investment_product_id,SL-D367F0D637FE13,1
historical_performance.csv,identifier,investment_product_id,SL-D3778B65B20E24,1
historical_performance.csv,identifier,investment_product_id,SL-D3C161D032DC86,1
historical_performance.csv,identifier,investment_product_id,SL-D3C9566D0E6FB5,1
historical_performance.csv,identifier,investment_product_id,SL-D3D61A3D20908A,1
historical_performance.csv,identifier,investment_product_id,SL-D53A1849E7B1C9,1
historical_performance.csv,identifier,investment_product_id,SL-D5C35A28D4B658,1
historical_performance.csv,identifier,investment_product_id,SL-D5D2DCA70EA4CD,1
historical_performance.csv,identifier,investment_product_id,SL-D608F5D4F5385E,1
historical_performance.csv,identifier,investment_product_id,SL-D62B35CD192D99,1
historical_performance.csv,identifier,investment_product_id,SL-D62C510B60B977,1
historical_performance.csv,identifier,investment_product_id,SL-D68D8EB45F05E9,1
historical_performance.csv,identifier,investment_product_id,SL-D68D9EB4249382,1
historical_performance.csv,identifier,investment_product_id,SL-D6C7802610A57F,1
historical_performance.csv,identifier,investment_product_id,SL-D76CD5BC7E1068,1
historical_performance.csv,identifier,investment_product_id,SL-D792C24E8A09CF,1
historical_performance.csv,identifier,investment_product_id,SL-D7984A9CB76C99,1
historical_performance.csv,identifier,investment_product_id,SL-D80EFE168FB6A1,1
historical_performance.csv,identifier,investment_product_id,SL-D83DCC4548D04F,1
historical_performance.csv,identifier,investment_product_id,SL-D85757C8DB2B40,1
historical_performance.csv,identifier,investment_product_id,SL-D8B6168FF7A7AD,1
historical_performance.csv,identifier,investment_product_id,SL-D91B54107A78A7,1
historical_performance.csv,identifier,investment_product_id,SL-D929FF1E16FDD7,1
historical_performance.csv,identifier,investment_product_id,SL-D9CB56BE93955C,1
historical_performance.csv,identifier,investment_product_id,SL-D9F56A65FD35C5,1
historical_performance.csv,identifier,investment_product_id,SL-D9F7FC2E4D48A5,1
historical_performance.csv,identifier,investment_product_id,SL-DA0255DFD87A79,1
historical_performance.csv,identifier,investment_product_id,SL-DA137A8920D7BE,1
historical_performance.csv,identifier,investment_product_id,SL-DA14F1AD8875AF,1
historical_performance.csv,identifier,investment_product_id,SL-DA7F8AD7B0BC80,1
historical_performance.csv,identifier,investment_product_id,SL-DA95D95DF8A49D,1
historical_performance.csv,identifier,investment_product_id,SL-DAA2346E431D52,1
historical_performance.csv,identifier,investment_product_id,SL-DB82DC16CD1A6A,1
historical_performance.csv,identifier,investment_product_id,SL-DBB9EAD006DF92,1
historical_performance.csv,identifier,investment_product_id,SL-DBDF87736B4AD6,1
historical_performance.csv,identifier,investment_product_id,SL-DC36FC64429D5D,1
historical_performance.csv,identifier,investment_product_id,SL-DCD05FAA1B15E7,1
historical_performance.csv,identifier,investment_product_id,SL-DCDC09399C5D54,1
historical_performance.csv,identifier,investment_product_id,SL-DD0C5279EE2007,1
historical_performance.csv,identifier,investment_product_id,SL-DD25AF4AC936E2,1
historical_performance.csv,identifier,investment_product_id,SL-DD3248D210AC90,1
historical_performance.csv,identifier,investment_product_id,SL-DD3A0B4F1E7DA1,1
historical_performance.csv,identifier,investment_product_id,SL-DD598BF68D0AC7,1
historical_performance.csv,identifier,investment_product_id,SL-DD778C566554A0,1
historical_performance.csv,identifier,investment_product_id,SL-DDF2764A92D297,1
historical_performance.csv,identifier,investment_product_id,SL-DE73D77FB013F4,1
historical_performance.csv,identifier,investment_product_id,SL-DEB0786B62B51D,1
historical_performance.csv,identifier,investment_product_id,SL-DEE8CCCA9CFCCE,1
historical_performance.csv,identifier,investment_product_id,SL-DEF4A1D4ADC965,1
historical_performance.csv,identifier,investment_product_id,SL-DF5563A6AB6A1B,1
historical_performance.csv,identifier,investment_product_id,SL-DFE9AC9C5D05C9,1
historical_performance.csv,identifier,investment_product_id,SL-E000815724EA2A,1
historical_performance.csv,identifier,investment_product_id,SL-E0190484BE31DE,1
historical_performance.csv,identifier,investment_product_id,SL-E03F5C270405EA,1
historical_performance.csv,identifier,investment_product_id,SL-E0414D04317EA2,1
historical_performance.csv,identifier,investment_product_id,SL-E05E06D6578028,1
historical_performance.csv,identifier,investment_product_id,SL-E06DD3E1E3F4CD,1
historical_performance.csv,identifier,investment_product_id,SL-E126175F5EEBFF,1
historical_performance.csv,identifier,investment_product_id,SL-E14AB3D48E2308,1
historical_performance.csv,identifier,investment_product_id,SL-E19F0A74D8000D,1
historical_performance.csv,identifier,investment_product_id,SL-E1E2903CCE3709,1
historical_performance.csv,identifier,investment_product_id,SL-E23BF5EAA4F5AA,1
historical_performance.csv,identifier,investment_product_id,SL-E24F74D610175D,1
historical_performance.csv,identifier,investment_product_id,SL-E2540C64CF5262,1
historical_performance.csv,identifier,investment_product_id,SL-E282CE5635F5FC,1
historical_performance.csv,identifier,investment_product_id,SL-E2DB1B58657D1A,1
historical_performance.csv,identifier,investment_product_id,SL-E339A090348C36,1
historical_performance.csv,identifier,investment_product_id,SL-E3519A1A83A8E6,1
historical_performance.csv,identifier,investment_product_id,SL-E397494832E845,1
historical_performance.csv,identifier,investment_product_id,SL-E3D6BE401B6F95,1
historical_performance.csv,identifier,investment_product_id,SL-E3E88EC01DA49B,1
historical_performance.csv,identifier,investment_product_id,SL-E44D69BCAF5561,1
historical_performance.csv,identifier,investment_product_id,SL-E4888AAC444029,1
historical_performance.csv,identifier,investment_product_id,SL-E4AC3EAED9F285,1
historical_performance.csv,identifier,investment_product_id,SL-E558347311E1F4,1
historical_performance.csv,identifier,investment_product_id,SL-E577A60B3B1BA6,1
historical_performance.csv,identifier,investment_product_id,SL-E5F4CFCD2D1E21,1
historical_performance.csv,identifier,investment_product_id,SL-E5F7C4556D2AE8,1
historical_performance.csv,identifier,investment_product_id,SL-E618F74B27D105,1
historical_performance.csv,identifier,investment_product_id,SL-E63BB6ABED78A1,1
historical_performance.csv,identifier,investment_product_id,SL-E6815E809637CD,1
historical_performance.csv,identifier,investment_product_id,SL-E6ACEF67518AF1,1
historical_performance.csv,identifier,investment_product_id,SL-E73519A6D7C437,1
historical_performance.csv,identifier,investment_product_id,SL-E761E1777C5411,1
historical_performance.csv,identifier,investment_product_id,SL-E7BDE12BA780C5,1
historical_performance.csv,identifier,investment_product_id,SL-E82C687C9DB063,1
historical_performance.csv,identifier,investment_product_id,SL-E84A5B15E6F9C3,1
historical_performance.csv,identifier,investment_product_id,SL-E8AF55C924629C,1
historical_performance.csv,identifier,investment_product_id,SL-E94BE968A3A112,1
historical_performance.csv,identifier,investment_product_id,SL-E976A82043B976,1
historical_performance.csv,identifier,investment_product_id,SL-E9DEA56D4176E0,1
historical_performance.csv,identifier,investment_product_id,SL-EA00AF141F2FAC,1
historical_performance.csv,identifier,investment_product_id,SL-EA3F127E1B6608,1
historical_performance.csv,identifier,investment_product_id,SL-EA8B400EB7587C,1
historical_performance.csv,identifier,investment_product_id,SL-EB7674C656581E,1
historical_performance.csv,identifier,investment_product_id,SL-EB7E2032D0A931,1
historical_performance.csv,identifier,investment_product_id,SL-EB862139323FA8,1
historical_performance.csv,identifier,investment_product_id,SL-EBBF87B2EDF78C,1
historical_performance.csv,identifier,investment_product_id,SL-EBF12D8FC470D3,1
historical_performance.csv,identifier,investment_product_id,SL-EC805E73DB692C,1
historical_performance.csv,identifier,investment_product_id,SL-EDA5F0018F2448,1
historical_performance.csv,identifier,investment_product_id,SL-EE12104C3A49E7,1
historical_performance.csv,identifier,investment_product_id,SL-EE73A455D6DAFC,1
historical_performance.csv,identifier,investment_product_id,SL-EE882204CA80F5,1
historical_performance.csv,identifier,investment_product_id,SL-EF03D947F97187,1
historical_performance.csv,identifier,investment_product_id,SL-EF10004B2C3091,1
historical_performance.csv,identifier,investment_product_id,SL-EF5BBE513EE03C,1
historical_performance.csv,identifier,investment_product_id,SL-EFFCE6D4208A63,1
historical_performance.csv,identifier,investment_product_id,SL-F0ADDB74A0D856,1
historical_performance.csv,identifier,investment_product_id,SL-F0D638918879B3,1
historical_performance.csv,identifier,investment_product_id,SL-F0F3F16536C281,1
historical_performance.csv,identifier,investment_product_id,SL-F14FB92D2DCBC6,1
historical_performance.csv,identifier,investment_product_id,SL-F1CC2FF6F7667E,1
historical_performance.csv,identifier,investment_product_id,SL-F25C6E61EC9D3B,1
historical_performance.csv,identifier,investment_product_id,SL-F26AFF6BB24E88,1
historical_performance.csv,identifier,investment_product_id,SL-F2F5EBEEEBD0C5,1
historical_performance.csv,identifier,investment_product_id,SL-F2F92FE2CD5458,1
historical_performance.csv,identifier,investment_product_id,SL-F378E79C981B5B,1
historical_performance.csv,identifier,investment_product_id,SL-F3C784F688A104,1
historical_performance.csv,identifier,investment_product_id,SL-F3D3088DA018D0,1
historical_performance.csv,identifier,investment_product_id,SL-F3F1C2A23E48D0,1
historical_performance.csv,identifier,investment_product_id,SL-F419DE27DCB991,1
historical_performance.csv,identifier,investment_product_id,SL-F46976B12ECA22,1
historical_performance.csv,identifier,investment_product_id,SL-F4935DE607204D,1
historical_performance.csv,identifier,investment_product_id,SL-F4A97CEA3A7C1C,1
historical_performance.csv,identifier,investment_product_id,SL-F4DBBBEC3CFEB4,1
historical_performance.csv,identifier,investment_product_id,SL-F546FBC2EE4D47,1
historical_performance.csv,identifier,investment_product_id,SL-F5C7D5AC423EC1,1
historical_performance.csv,identifier,investment_product_id,SL-F5FC37E9763B7C,1
historical_performance.csv,identifier,investment_product_id,SL-F638B39456864F,1
historical_performance.csv,identifier,investment_product_id,SL-F66DFA42E52417,1
historical_performance.csv,identifier,investment_product_id,SL-F6CE9EEE501707,1
historical_performance.csv,identifier,investment_product_id,SL-F70A9FB130F172,1
historical_performance.csv,identifier,investment_product_id,SL-F7BF46E86FD15C,1
historical_performance.csv,identifier,investment_product_id,SL-F7E159B4E7D922,1
historical_performance.csv,identifier,investment_product_id,SL-F7E2916CEC3366,1
historical_performance.csv,identifier,investment_product_id,SL-F8091FD6F7CD83,1
historical_performance.csv,identifier,investment_product_id,SL-F8130EF2307D5F,1
historical_performance.csv,identifier,investment_product_id,SL-F87B4FFB3CCD49,1
historical_performance.csv,identifier,investment_product_id,SL-F886C775F2D753,1
historical_performance.csv,identifier,investment_product_id,SL-F8A34E5202D218,1
historical_performance.csv,identifier,investment_product_id,SL-F960B8C972DDE8,1
historical_performance.csv,identifier,investment_product_id,SL-F97114C3F34013,1
historical_performance.csv,identifier,investment_product_id,SL-F9C826AE302BF4,1
historical_performance.csv,identifier,investment_product_id,SL-F9E21EA0D52C4A,1
historical_performance.csv,identifier,investment_product_id,SL-FA32CF1A49D1D5,1
historical_performance.csv,identifier,investment_product_id,SL-FA3D9482741C16,1
historical_performance.csv,identifier,investment_product_id,SL-FA6223566C7B76,1
historical_performance.csv,identifier,investment_product_id,SL-FA7A7EE1991025,1
historical_performance.csv,identifier,investment_product_id,SL-FA7D6580C34737,1
historical_performance.csv,identifier,investment_product_id,SL-FB01410D9F3250,1
historical_performance.csv,identifier,investment_product_id,SL-FB1E1566446236,1
historical_performance.csv,identifier,investment_product_id,SL-FB1FECB0690176,1
historical_performance.csv,identifier,investment_product_id,SL-FB8F41B5698E85,1
historical_performance.csv,identifier,investment_product_id,SL-FBADB7587BFD9A,1
historical_performance.csv,identifier,investment_product_id,SL-FC44F373482E68,1
historical_performance.csv,identifier,investment_product_id,SL-FC508070AC9ECD,1
historical_performance.csv,identifier,investment_product_id,SL-FCAEA5C157AA2D,1
historical_performance.csv,identifier,investment_product_id,SL-FD327F76CA9BCB,1
historical_performance.csv,identifier,investment_product_id,SL-FD569236BFC307,1
historical_performance.csv,identifier,investment_product_id,SL-FD7EED45ECCFC6,1
historical_performance.csv,identifier,investment_product_id,SL-FDA8FA789BE3A1,1
historical_performance.csv,identifier,investment_product_id,SL-FDAA65C601D268,1
historical_performance.csv,identifier,investment_product_id,SL-FE0F8BC07F7E66,1
historical_performance.csv,identifier,investment_product_id,SL-FEA5D283ED723B,1
historical_performance.csv,identifier,investment_product_id,SL-FF8B50F46CBD31,1
historical_performance.csv,identifier,investment_product_id,SL-FFA400FF14BF49,1
historical_performance.csv,identifier,investment_product_id,SL-FFE26A78CDDB2A,1
historical_performance.csv,name,canonical_product_name,Drop: Secret Lair x Dungeons & Dragons: Whispers in Candlekeep - Non-Foil Edition — Nonfoil Edition,1
historical_performance.csv,name,canonical_product_name,Drop: Artist Series: Victor Adame Minguez - Traditional Foil Edition — Foil Edition,1
historical_performance.csv,name,canonical_product_name,Cats Are the Best Superdrop: Nine Lives Non-Foil Bundle — Nonfoil Edition,1
historical_performance.csv,name,canonical_product_name,Drop: The Dracula Lands - Traditional Foil Edition — Foil Edition,1
historical_performance.csv,name,canonical_product_name,Drop: Totally Spaced Out - Galaxy Foil Edition — Foil Edition,1
historical_performance.csv,name,canonical_product_name,Drop: Artist Series: Sam Burley - Traditional Foil Edition — Foil Edition,1
historical_performance.csv,name,canonical_product_name,Drop: Flower Power - Rainbow Foil Edition — Foil Edition,1
historical_performance.csv,name,canonical_product_name,Superdrop: The World's Bundliest Bundle — Standard Edition,1
historical_performance.csv,name,canonical_product_name,Drop: Artist Series: Johannes Voss - Traditional Foil Edition — Foil Edition,1
historical_performance.csv,name,canonical_product_name,Drop: Secret Lair Drop: Extra Life 2021 - Traditional Foil Edition — Foil Edition,1
historical_performance.csv,name,canonical_product_name,x Furby: Doo-ay Noo-lah - Non-Foil Edition — Nonfoil Edition,1
historical_performance.csv,name,canonical_product_name,Drop: Special Guest: Kozyndan: The Lands - Traditional Foil Edition — Foil Edition,1
historical_performance.csv,name,canonical_product_name,Drop: Secret Scare Superdrop: Eddie's Metal As Hell All Foil Bundle — Foil Edition,1
historical_performance.csv,name,canonical_product_name,Drop: Secretversary Superdrop - A Box of Rocks - Non-Foil Edition — Nonfoil Edition,1
historical_performance.csv,name,canonical_product_name,Drop: Equinox Superdrop 2024: We Celebrate the Non-Foils Bundle — Nonfoil Edition,1
historical_performance.csv,name,canonical_product_name,Drop: Showcase: Murders at Karlov Manor - Non-Foil Edition — Nonfoil Edition,1
historical_performance.csv,name,canonical_product_name,Drop: February Superdrop - Introducing: Kaito Shizuki - Non-Foil Edition — Nonfoil Edition,1
historical_performance.csv,name,canonical_product_name,Drop: Secret Lair x Fallout: Points of Interest - Non-Foil Edition — Nonfoil Edition,1
historical_performance.csv,name,canonical_product_name,Drop: Secretversary Superdrop 2023: Holiday Gift Bag Bundle - Non-Foil Edition — Nonfoil Edition,1
historical_performance.csv,name,canonical_product_name,Drop: PixelSnowLands.jpg - Foil Etched Edition — Foil Edition,1
historical_performance.csv,name,canonical_product_name,"Drop: Two Scoops - The Vanilla Party, Chocolate Business Bundle — Standard Edition",1
historical_performance.csv,name,canonical_product_name,Drop: Festival in a Box Las Vegas 2025 Bundle — Standard Edition,1
historical_performance.csv,name,canonical_product_name,Drop: Prime Slime - Non-Foil Edition — Nonfoil Edition,1
historical_performance.csv,name,canonical_product_name,Drop: Secret Lair x Dungeons & Dragons: Black Lights & Dark Dungeons - Traditional Foil Edition — Foil Edition,1
historical_performance.csv,name,canonical_product_name,Drop: Special Guest: Matt Jukes - Traditional Foil Edition — Foil Edition,1
historical_performance.csv,name,canonical_product_name,Drop: Welcome to the Fungal - Traditional Foil Edition — Foil Edition,1
historical_performance.csv,name,canonical_product_name,Drop: Summer Superdrop 2025 - Featuring: Imiri Sakabashira (Rainbow Foil Edition) — Foil Edition,1
historical_performance.csv,name,canonical_product_name,Drop: February Superdrop - The Bundle Bundle — Standard Edition,1
historical_performance.csv,name,canonical_product_name,Drop: Showcase: Kaldheim - Part 1 - Traditional Foil Edition — Foil Edition,1
historical_performance.csv,name,canonical_product_name,Drop: Secret Lair x Assassin's Creed: Lethal Legends - Non-Foil Edition — Nonfoil Edition,1
historical_performance.csv,name,canonical_product_name,"Drop: Transformers: One Shall Stand, One Shall Fall - Traditional Foil Edition — Foil Edition",1
historical_performance.csv,name,canonical_product_name,Drop: Miss A Drop - It's Gone Superdrop: Boo-Tacular Bundle Bundle — Standard Edition,1
historical_performance.csv,name,canonical_product_name,"Drop: April Superdrop - Non-stop, Non-Foil Bundle — Nonfoil Edition",1
historical_performance.csv,name,canonical_product_name,Drop: The Strange Sands: Island - Non-Foil Edition — Nonfoil Edition,1
historical_performance.csv,name,canonical_product_name,Drop: Special Guest: Junji Ito (English) - Non-Foil Edition — Nonfoil Edition,1
historical_performance.csv,name,canonical_product_name,"Drop: Death Is Temporary, Metal Is Forever - Non-Foil Edition — Nonfoil Edition",1
historical_performance.csv,name,canonical_product_name,x Avatar: The Last Airbender: The Ember Island Players - Rainbow Foil Edition — Foil Edition,1
historical_performance.csv,name,canonical_product_name,Drop: Summer Superdrop 2024: Showstopper Bundle - Non-Foil Edition — Nonfoil Edition,1
historical_performance.csv,name,canonical_product_name,Drop: Li'l'er Walkers - Traditional Foil Edition — Foil Edition,1
historical_performance.csv,name,canonical_product_name,Drop: Summer Superdrop 2025 - The Art of Frank Frazetta: The Second Exhibition (Non-Foil Edition) — Nonfoil Edition,1
historical_performance.csv,name,canonical_product_name,Drop: The Fairest Drop of All - Traditional Foil Edition — Foil Edition,1
historical_performance.csv,name,canonical_product_name,Drop: Secret Lair x Garfield: Motivationally Challenged - Traditional Foil Edition — Foil Edition,1
historical_performance.csv,name,canonical_product_name,Drop: Secret Lair x Garfield: As Intended - Traditional Foil Edition — Foil Edition,1
historical_performance.csv,name,canonical_product_name,Drop: Special Guest: Kozyndan: Another Story - Traditional Foil Edition — Foil Edition,1
historical_performance.csv,name,canonical_product_name,"Drop: Fblthp: Completely, Utterly, Totally Lost - Traditional Foil Edition — Foil Edition",1
historical_performance.csv,name,canonical_product_name,x The Last of Us Part I - Rainbow Foil Edition — Foil Edition,1
historical_performance.csv,name,canonical_product_name,Drop: Year of the Rat - Traditional Foil Edition — Foil Edition,1
historical_performance.csv,name,canonical_product_name,Drop: Secret Lair x Marvel's Spider-Man: Villainous Plots - Rainbow Foil Edition — Foil Edition,1
historical_performance.csv,name,canonical_product_name,Drop: Meditations on Nature - Traditional Foil Edition — Foil Edition,1
historical_performance.csv,name,canonical_product_name,Drop: Astrology Lands (Gemini) Bundle - Non-Foil Edition — Nonfoil Edition,1
historical_performance.csv,name,canonical_product_name,Drop: Secret Lair x Marvel's Wolverine - Rainbow Foil Edition — Foil Edition,1
historical_performance.csv,name,canonical_product_name,Drop: Secret Lair x Marvel's Spider-Man: The Amazing Everything Bundle — Standard Edition,1
historical_performance.csv,name,canonical_product_name,x Avatar: The Last Airbender Superdrop: Avatar State Foil Bundle — Foil Edition,1
historical_performance.csv,name,canonical_product_name,Drop: Math Is For Blockers - Traditional Foil Edition — Foil Edition,1
historical_performance.csv,name,canonical_product_name,Drop: Lorwyn Lightboxes - Non-Foil Edition — Nonfoil Edition,1
historical_performance.csv,name,canonical_product_name,Drop: Phyrexian Praetors: Compleat Edition - Non-Foil Edition — Nonfoil Edition,1
historical_performance.csv,name,canonical_product_name,Countdown Kit: An Encyclopedia of Magic Book Club Bundle — Standard Edition,1
historical_performance.csv,name,canonical_product_name,Drop: Secret Lair x Brain Dead: New Earth Mentality - Traditional Foil Edition — Foil Edition,1
historical_performance.csv,name,canonical_product_name,Drop: Totally Refreshing - Non-Foil Edition — Nonfoil Edition,1
historical_performance.csv,name,canonical_product_name,Drop: Artist Series: Aleksi Briclot - Non-Foil Edition — Nonfoil Edition,1
historical_performance.csv,name,canonical_product_name,Cats Are the Best Superdrop: Cats Rule Everything Bundle — Standard Edition,1
historical_performance.csv,name,canonical_product_name,Drop: Showcase: Monster Anatomy 101 - Non-Foil Edition — Nonfoil Edition,1
historical_performance.csv,name,canonical_product_name,Drop: Showcase: Kaldheim - Part 1 - Non-Foil Edition — Nonfoil Edition,1
historical_performance.csv,name,canonical_product_name,Drop: Secret Lair x Fallout: Greet the Dog - Non-Foil Edition — Nonfoil Edition,1
historical_performance.csv,name,canonical_product_name,Drop: Bad to the Bones - Non-Foil Edition — Nonfoil Edition,1
historical_performance.csv,name,canonical_product_name,Drop: Showcase: Streets of New Capenna - Gilded Foil Edition — Foil Edition,1
historical_performance.csv,name,canonical_product_name,Drop: Secret Lair x Fallout: Beyond Vault 33 - Traditional Foil Edition — Foil Edition,1
historical_performance.csv,name,canonical_product_name,Drop: Secret Lair x Fallout: Points of Interest - Rainbow Foil Edition — Foil Edition,1
historical_performance.csv,name,canonical_product_name,Drop: Secret Lair x Dungeons & Dragons: Shadows Over Baldur’s Gate - Traditional Foil Edition — Foil Edition,1
historical_performance.csv,name,canonical_product_name,Drop: Prints of Darkness - Non-Foil Edition — Nonfoil Edition,1
historical_performance.csv,name,canonical_product_name,Drop: EVERYTHING IS ON FIRE - Raised Foil Edition — Foil Edition,1
historical_performance.csv,name,canonical_product_name,Drop: Artist Series: Sam Burley - Non-Foil Edition — Nonfoil Edition,1
historical_performance.csv,name,canonical_product_name,Drop: Secret Lair x Marvel's Captain America - Non-Foil Edition — Nonfoil Edition,1
historical_performance.csv,name,canonical_product_name,Drop: Our Boss is on Vacation Superdrop: Secret Lair High Class of '87 - Traditional Foil Edition — Foil Edition,1
historical_performance.csv,name,canonical_product_name,Drop: Secret Lair x Marvel's Captain America - Rainbow Foil Edition — Foil Edition,1
historical_performance.csv,name,canonical_product_name,Drop: Special Guest: Matt Jukes - Non-Foil Edition — Nonfoil Edition,1
historical_performance.csv,name,canonical_product_name,Drop: The Ultimate Pencil - Literally Everything Bundle — Standard Edition,1
historical_performance.csv,name,canonical_product_name,Drop: Our Boss is on Vacation Superdrop: They Grow Up So Fast - Non-Foil Edition — Nonfoil Edition,1
historical_performance.csv,name,canonical_product_name,Drop: The Space Beyond the Stars - Traditional Foil Edition — Foil Edition,1
historical_performance.csv,name,canonical_product_name,Drop: Gift Wrapped - Rainbow Foil Edition — Foil Edition,1
historical_performance.csv,name,canonical_product_name,Drop: February Superdrop - Introducing: Kaito Shizuki - Traditional Foil Edition — Foil Edition,1
historical_performance.csv,name,canonical_product_name,Drop: Secret Lair x My Little Pony: Friendship is Magic - Traditional Foil Edition — Foil Edition,1
historical_performance.csv,name,canonical_product_name,x Avatar: The Last Airbender: The Ember Island Players - Non-Foil Edition — Nonfoil Edition,1
historical_performance.csv,name,canonical_product_name,Drop: The Bundle Bundle — Standard Edition,1
historical_performance.csv,name,canonical_product_name,"Drop: The Meaning of Life, Maybe - Traditional Foil Edition — Foil Edition",1
historical_performance.csv,name,canonical_product_name,Drop: Ssssssnakessssss - Non-Foil Edition — Nonfoil Edition,1
historical_performance.csv,name,canonical_product_name,x Chaos Vault Drop: Commander Reinforcements World Shaper Bundle — Standard Edition,1
historical_performance.csv,name,canonical_product_name,Drop: Adventures of the Little Witch - Non-Foil Edition — Nonfoil Edition,1
historical_performance.csv,name,canonical_product_name,Drop: MagicCon: The Gathering - Rainbow Foil Edition — Foil Edition,1
historical_performance.csv,name,canonical_product_name,Drop: Festival in a Box Las Vegas 2026 Bundle — Standard Edition,1
historical_performance.csv,name,canonical_product_name,Drop: Secret Lair x Arcane - Traditional Foil Edition — Foil Edition,1
historical_performance.csv,name,canonical_product_name,Drop: Secret Lair x Marvel's Spider-Man: Venom Unleashed (Colors) - Non-Foil Edition — Nonfoil Edition,1
historical_performance.csv,name,canonical_product_name,Drop: Roll for Initiative Superdrop: The Chromatic Dragon’s Hoard Foil Bundle — Foil Edition,1
historical_performance.csv,name,canonical_product_name,x Warhammer Age of Sigmar - Traditional Foil Edition — Foil Edition,1
historical_performance.csv,name,canonical_product_name,Drop: Showcase: Duskmourn - Rainbow Foil Edition — Foil Edition,1
historical_performance.csv,name,canonical_product_name,Drop: Absolute Annihilation - Non-Foil Edition — Nonfoil Edition,1
historical_performance.csv,name,canonical_product_name,Drop: Artist Series: Randy Vargas - Traditional Foil Edition — Foil Edition,1
historical_performance.csv,name,canonical_product_name,Drop: Sheldon's Spellbook - Non-Foil Edition — Nonfoil Edition,1
historical_performance.csv,name,canonical_product_name,Drop: Dan Frazier Is Back Again: The Allied Talismans - Non-Foil Edition — Nonfoil Edition,1
historical_performance.csv,name,canonical_product_name,Superdrop: Culture Shocks: Naya - Non-Foil Edition — Nonfoil Edition,1
historical_performance.csv,name,canonical_product_name,Drop: Our Boss is on Vacation Superdrop: Pick 'Em and Stick 'Em - Rainbow Foil Edition — Foil Edition,1
historical_performance.csv,name,canonical_product_name,Drop: Secret Lair x Dungeons & Dragons: Death is in the Eyes of the Beholder II - Rainbow Foil Edition — Foil Edition,1
historical_performance.csv,name,canonical_product_name,Drop: Featuring: Mitsuhiro Arita - Non-Foil Edition — Nonfoil Edition,1
historical_performance.csv,name,canonical_product_name,Drop: Kamigawa Ink - Traditional Foil Edition — Foil Edition,1
historical_performance.csv,name,canonical_product_name,Drop: Monster Movie Marathon - Traditional Foil Edition — Foil Edition,1
historical_performance.csv,name,canonical_product_name,Drop: Dan Frazier Is Back Again: The Allied Talismans - Foil Etched Edition — Foil Edition,1
historical_performance.csv,name,canonical_product_name,Drop: Eldraine Wonderland - Traditional Foil Edition — Foil Edition,1
historical_performance.csv,name,canonical_product_name,Drop: Secret Lair x Dwarf Fortress: Create New World - Non-Foil Edition — Nonfoil Edition,1
historical_performance.csv,name,canonical_product_name,Drop: Marvel Superdrop: The Mighty Non-Foil Bundle — Nonfoil Edition,1
historical_performance.csv,name,canonical_product_name,Drop: Theros Stargazing: Vol.IV (Purphoros) - Traditional Foil Edition — Foil Edition,1
historical_performance.csv,name,canonical_product_name,"x Warhammer 40,000: Orks - Non-Foil Edition — Nonfoil Edition",1
historical_performance.csv,name,canonical_product_name,Drop: Phyrexian Faves - Traditional Foil Edition — Foil Edition,1
historical_performance.csv,name,canonical_product_name,Drop: Festival in a Box Las Vegas 2025 - Slay the Day (Rainbow Foil) — Foil Edition,1
historical_performance.csv,name,canonical_product_name,Drop: Wizards of the Street - Non-Foil Edition — Nonfoil Edition,1
historical_performance.csv,name,canonical_product_name,Drop: Paradise Frost - Rainbow Foil Edition — Foil Edition,1
historical_performance.csv,name,canonical_product_name,Drop: Wizards of the Street - Traditional Foil Edition — Foil Edition,1
historical_performance.csv,name,canonical_product_name,Drop: Back in My Day! - Traditional Foil Edition — Foil Edition,1
historical_performance.csv,name,canonical_product_name,Drop: Secret Lair x Teenage Mutant Ninja Turtles: The Mighty Mutanimals - Non-Foil Edition — Nonfoil Edition,1
historical_performance.csv,name,canonical_product_name,Drop: Secret Lair x Fallout: Welcome to New Vegas - Traditional Foil Edition — Foil Edition,1
historical_performance.csv,name,canonical_product_name,Drop: Secret Lair x Marvel's Spider-Man: Venom Unleashed (Inks) - Rainbow Foil Edition — Foil Edition,1
historical_performance.csv,name,canonical_product_name,Drop: Saturday Morning D&D - Traditional Foil Edition — Foil Edition,1
historical_performance.csv,name,canonical_product_name,Drop: Diabolical Dioramas - Non-Foil Edition — Nonfoil Edition,1
historical_performance.csv,name,canonical_product_name,Drop: PixelLands_v02.jpg - Traditional Foil Edition — Foil Edition,1
historical_performance.csv,name,canonical_product_name,Drop: Sheldon's Spellbook - Rainbow Foil Edition — Foil Edition,1
historical_performance.csv,name,canonical_product_name,Drop: Draw Your Hand - Non-Foil Edition — Nonfoil Edition,1
historical_performance.csv,name,canonical_product_name,Drop: Showcase: Monster Anatomy 101 - Foil Etched Edition — Foil Edition,1
historical_performance.csv,name,canonical_product_name,Drop: Mother's Day 2021 - Traditional Foil Edition — Foil Edition,1
historical_performance.csv,name,canonical_product_name,Drop: The Tokyo Lands - Non-Foil Edition — Nonfoil Edition,1
historical_performance.csv,name,canonical_product_name,Drop: Every Dog Has Its Day - Traditional Foil Edition — Foil Edition,1
historical_performance.csv,name,canonical_product_name,x Playstation Superdrop: Foil Trophy Bundle — Foil Edition,1
historical_performance.csv,name,canonical_product_name,Drop: Showcase: The Lost Caverns of Ixalan - Rainbow Foil Edition — Foil Edition,1
historical_performance.csv,name,canonical_product_name,Drop: Secret Lair x Doctor Who: The Dalek Lands - Non-Foil Edition — Nonfoil Edition,1
historical_performance.csv,name,canonical_product_name,Drop: Non-Foil Nightmare Bundle — Nonfoil Edition,1
historical_performance.csv,name,canonical_product_name,Drop: Mirrodinsanity - Traditional Foil Edition — Foil Edition,1
historical_performance.csv,name,canonical_product_name,Drop: Secret Lair x Fortnite - Traditional Foil Edition — Foil Edition,1
historical_performance.csv,name,canonical_product_name,"Drop: Faerie, Faerie, Faerie Rad - Traditional Foil Edition — Foil Edition",1
historical_performance.csv,name,canonical_product_name,Drop: Two Scoops - Double Sprinkles Bundle — Standard Edition,1
historical_performance.csv,name,canonical_product_name,Drop: Winter Superdrop 2025: Trailblazing Bundle - Foil Edition — Foil Edition,1
historical_performance.csv,name,canonical_product_name,Superdrop: Culture Shocks: Bant - Non-Foil Edition — Nonfoil Edition,1
historical_performance.csv,name,canonical_product_name,30th Anniversary Countdown Kit — Standard Edition,1
historical_performance.csv,name,canonical_product_name,Drop: Maho Gakuin Seishun Hakusho - Traditional Foil Edition — Foil Edition,1
historical_performance.csv,name,canonical_product_name,Drop: February Superdrop - Special Guest: Yuko Shimizu - Non-Foil Edition — Nonfoil Edition,1
historical_performance.csv,name,canonical_product_name,Drop: Winter Superdrop 2025: Campfire Merriment Bundle - Non-Foil Edition — Nonfoil Edition,1
historical_performance.csv,name,canonical_product_name,Drop: vroooOOOMMMMMM! - Rainbow Foil Playset Bundle — Foil Edition,1
historical_performance.csv,name,canonical_product_name,Drop: Carving Up A Barrel of Foils Bundle — Foil Edition,1
historical_performance.csv,name,canonical_product_name,Drop: Secret Lair x Teenage Mutant Ninja Turtles: The Mighty Mutanimals - Traditional Foil Edition — Foil Edition,1
historical_performance.csv,name,canonical_product_name,Drop: Dan Frazier's Mox Box - Foil Etched Edition — Foil Edition,1
historical_performance.csv,name,canonical_product_name,Drop: Those Foils Are Really Coming Down Bundle — Foil Edition,1
historical_performance.csv,name,canonical_product_name,x NALAC Drop: Nuestra Magia (SP Rainbow Foil) — Foil Edition,1
historical_performance.csv,name,canonical_product_name,Drop: PixelLands_v02.jpg - Non-Foil Edition — Nonfoil Edition,1
historical_performance.csv,name,canonical_product_name,x Post Malone: Backstage Pass - Traditional Foil Edition — Foil Edition,1
historical_performance.csv,name,canonical_product_name,x Post Malone: The Lands - Traditional Foil Edition — Foil Edition,1
historical_performance.csv,name,canonical_product_name,Drop: Secret Lair x Arcane: Lands - Traditional Foil Edition — Foil Edition,1
historical_performance.csv,name,canonical_product_name,"x Warhammer 40,000: Orks - Traditional Foil Edition — Foil Edition",1
historical_performance.csv,name,canonical_product_name,Drop: Astrology Lands (Aquarius) - Non-Foil Edition — Nonfoil Edition,1
historical_performance.csv,name,canonical_product_name,Drop: Second Secretversary Bundle - Foil Edition — Foil Edition,1
historical_performance.csv,name,canonical_product_name,"Drop: Secretversary Superdrop - Party Hard, Shred Harder - Non-Foil Edition — Nonfoil Edition",1
historical_performance.csv,name,canonical_product_name,Drop: Transformers Foil Bundle — Foil Edition,1
historical_performance.csv,name,canonical_product_name,Drop: Now on VHS! - Non-Foil Edition — Nonfoil Edition,1
historical_performance.csv,name,canonical_product_name,Drop: Goblingram - Rainbow Foil Edition — Foil Edition,1
historical_performance.csv,name,canonical_product_name,Drop: Bitterblossom Dreams - Non-Foil Edition — Nonfoil Edition,1
historical_performance.csv,name,canonical_product_name,Drop: City Styles 2: Dressed to Kill - Non-Foil Edition — Nonfoil Edition,1
historical_performance.csv,name,canonical_product_name,Drop: Secret Lair x Garfield: Our Only Thought Is To Entertain You - Traditional Foil Edition — Foil Edition,1
historical_performance.csv,name,canonical_product_name,Drop: Buggin' Out - Non-Foil Edition — Nonfoil Edition,1
historical_performance.csv,name,canonical_product_name,Drop: Wild in Bloom - Traditional Foil Edition — Foil Edition,1
historical_performance.csv,name,canonical_product_name,Drop: Animar & Friends - Rainbow Foil Edition — Foil Edition,1
historical_performance.csv,name,canonical_product_name,Drop: Equinox Superdrop 2024: We Celebrate the Foils Bundle — Foil Edition,1
historical_performance.csv,name,canonical_product_name,x Avatar: The Last Airbender: My Cabbages! - Non-Foil Edition — Nonfoil Edition,1
historical_performance.csv,name,canonical_product_name,Drop: EVERYTHING IS ON FIRE - Rainbow Foil Playset Bundle — Foil Edition,1
historical_performance.csv,name,canonical_product_name,Drop: Our Boss is on Vacation Superdrop: Tragic Romance - Non-Foil Edition — Nonfoil Edition,1
historical_performance.csv,name,canonical_product_name,Astrology Lands (Taurus) - Traditional Foil Edition — Foil Edition,1
historical_performance.csv,name,canonical_product_name,Drop: Outlaw Anthology Vol. 2: Sinister Scoundrels - Rainbow Foil Edition — Foil Edition,1
historical_performance.csv,name,canonical_product_name,Drop: Our Boss is on Vacation Superdrop: Spongebob Squarepants: Internet Sensation - Non-Foil Edition — Nonfoil Edition,1
historical_performance.csv,name,canonical_product_name,Drop: The Weirdest Pets in the Multiverse - Non-Foil Edition — Nonfoil Edition,1
historical_performance.csv,name,canonical_product_name,Drop: Astrology Lands (Cancer) Bundle - Non-Foil Edition — Nonfoil Edition,1
historical_performance.csv,name,canonical_product_name,Drop: Secret Lair x Dungeons & Dragons: Karlach's Rage - Rainbow Foil Edition — Foil Edition,1
historical_performance.csv,name,canonical_product_name,Drop: This One Is For My Non-Foils Bundle — Nonfoil Edition,1
historical_performance.csv,name,canonical_product_name,Drop: Purrfection - Non-Foil Edition — Nonfoil Edition,1
historical_performance.csv,name,canonical_product_name,Drop: February Superdrop - Secret Lair x Street Fighter - Traditional Foil Edition — Foil Edition,1
historical_performance.csv,name,canonical_product_name,Drop: Camp Totally Safe Superdrop: Noise from the Woods Bundle - Non-Foil Edition — Nonfoil Edition,1
historical_performance.csv,name,canonical_product_name,Drop: Secret Lair x Brain Dead: Staples - Rainbow Foil Edition — Foil Edition,1
historical_performance.csv,name,canonical_product_name,Cats Are the Best Superdrop: Laser Focus Foil Bundle — Foil Edition,1
historical_performance.csv,name,canonical_product_name,Drop: Phyrexian Faves - Non-Foil Edition — Nonfoil Edition,1
historical_performance.csv,name,canonical_product_name,Drop: Toby's Journey By Gary Baseman - Non-Foil Edition — Nonfoil Edition,1
historical_performance.csv,name,canonical_product_name,Drop: Secret Lair x Garfield: Our Only Thought Is To Entertain You - Non-Foil Edition — Nonfoil Edition,1
historical_performance.csv,name,canonical_product_name,Drop: Artist Series: Thomas Baxa - Traditional Foil Edition — Foil Edition,1
historical_performance.csv,name,canonical_product_name,Drop: The Eyes Have It - Rainbow Foil Edition — Foil Edition,1
historical_performance.csv,name,canonical_product_name,x Furby: The Gathering - Confetti Foil Edition — Foil Edition,1
historical_performance.csv,name,canonical_product_name,Drop: Secret Lair x Marvel's Spider-Man: Heroic Deeds - Rainbow Foil Edition — Foil Edition,1
historical_performance.csv,name,canonical_product_name,Drop: Chill Beats Bundle - Non-Foil Edition — Nonfoil Edition,1
historical_performance.csv,name,canonical_product_name,Drop: Dungeons & Dragons 50th Anniversary: Loot the Room with Non-Foils Bundle — Nonfoil Edition,1
historical_performance.csv,name,canonical_product_name,Drop: Secret Lair x Marvel's Spider-Man: The Foil Web-Slinger Bundle — Foil Edition,1
historical_performance.csv,name,canonical_product_name,Drop: Places to Trick or Treat Foil Lands Bundle — Foil Edition,1
historical_performance.csv,name,canonical_product_name,Drop: Showcase: Bloomburrow - Rainbow Foil Edition — Foil Edition,1
historical_performance.csv,name,canonical_product_name,Drop: International Women's Day 2020 - Traditional Foil Edition — Foil Edition,1
historical_performance.csv,name,canonical_product_name,Drop: Secret Lair x Tomb Raider - Traditional Foil Edition — Foil Edition,1
historical_performance.csv,name,canonical_product_name,Drop: Secret Lair x Fallout: S.P.E.C.I.A.L. - Non-Foil Edition — Nonfoil Edition,1
historical_performance.csv,name,canonical_product_name,Drop: Theros Stargazing: Vol.II (Thassa) - Traditional Foil Edition — Foil Edition,1
historical_performance.csv,name,canonical_product_name,Drop: The Tokyo Lands - Etched Foil Edition — Foil Edition,1
historical_performance.csv,name,canonical_product_name,Drop: Roll for Initiative Superdrop: The Bag of Holding Non-Foil Bundle — Nonfoil Edition,1
historical_performance.csv,name,canonical_product_name,Drop: Secret Lair x Felix the Cat: Magic Bag of Tricks - Non-Foil Edition — Nonfoil Edition,1
historical_performance.csv,name,canonical_product_name,Drop: Astrology Lands (Capricorn) Bundle - Non-Foil Edition — Nonfoil Edition,1
historical_performance.csv,name,canonical_product_name,Drop: Two Scoops - Double Chocolate With Sprinkles Bundle — Standard Edition,1
historical_performance.csv,name,canonical_product_name,Drop: Featuring: Stan Sakai - Traditional Foil Edition — Foil Edition,1
historical_performance.csv,name,canonical_product_name,Drop: Deceptive Divination - Rainbow Foil Edition — Foil Edition,1
historical_performance.csv,name,canonical_product_name,Drop: KEXP: Where the Music Matters - Rainbow Foil Bundle — Foil Edition,1
historical_performance.csv,name,canonical_product_name,Drop: Inside an Elevator Superdrop: Take Me to the Floor with Foils Bundle — Foil Edition,1
historical_performance.csv,name,canonical_product_name,Drop: Our Boss is on Vacation Superdrop: Spongebob Squarepants: Lands Under the Sea - Rainbow Foil Edition — Foil Edition,1
historical_performance.csv,name,canonical_product_name,x Jaws: Terror of Amity Island - Non-Foil Edition — Nonfoil Edition,1
historical_performance.csv,name,canonical_product_name,Drop: Tearing Up A Sick Tube of Non-Foils Bundle — Nonfoil Edition,1
historical_performance.csv,name,canonical_product_name,Drop: April Superdrop - Full-of-Foils Bundle — Foil Edition,1
historical_performance.csv,name,canonical_product_name,Drop: Chill Beats Bundle - Rainbow Foil Edition — Foil Edition,1
historical_performance.csv,name,canonical_product_name,Drop: Our Boss is on Vacation Superdrop: Pick 'Em and Stick 'Em - Non-Foil Edition — Nonfoil Edition,1
historical_performance.csv,name,canonical_product_name,Drop: Astrology Lands (Cancer) - Non-Foil Edition — Nonfoil Edition,1
historical_performance.csv,name,canonical_product_name,Drop: PixelSnowLands.jpg - Traditional Foil Edition — Foil Edition,1
historical_performance.csv,name,canonical_product_name,Superdrop: The World's Foil-est Bundle — Foil Edition,1
historical_performance.csv,name,canonical_product_name,Drop: EVERYTHING IS ON FIRE - Rainbow Foil Edition — Foil Edition,1
historical_performance.csv,name,canonical_product_name,Drop: The Strange Sands: Mountain - Rainbow Foil Edition — Foil Edition,1
historical_performance.csv,name,canonical_product_name,Drop: Featuring: Phoebe Wahl - Rainbow Foil Edition — Foil Edition,1
historical_performance.csv,name,canonical_product_name,Drop: Artist Series: Rebecca Guay - Non-Foil Edition — Nonfoil Edition,1
historical_performance.csv,name,canonical_product_name,Drop: Secret Lair x Ghostbusters: Slimer - Non-Foil Edition — Nonfoil Edition,1
historical_performance.csv,name,canonical_product_name,Drop: Calling All Hydra Heads (WPN Exclusive) - Traditional Foil Edition — Foil Edition,1
historical_performance.csv,name,canonical_product_name,Drop: Cards in Costume Non-Foil Bundle - Non-Foil Edition — Nonfoil Edition,1
historical_performance.csv,name,canonical_product_name,Drop: vroooOOOMMMMMM! - Non-Foil Playset Bundle — Nonfoil Edition,1
historical_performance.csv,name,canonical_product_name,Drop: Viva Las Rakdos - Foil Edition — Foil Edition,1
historical_performance.csv,name,canonical_product_name,"Superdrop: OUR SHOW IS ON FRIDAY, CAN YOU MAKE IT? - Non-Foil Edition — Nonfoil Edition",1
historical_performance.csv,name,canonical_product_name,Drop: Rule the Room - Traditional Foil Edition — Foil Edition,1
historical_performance.csv,name,canonical_product_name,x God of War: Greek - Non-Foil Edition — Nonfoil Edition,1
historical_performance.csv,name,canonical_product_name,Drop: Secret Lair x Marvel's Deadpool: FINAL_final_REALLYfinal_v7_USETHISONE(2)_Everything Bundle — Standard Edition,1
historical_performance.csv,name,canonical_product_name,x Post Malone: The Lands - Non-Foil Edition — Nonfoil Edition,1
historical_performance.csv,name,canonical_product_name,Drop: Showcase: Bloomburrow - Non-Foil Edition — Nonfoil Edition,1
historical_performance.csv,name,canonical_product_name,Drop: Astrology Lands (Scorpio) - Non-Foil Edition — Nonfoil Edition,1
historical_performance.csv,name,canonical_product_name,x Fallout: Rad Superdrop: The Vault-Issue Non-Foil Bundle — Nonfoil Edition,1
historical_performance.csv,name,canonical_product_name,Drop: Special Guest: Jen Bartel - Non-Foil Edition — Nonfoil Edition,1
historical_performance.csv,name,canonical_product_name,x NALAC Drop: Nuestra Magia (SP Non-Foil) — Nonfoil Edition,1
historical_performance.csv,name,canonical_product_name,Drop: Secret Lair x Marvel's Deadpool: I Fixed It (You're Welcome) - Non-Foil Edition — Nonfoil Edition,1
historical_performance.csv,name,canonical_product_name,Drop: EVERYTHING IS ON FIRE - Non-Foil Playset Bundle — Nonfoil Edition,1
historical_performance.csv,name,canonical_product_name,Drop: Happy Yargle Day! - Traditional Foil Edition — Foil Edition,1
historical_performance.csv,name,canonical_product_name,x God of War: Greek - Traditional Foil Edition — Foil Edition,1
historical_performance.csv,name,canonical_product_name,x Chaos Vault Drop: Commander Reinforcements Counter Intelligence Bundle (Galaxy Foil) — Foil Edition,1
historical_performance.csv,name,canonical_product_name,x God of War: Norse - Traditional Foil Edition — Foil Edition,1
historical_performance.csv,name,canonical_product_name,x Sonic the Hedgehog Superdrop: Friends & Foes (Rainbow Foil) — Foil Edition,1
historical_performance.csv,name,canonical_product_name,Drop: Special Guest: Kozyndan: Another Story - Non-Foil Edition — Nonfoil Edition,1
historical_performance.csv,name,canonical_product_name,Drop: Dan Frazier is Back: The Allied Signets - Non-Foil Edition — Nonfoil Edition,1
historical_performance.csv,name,canonical_product_name,Drop: February Superdrop - Li'l Walkers - Traditional Foil Edition — Foil Edition,1
historical_performance.csv,name,canonical_product_name,Drop: KEXP: Where the Music Matters - Non-Foil Bundle — Nonfoil Edition,1
historical_performance.csv,name,canonical_product_name,x Uncharted - Rainbow Foil Edition — Foil Edition,1
historical_performance.csv,name,canonical_product_name,Drop: Mycosynthwave - Rainbow Foil Edition — Foil Edition,1
historical_performance.csv,name,canonical_product_name,Deck: Dandan Deck — Standard Edition,1
historical_performance.csv,name,canonical_product_name,Superdrop: The Main Event Bundle — Standard Edition,1
historical_performance.csv,name,canonical_product_name,Drop: Astrology Lands (Scorpio) Bundle - Traditional Foil Edition — Foil Edition,1
historical_performance.csv,name,canonical_product_name,Drop: The Dracula Lands - Non-Foil Edition — Nonfoil Edition,1
historical_performance.csv,name,canonical_product_name,Drop: Astrology Lands (Leo) Bundle - Traditional Foil Edition — Foil Edition,1
historical_performance.csv,name,canonical_product_name,Drop: Winter Superdrop 2024: Beastly Breakfast Omens Bundle - Foil Edition — Foil Edition,1
historical_performance.csv,name,canonical_product_name,Drop: If Looks Could Kill - Non-Foil Edition — Nonfoil Edition,1
historical_performance.csv,name,canonical_product_name,Drop: Return to Mystical Archive - Non-Foil Edition — Nonfoil Edition,1
historical_performance.csv,name,canonical_product_name,Drop: Smitten Superdrop: All-Our-Love Bundle — Standard Edition,1
historical_performance.csv,name,canonical_product_name,Drop: The Strange Sands: Mountain - Non-Foil Edition — Nonfoil Edition,1
historical_performance.csv,name,canonical_product_name,Drop: vroooOOOMMMMMM! - Non-Foil Edition — Nonfoil Edition,1
historical_performance.csv,name,canonical_product_name,x FINAL FANTASY: Weapons - Non-Foil Edition — Nonfoil Edition,1
historical_performance.csv,name,canonical_product_name,"x Marvel: Arcane Signet as ""Earth's Mightiest Emblem"" - Rainbow Foil Edition — Foil Edition",1
historical_performance.csv,name,canonical_product_name,Drop: Secret Lair x Dungeons & Dragons: Gale’s Ambition - Non-Foil Edition — Nonfoil Edition,1
historical_performance.csv,name,canonical_product_name,x Furby: The Gathering - Non-Foil Edition — Nonfoil Edition,1
historical_performance.csv,name,canonical_product_name,x God of War: Norse - Non-Foil Edition — Nonfoil Edition,1
historical_performance.csv,name,canonical_product_name,Drop: Showcase: Midnight Hunt - Traditional Foil Edition — Foil Edition,1
historical_performance.csv,name,canonical_product_name,Drop: Two Scoops - The Chocolate Sampler Bundle — Standard Edition,1
historical_performance.csv,name,canonical_product_name,Drop: Astrology Lands (Libra) - Non-Foil Edition — Nonfoil Edition,1
historical_performance.csv,name,canonical_product_name,Commander Deck: Angels: They're Just Like Us but Cooler and with Wings — Standard Edition,1
historical_performance.csv,name,canonical_product_name,Astrology Lands (Aries) - Non-Foil Edition — Nonfoil Edition,1
historical_performance.csv,name,canonical_product_name,Drop: Featuring: Andrew Maclean - Non-Foil Edition — Nonfoil Edition,1
historical_performance.csv,name,canonical_product_name,Drop: Just Some Totally Normal Guys - Non-Foil Edition — Nonfoil Edition,1
historical_performance.csv,name,canonical_product_name,Drop: Secret Lair x Marvel's Deadpool: I Fixed It (You're Welcome) - Pool Party Foil Edition — Foil Edition,1
historical_performance.csv,name,canonical_product_name,Drop: Hard-Boiled Thrillers - Rainbow Foil Edition — Foil Edition,1
historical_performance.csv,name,canonical_product_name,Drop: Witch's Familiar - Non-Foil Edition — Nonfoil Edition,1
historical_performance.csv,name,canonical_product_name,Drop: August Superdrop - The Bundle Bundle — Standard Edition,1
historical_performance.csv,name,canonical_product_name,Drop: Secret Lair x Dungeons & Dragons: An Exhibition of Adventure - Non-Foil Edition — Nonfoil Edition,1
historical_performance.csv,name,canonical_product_name,Drop: Li'l Legends - Rainbow Foil Edition — Foil Edition,1
historical_performance.csv,name,canonical_product_name,Astrology Lands (Sagittarius) - Non-Foil Edition — Nonfoil Edition,1
historical_performance.csv,name,canonical_product_name,Drop: Secretversary Superdrop 2023: Goodie Bag Loaded with Everything Bundle — Standard Edition,1
historical_performance.csv,name,canonical_product_name,Drop: Astrology Lands (Leo) - Non-Foil Edition — Nonfoil Edition,1
historical_performance.csv,name,canonical_product_name,Drop: The Prophets Predicted Bundle - Foil Edition — Foil Edition,1
historical_performance.csv,name,canonical_product_name,Drop: Omens of Chaos - Traditional Foil Edition — Foil Edition,1
historical_performance.csv,name,canonical_product_name,Drop: Artist Series: Randy Vargas - Non-Foil Edition — Nonfoil Edition,1
historical_performance.csv,name,canonical_product_name,Drop: Showcase: Thrilling Tales of the Undead - Non-Foil Edition — Nonfoil Edition,1
historical_performance.csv,name,canonical_product_name,Superdrop: Showcase: Strixhaven - Traditional Foil Edition — Foil Edition,1
historical_performance.csv,name,canonical_product_name,Drop: February Superdrop - Special Guest: Yuko Shimizu - Traditional Foil Edition — Foil Edition,1
historical_performance.csv,name,canonical_product_name,Drop: A Devastation of Dragons - Rainbow Foil Edition — Foil Edition,1
historical_performance.csv,name,canonical_product_name,x Sonic the Hedgehog Superdrop: Super Sonic Bundle (Rainbow Foil) — Foil Edition,1
historical_performance.csv,name,canonical_product_name,Drop: If Looks Could Kill - Traditional Foil Edition — Foil Edition,1
historical_performance.csv,name,canonical_product_name,Drop: Our Boss is on Vacation Superdrop: Desk Fort Made of Non-Foils Bundle — Nonfoil Edition,1
historical_performance.csv,name,canonical_product_name,Drop: The Beauty of the Beasts - Non-Foil Edition — Nonfoil Edition,1
historical_performance.csv,name,canonical_product_name,Superdrop: Showcase: Strixhaven - Non-Foil Edition — Nonfoil Edition,1
historical_performance.csv,name,canonical_product_name,Drop: Secret Lair x Dungeons & Dragons: Shadowheart’s Devotion - Traditional Foil Edition — Foil Edition,1
historical_performance.csv,name,canonical_product_name,Drop: Inside an Elevator Superdrop: Brain Dead Bundle - Foil Edition — Foil Edition,1
historical_performance.csv,name,canonical_product_name,Drop: Purrfection - Traditional Foil Edition — Foil Edition,1
historical_performance.csv,name,canonical_product_name,Drop: Transformers: Roll Out or Rise Up - Traditional Foil Edition — Foil Edition,1
historical_performance.csv,name,canonical_product_name,Astrology Lands (Sagittarius) - Traditional Foil Edition — Foil Edition,1
historical_performance.csv,name,canonical_product_name,Drop: Those Non-Foils Just Won't Let Up Bundle — Nonfoil Edition,1
historical_performance.csv,name,canonical_product_name,Drop: Secret Lair x Teenage Mutant Ninja Turtles: VHS Villains - Non-Foil Edition — Nonfoil Edition,1
historical_performance.csv,name,canonical_product_name,x Avatar: The Last Airbender: My Cabbages! - Rainbow Foil Edition — Foil Edition,1
historical_performance.csv,name,canonical_product_name,Drop: Secret Lair x Hatsune Miku: Sakura Superstar EN - Rainbow Foil Edition — Foil Edition,1
historical_performance.csv,name,canonical_product_name,Drop: The Strange Sands: Plains - Non-Foil Edition — Nonfoil Edition,1
historical_performance.csv,name,canonical_product_name,Drop: Inside an Elevator Superdrop: Take Me to the Floor with Everything Bundle — Standard Edition,1
historical_performance.csv,name,canonical_product_name,Drop: Secret Lair x Tomb Raider - Non-Foil Edition — Nonfoil Edition,1
historical_performance.csv,name,canonical_product_name,Drop: Secret Lair Promo: Deadeye Navigator - Rainbow Foil Edition — Foil Edition,1
historical_performance.csv,name,canonical_product_name,Drop: Secretversary Superdrop 2023: Jungle Bundle - Non-Foil Edition — Nonfoil Edition,1
historical_performance.csv,name,canonical_product_name,Drop: Secretversary Superdrop 2023: Lara Croft's Adventuring Bundle - Foil Edition — Foil Edition,1
historical_performance.csv,name,canonical_product_name,Drop: Spring Superdrop 2024: Spring Into Action Bundle - Foil Edition — Foil Edition,1
historical_performance.csv,name,canonical_product_name,Drop: Marvel Superdrop: The Astonishing Foil Bundle — Foil Edition,1
historical_performance.csv,name,canonical_product_name,Drop: More Adventures in Middle-earth - Non-Foil Edition — Nonfoil Edition,1
historical_performance.csv,name,canonical_product_name,Drop: Artist Series: Volkan Baga - Non-Foil Edition — Nonfoil Edition,1
historical_performance.csv,name,canonical_product_name,Drop: Secret Lair x Marvel: Spinner Rack Specials - Non-Foil Edition — Nonfoil Edition,1
historical_performance.csv,name,canonical_product_name,Drop: Secret Lair x Dungeons & Dragons: Shadowheart’s Devotion - Non-Foil Edition — Nonfoil Edition,1
historical_performance.csv,name,canonical_product_name,Drop: Our Boss is on Vacation Superdrop: Spongebob Squarepants: Internet Sensation - Rainbow Foil Edition — Foil Edition,1
historical_performance.csv,name,canonical_product_name,Drop: Summer Superdrop 2025 - The Artist Spotlight Bundle (Non-Foil Edition) — Nonfoil Edition,1
historical_performance.csv,name,canonical_product_name,Drop: Arcade Racers - Non-Foil Edition — Nonfoil Edition,1
historical_performance.csv,name,canonical_product_name,Drop: Prints Charming - Traditional Foil Edition — Foil Edition,1
historical_performance.csv,name,canonical_product_name,Drop: Secret Lair Promo x Twisted Metal - Sol Ring - Rainbow Foil Edition — Foil Edition,1
historical_performance.csv,name,canonical_product_name,Drop: Secret Lair x Chucky - Non-Foil Edition — Nonfoil Edition,1
historical_performance.csv,name,canonical_product_name,Drop: Summer Superdrop 2025 - The Artist Spotlight Bundle (Rainbow Foil Edition) — Foil Edition,1
historical_performance.csv,name,canonical_product_name,Drop: Spring Superdrop 2024: All The Non-Foils Are Blooming Bundle — Nonfoil Edition,1
historical_performance.csv,name,canonical_product_name,"Drop: Keep Partying Hard, Shred Harder Than You Previously Thought Possible - Non-Foil Edition — Nonfoil Edition",1
historical_performance.csv,name,canonical_product_name,Drop: Showcase: Murders at Karlov Manor - Rainbow Foil Edition — Foil Edition,1
historical_performance.csv,name,canonical_product_name,Drop: Secret Lair x Marvel's Spider-Man: Daily Bugle Breaking News - Non-Foil Edition — Nonfoil Edition,1
historical_performance.csv,name,canonical_product_name,Drop: Restless in Peace - Non-Foil Edition — Nonfoil Edition,1
historical_performance.csv,name,canonical_product_name,x Sonic the Hedgehog Superdrop: Turbo Gear (Rainbow Foil) — Foil Edition,1
historical_performance.csv,name,canonical_product_name,Drop: Artist Series: Kev Walker - Traditional Foil Edition — Foil Edition,1
historical_performance.csv,name,canonical_product_name,Drop: Thalia: Beyond the Helvault - Traditional Foil Edition — Foil Edition,1
historical_performance.csv,name,canonical_product_name,Commander Deck: Raining Cats and Dogs — Standard Edition,1
historical_performance.csv,name,canonical_product_name,Drop: vroooOOOMMMMMM! - Rainbow Foil Edition — Foil Edition,1
historical_performance.csv,name,canonical_product_name,Drop: Valentine's Day 2021 - Traditional Foil Edition — Foil Edition,1
historical_performance.csv,name,canonical_product_name,Drop: Astrology Lands (Scorpio) Bundle - Non-Foil Edition — Nonfoil Edition,1
historical_performance.csv,name,canonical_product_name,Drop: Secret Lair x Assassin's Creed: Da Vinci's Designs - Non-Foil Edition — Nonfoil Edition,1
historical_performance.csv,name,canonical_product_name,Drop: Equinox Superdrop 2024: Sunlight and Moonbeams Bundle - Foil Edition — Foil Edition,1
historical_performance.csv,name,canonical_product_name,Drop: Secret Lair Promo: Seedborn Muse - Rainbow Foil Edition — Foil Edition,1
historical_performance.csv,name,canonical_product_name,Drop: Winter Superdrop 2024: Everything on the Menu Bundle — Standard Edition,1
historical_performance.csv,name,canonical_product_name,Drop: The Strange Sands: Island - Rainbow Foil Edition — Foil Edition,1
historical_performance.csv,name,canonical_product_name,Festival in a Box Barcelona 2023 - Drafter's Dream Bundle — Standard Edition,1
historical_performance.csv,name,canonical_product_name,Drop: Monstrous Magazines - Rainbow Foil Edition — Foil Edition,1
historical_performance.csv,name,canonical_product_name,Drop: Buggin' Out - Traditional Foil Edition — Foil Edition,1
historical_performance.csv,name,canonical_product_name,x Avatar: The Last Airbender: A Lot To Learn - Rainbow Foil Edition — Foil Edition,1
historical_performance.csv,name,canonical_product_name,Drop: Equinox Superdrop 2024: A Celebration of Everything Foil and Non-Foil Bundle — Nonfoil Edition,1
historical_performance.csv,name,canonical_product_name,Drop: sAnS mERcY - Rainbow Foil Edition — Foil Edition,1
historical_performance.csv,name,canonical_product_name,Drop: Time Trouble Two - Non-Foil Edition — Nonfoil Edition,1
historical_performance.csv,name,canonical_product_name,x Horizon: Into the Forbidden West - Rainbow Foil Edition — Foil Edition,1
historical_performance.csv,name,canonical_product_name,Drop: Special Guest: Fiona Staples - Non-Foil Edition — Nonfoil Edition,1
historical_performance.csv,name,canonical_product_name,Drop: The Unfathomable Crushing Brutality of Basic Lands - Non-Foil Edition — Nonfoil Edition,1
historical_performance.csv,name,canonical_product_name,Drop: Secretversary Superdrop - Artist Series: Seb McKinnon - Non-Foil Edition — Nonfoil Edition,1
historical_performance.csv,name,canonical_product_name,Drop: Inside an Elevator Superdrop: Take Me to the Floor with Non-Foils Bundle — Nonfoil Edition,1
historical_performance.csv,name,canonical_product_name,Drop: Camp Totally Safe Superdrop: The Cabin with Foils Bundle — Foil Edition,1
historical_performance.csv,name,canonical_product_name,Drop: Secret Lair Promo x Avatar: The Last Air Bender - Path of Ancestry - Rainbow Foil Edition — Foil Edition,1
historical_performance.csv,name,canonical_product_name,Drop: Secretversary Superdrop - Happy Little Gathering - Non-Foil Edition — Nonfoil Edition,1
historical_performance.csv,name,canonical_product_name,Drop: Secret Lair x Hatsune Miku: Electric Entourage EN - Non-Foil Edition — Nonfoil Edition,1
historical_performance.csv,name,canonical_product_name,Drop: Astrology Lands (Virgo) Bundle - Traditional Foil Edition — Foil Edition,1
historical_performance.csv,name,canonical_product_name,x Sonic the Hedgehog Superdrop: Chasing Adventure — Nonfoil Edition,1
historical_performance.csv,name,canonical_product_name,Drop: Secret Lair Promo: Cryptic Command - Rainbow Foil Edition — Foil Edition,1
historical_performance.csv,name,canonical_product_name,Drop: “explosion sounds” - Non-Foil Edition — Nonfoil Edition,1
historical_performance.csv,name,canonical_product_name,Drop: Astrology Lands (Scorpio) - Traditional Foil Edition — Foil Edition,1
historical_performance.csv,name,canonical_product_name,Drop: Maho Gakuin Seishun Hakusho - Non-Foil Edition — Nonfoil Edition,1
historical_performance.csv,name,canonical_product_name,Drop: Notebook Genius - Non-Foil Edition — Nonfoil Edition,1
historical_performance.csv,name,canonical_product_name,Drop: Featuring: Not a Wolf - Traditional Foil Edition — Foil Edition,1
historical_performance.csv,name,canonical_product_name,Back to School Superdrop: Spirit Week All Foils Bundle — Foil Edition,1
historical_performance.csv,name,canonical_product_name,Drop: Artist Series: Rovina Cai - Rainbow Foil Edition — Foil Edition,1
historical_performance.csv,name,canonical_product_name,"Drop: All-Natural, Totally Refreshing Superdrop: All 4 U Bundle — Standard Edition",1
historical_performance.csv,name,canonical_product_name,Countdown Kit: An Encyclopedia of Magic — Standard Edition,1
historical_performance.csv,name,canonical_product_name,Drop: Secret Lair x Marvel's Wolverine - Non-Foil Edition — Nonfoil Edition,1
historical_performance.csv,name,canonical_product_name,Drop: Featuring: Phoebe Wahl - Non-Foil Edition — Nonfoil Edition,1
historical_performance.csv,name,canonical_product_name,Drop: Showcase: March of the Machine Vol. 1 - Halo Foil Edition — Foil Edition,1
historical_performance.csv,name,canonical_product_name,Drop: Secret Lair x Doctor Who: The Weeping Angels - Non-Foil Edition — Nonfoil Edition,1
historical_performance.csv,name,canonical_product_name,Drop: EVERYTHING IS ON FIRE - Non-Foil Edition — Nonfoil Edition,1
historical_performance.csv,name,canonical_product_name,Drop: Secret Lair x Fallout: Vault Boy - Non-Foil Edition — Nonfoil Edition,1
historical_performance.csv,name,canonical_product_name,Drop: Totally TubuLair Superdrop: Heroes in a Half Shell Non-Foil Bundle — Nonfoil Edition,1
historical_performance.csv,name,canonical_product_name,Drop: Secret Lair x Jurassic World: Life Breaks Free - Non-Foil Edition — Nonfoil Edition,1
historical_performance.csv,name,canonical_product_name,Superdrop: Voracious Reader Bundle - Foil — Foil Edition,1
historical_performance.csv,name,canonical_product_name,Drop: Monstrous Magazines - Non-Foil Edition — Nonfoil Edition,1
historical_performance.csv,name,canonical_product_name,Drop: Special Guest: Jen Bartel - Traditional Foil Edition — Foil Edition,1
historical_performance.csv,name,canonical_product_name,Drop: Dogs Are Better Than Cats - Non-Foil Edition — Nonfoil Edition,1
historical_performance.csv,name,canonical_product_name,Drop: EVERYTHING IS ON FIRE - Raised Foil Playset Bundle — Foil Edition,1
historical_performance.csv,name,canonical_product_name,Drop: Artist Series: Mark Poole - Traditional Foil Edition — Foil Edition,1
historical_performance.csv,name,canonical_product_name,Drop: Secret Lair x Marvel's Spider-Man: The Non-Foil Web-Slinger Bundle — Nonfoil Edition,1
historical_performance.csv,name,canonical_product_name,Drop: Secret Lair x Assassin's Creed: Lethal Legends - Rainbow Foil Edition — Foil Edition,1
historical_performance.csv,name,canonical_product_name,Drop: Prismatic Nightmares - Non-Foil Edition — Nonfoil Edition,1
historical_performance.csv,name,canonical_product_name,Drop: Kamigawa Ink - Non-Foil Edition — Nonfoil Edition,1
historical_performance.csv,name,canonical_product_name,Drop: Cool Ocean Breeze - Non-Foil Edition — Nonfoil Edition,1
historical_performance.csv,name,canonical_product_name,Drop: Secret Lair x Dungeons & Dragons: Astarion's Thirst - Rainbow Foil Edition — Foil Edition,1
historical_performance.csv,name,canonical_product_name,"Drop: Death Is Temporary, Metal Is Forever - Traditional Foil Edition — Foil Edition",1
historical_performance.csv,name,canonical_product_name,Drop: Summer Superdrop 2025 - Artist Series: Phil Foglio (Non-Foil Edition) — Nonfoil Edition,1
historical_performance.csv,name,canonical_product_name,Drop: Artist Series: Chris Rahn - Non-Foil Edition — Nonfoil Edition,1
historical_performance.csv,name,canonical_product_name,Drop: Mirrodinsanity - Non-Foil Edition — Nonfoil Edition,1
historical_performance.csv,name,canonical_product_name,Drop: Featuring: Julie Bell - Rainbow Foil Edition — Foil Edition,1
historical_performance.csv,name,canonical_product_name,Drop: Two Scoops - Double Vanilla With Sprinkles Bundle — Standard Edition,1
historical_performance.csv,name,canonical_product_name,Drop: Featuring: Jay Howell - Rainbow Foil Edition — Foil Edition,1
historical_performance.csv,name,canonical_product_name,Drop: Secret Lair x Dungeons & Dragons: Lands of the Forgotten Realms - Traditional Foil Edition — Foil Edition,1
historical_performance.csv,name,canonical_product_name,Drop: Secret Lair x Marvel's Black Panther - Non-Foil Edition — Nonfoil Edition,1
historical_performance.csv,name,canonical_product_name,Drop: Artist Series: Johannes Voss - Non-Foil Edition — Nonfoil Edition,1
historical_performance.csv,name,canonical_product_name,Drop: Secret Lair x Marvel's Deadpool: I Fixed It (You're Welcome) - Traditional Foil Edition — Foil Edition,1
historical_performance.csv,name,canonical_product_name,Drop: The Prophets Predicted Everything Bundle — Standard Edition,1
historical_performance.csv,name,canonical_product_name,Drop: Diabolical Dioramas - Rainbow Foil Edition — Foil Edition,1
historical_performance.csv,name,canonical_product_name,Drop: Secret Lair x Assassin's Creed: Da Vinci's Designs - Rainbow Foil Edition — Foil Edition,1
historical_performance.csv,name,canonical_product_name,Drop: Two Scoops - Double Vanilla Bundle — Standard Edition,1
historical_performance.csv,name,canonical_product_name,x Avatar: The Last Airbender: Everything Changed - Non-Foil Edition — Nonfoil Edition,1
historical_performance.csv,name,canonical_product_name,Drop: The Walking Dead - Traditional Foil Edition — Foil Edition,1
historical_performance.csv,name,canonical_product_name,Drop: Summer Superdrop 2024: Showstopper Bundle - Foil Edition — Foil Edition,1
historical_performance.csv,name,canonical_product_name,Drop: Secret Lair x Fallout: Rad - Traditional Foil Edition — Foil Edition,1
historical_performance.csv,name,canonical_product_name,Drop: Showcase: Kaldheim - Part 2 - Non-Foil Edition — Nonfoil Edition,1
historical_performance.csv,name,canonical_product_name,Drop: KEXP: You Are Not Alone - Non-Foil Edition — Nonfoil Edition,1
historical_performance.csv,name,canonical_product_name,Festival in a Box Bundle — Standard Edition,1
historical_performance.csv,name,canonical_product_name,Drop: Artist Series: Wayne Reynolds - Traditional Foil Edition — Foil Edition,1
historical_performance.csv,name,canonical_product_name,Drop: Secret Lair x Dungeons & Dragons: Honor Among Thieves - Non-Foil Edition — Nonfoil Edition,1
historical_performance.csv,name,canonical_product_name,Drop: Cats Are Better Than Dogs - Non-Foil Edition — Nonfoil Edition,1
historical_performance.csv,name,canonical_product_name,Drop: Extra Life 2020 - Traditional Foil Edition — Foil Edition,1
historical_performance.csv,name,canonical_product_name,Drop: The Ultimate Pencil - Almost Everything Bundle — Standard Edition,1
historical_performance.csv,name,canonical_product_name,Drop: Summer Superdrop 2025 - The Summer Superdrop Bundle (Non-Foil Edition) — Nonfoil Edition,1
historical_performance.csv,name,canonical_product_name,Astrology Lands (Taurus) Bundle - Non-Foil Edition — Nonfoil Edition,1
historical_performance.csv,name,canonical_product_name,Drop: Secret Lair x Marvel's Black Panther - Rainbow Foil Edition — Foil Edition,1
historical_performance.csv,name,canonical_product_name,x Avatar: The Last Airbender: One with the Elements - Non-Foil Edition — Nonfoil Edition,1
historical_performance.csv,name,canonical_product_name,Drop: Valentine's Day 2021 - Replacement Heliod Pack - Traditional Foil Edition — Foil Edition,1
historical_performance.csv,name,canonical_product_name,Drop: Secretversary Superdrop - Foils Forever Bundle — Foil Edition,1
historical_performance.csv,name,canonical_product_name,Astrology Lands (Aries) Bundle - Traditional Foil Edition — Foil Edition,1
historical_performance.csv,name,canonical_product_name,Drop: Secret Lair x Ghostbusters: The Real Ghostbusters - Non-Foil Edition — Nonfoil Edition,1
historical_performance.csv,name,canonical_product_name,Drop: Artist Series: Thomas Baxa - Non-Foil Edition — Nonfoil Edition,1
historical_performance.csv,name,canonical_product_name,Drop: Dan Frazier is Back: The Enemy Signets - Non-Foil Edition — Nonfoil Edition,1
historical_performance.csv,name,canonical_product_name,x Warhammer Bundle — Standard Edition,1
historical_performance.csv,name,canonical_product_name,x Iron Maiden: Eddie Unchained - Rainbow Foil Edition — Foil Edition,1
historical_performance.csv,name,canonical_product_name,Drop: Secret Lair x Dungeons & Dragons: Honor Among Thieves - Traditional Foil Edition — Foil Edition,1
historical_performance.csv,name,canonical_product_name,Drop: Astrology Lands (Gemini) - Non-Foil Edition — Nonfoil Edition,1
historical_performance.csv,name,canonical_product_name,Drop: Rule the Room - Non-Foil Edition — Nonfoil Edition,1
historical_performance.csv,name,canonical_product_name,"Drop: Keep Partying Hard, Shred Harder Than You Previously Thought Possible - Traditional Foil Edition — Foil Edition",1
historical_performance.csv,name,canonical_product_name,Drop: The Ultimate Pencil - Rainbow Foil Bundle — Foil Edition,1
historical_performance.csv,name,canonical_product_name,Drop: Finally! Left-Handed Magic Cards - Non-Foil Edition — Nonfoil Edition,1
historical_performance.csv,name,canonical_product_name,Drop: Cats of Chaos - Non-Foil Edition — Nonfoil Edition,1
historical_performance.csv,name,canonical_product_name,Drop: Astrology Lands (Gemini) - Traditional Foil Edition — Foil Edition,1
historical_performance.csv,name,canonical_product_name,Drop: Secretversary Superdrop 2023: Holiday Gift Bag Bundle - Foil Edition — Foil Edition,1
historical_performance.csv,name,canonical_product_name,Drop: Burn ‘Em All Bundle - Non-Foil Edition — Nonfoil Edition,1
historical_performance.csv,name,canonical_product_name,Drop: Inside an Elevator Superdrop: Brain Dead Bundle - Non-Foil Edition — Nonfoil Edition,1
historical_performance.csv,name,canonical_product_name,Commander Deck: 20 Ways to Win — Standard Edition,1
historical_performance.csv,name,canonical_product_name,x NALAC Drop: Nuestra Magia — Nonfoil Edition,1
historical_performance.csv,name,canonical_product_name,Drop: Camp Totally Safe Superdrop: Night Swim Bundle - Non-Foil Edition — Nonfoil Edition,1
historical_performance.csv,name,canonical_product_name,Drop: Trick or Treat - Non-Foil Edition — Nonfoil Edition,1
historical_performance.csv,name,canonical_product_name,Drop: The Eyes Have It - Non-Foil Edition — Nonfoil Edition,1
historical_performance.csv,name,canonical_product_name,Drop: More Adventures in Middle-earth - Traditional Foil Edition — Foil Edition,1
historical_performance.csv,name,canonical_product_name,Drop: Two Scoops - The Vanilla Sampler Bundle — Standard Edition,1
historical_performance.csv,name,canonical_product_name,Drop: Featuring: Jay Howell - Non-Foil Edition — Nonfoil Edition,1
historical_performance.csv,name,canonical_product_name,Drop: Artist Series: Victor Adame Minguez - Non-Foil Edition — Nonfoil Edition,1
historical_performance.csv,name,canonical_product_name,"Drop: Summer Superdrop - Mountain, Go - Traditional Foil Edition — Foil Edition",1
historical_performance.csv,name,canonical_product_name,x Fallout: Rad Superdrop: The Atomic-Grade Foil Bundle — Foil Edition,1
historical_performance.csv,name,canonical_product_name,x Uncharted - Non-Foil Edition — Nonfoil Edition,1
historical_performance.csv,name,canonical_product_name,Drop: Summer Superdrop 2025 - Artist Series: Phil Foglio (Rainbow Foil Edition) — Foil Edition,1
historical_performance.csv,name,canonical_product_name,Drop: Artist Series: Nils Hamm - Traditional Foil Edition — Foil Edition,1
historical_performance.csv,name,canonical_product_name,Drop: Secret Lair x Jurassic World: Dr. Ian Malcolm - Rainbow Foil Edition — Foil Edition,1
historical_performance.csv,name,canonical_product_name,Drop: The Space Beyond the Stars - Non-Foil Edition — Nonfoil Edition,1
historical_performance.csv,name,canonical_product_name,Drop: Magic: The Baseballing - Traditional Foil Edition — Foil Edition,1
historical_performance.csv,name,canonical_product_name,Drop: Featuring: Kevin Eastman (Colors) - Traditional Foil Edition — Foil Edition,1
historical_performance.csv,name,canonical_product_name,x Sonic the Hedgehog Superdrop: Chasing Adventure (Rainbow Foil) — Foil Edition,1
historical_performance.csv,name,canonical_product_name,x Avatar: The Last Airbender: Everything Changed - Rainbow Foil Edition — Foil Edition,1
historical_performance.csv,name,canonical_product_name,Drop: Secretversary Superdrop - Happy Little Gathering Foil Edition - Traditional Foil Edition — Foil Edition,1
historical_performance.csv,name,canonical_product_name,Drop: Dan Frazier Is Back Again: The Enemy Talismans - Non-Foil Edition — Nonfoil Edition,1
historical_performance.csv,name,canonical_product_name,Drop: Second Secretversary Bundle - Non-Foil Edition — Nonfoil Edition,1
historical_performance.csv,name,canonical_product_name,Drop: February Superdrop - Pictures of the Floating World - Traditional Foil Edition — Foil Edition,1
historical_performance.csv,name,canonical_product_name,Drop: Our Boss is on Vacation Superdrop: Biggest. Bundle. Ever. Bundle — Standard Edition,1
historical_performance.csv,name,canonical_product_name,Drop: Outlaw Anthology Vol. 2: Sinister Scoundrels - Non-Foil Edition — Nonfoil Edition,1
historical_performance.csv,name,canonical_product_name,Drop: Secret Scare Superdrop: The Ay-loh Tee-wee-lah Confetti Foil Bundle — Foil Edition,1
historical_performance.csv,name,canonical_product_name,Drop: Astrology Lands (Capricorn) - Traditional Foil Edition — Foil Edition,1
historical_performance.csv,name,canonical_product_name,Drop: LOOK AT THE KITTIES - Traditional Foil Edition — Foil Edition,1
historical_performance.csv,name,canonical_product_name,Drop: Ssssssnakessssss - Traditional Foil Edition — Foil Edition,1
historical_performance.csv,name,canonical_product_name,Drop: Showcase: Midnight Hunt - Non-Foil Edition — Nonfoil Edition,1
historical_performance.csv,name,canonical_product_name,Drop: Secret Lair x Fortnite: Landmarks and Locations - Traditional Foil Edition — Foil Edition,1
historical_performance.csv,name,canonical_product_name,Drop: Post Malone Bundle — Standard Edition,1
historical_performance.csv,name,canonical_product_name,Drop: City Styles - Non-Foil Edition — Nonfoil Edition,1
historical_performance.csv,name,canonical_product_name,Drop: Secret Lair x Creepshow - Non-Foil Edition — Nonfoil Edition,1
historical_performance.csv,name,canonical_product_name,Drop: Li'l Giri Saves the Day - Traditional Foil Edition — Foil Edition,1
historical_performance.csv,name,canonical_product_name,Drop: December Superdrop Foil Bundle — Foil Edition,1
historical_performance.csv,name,canonical_product_name,Drop: Secret Lair x Dwarf Fortress: Create New World - Traditional Foil Edition — Foil Edition,1
historical_performance.csv,name,canonical_product_name,Drop: Artist Series: Jesper Ejsing - Rainbow Foil Edition — Foil Edition,1
historical_performance.csv,name,canonical_product_name,Drop: Dungeons & Dragons 50th Anniversary: Loot the Room with Everything Bundle — Standard Edition,1
historical_performance.csv,name,canonical_product_name,Drop: Showcase: Read The Fine Print - Non-Foil Edition — Nonfoil Edition,1
historical_performance.csv,name,canonical_product_name,Drop: Showcase: Thrilling Tales of the Undead - Traditional Foil Edition — Foil Edition,1
historical_performance.csv,name,canonical_product_name,Drop: Summer Superdrop 2025 - The Complete FINAL FANTASY Bundle — Standard Edition,1
historical_performance.csv,name,canonical_product_name,Drop: The Stars Gaze Back - Traditional Foil Edition — Foil Edition,1
historical_performance.csv,name,canonical_product_name,Drop: Showcase: Duskmourn - Non-Foil Edition — Nonfoil Edition,1
historical_performance.csv,name,canonical_product_name,Drop: Featuring: the Mountain Goats - Non-Foil Edition — Nonfoil Edition,1
historical_performance.csv,name,canonical_product_name,x Furby: The Gathering - Rainbow Foil Edition — Foil Edition,1
historical_performance.csv,name,canonical_product_name,Drop: Astrology Lands (Leo) - Traditional Foil Edition — Foil Edition,1
historical_performance.csv,name,canonical_product_name,Drop: Seeing Visions - Traditional Foil Version — Foil Edition,1
historical_performance.csv,name,canonical_product_name,Superdrop: Culture Shocks: Grixis - Non-Foil Edition — Nonfoil Edition,1
historical_performance.csv,name,canonical_product_name,Drop: Secret Scare Superdrop: The Gonna Need a Bigger Boat Everything Bundle — Standard Edition,1
historical_performance.csv,name,canonical_product_name,Drop: Secret Lair x The Princess Bride - Non-Foil Edition — Nonfoil Edition,1
historical_performance.csv,name,canonical_product_name,Drop: Artist Series: Magali Villeneuve - Traditional Foil Edition — Foil Edition,1
historical_performance.csv,name,canonical_product_name,Drop: Our Boss is on Vacation Superdrop: Spongebob Squarepants: Lands Under the Sea - Non-Foil Edition — Nonfoil Edition,1
historical_performance.csv,name,canonical_product_name,Drop: April Superdrop - The Bundle Bundle — Standard Edition,1
historical_performance.csv,name,canonical_product_name,Drop: Our Boss is on Vacation Superdrop: Twisted Toons - Non-Foil Edition — Nonfoil Edition,1
historical_performance.csv,name,canonical_product_name,Drop: Extra Life 2022 - Traditional Foil Edition — Foil Edition,1
historical_performance.csv,name,canonical_product_name,Drop: Special Guest: Junji Ito (English) - Foil Etched Edition — Foil Edition,1
historical_performance.csv,name,canonical_product_name,Superdrop: The World's Non-foil-est Bundle — Nonfoil Edition,1
historical_performance.csv,name,canonical_product_name,Drop: Camp Totally Safe Superdrop: The Cabin with Everything Bundle — Standard Edition,1
historical_performance.csv,name,canonical_product_name,Back to School Superdrop: Ready For Rollcall Non-Foil Bundle — Nonfoil Edition,1
historical_performance.csv,name,canonical_product_name,x FINAL FANTASY: Game Over - Non-Foil Edition — Nonfoil Edition,1
historical_performance.csv,name,canonical_product_name,Superdrop: Culture Shocks: Jund - Non-Foil Edition — Nonfoil Edition,1
historical_performance.csv,name,canonical_product_name,Astrology Lands (Pisces) - Traditional Foil Edition — Foil Edition,1
historical_performance.csv,name,canonical_product_name,Drop: Happy Yargle Day! - Non-Foil Edition — Nonfoil Edition,1
historical_performance.csv,name,canonical_product_name,x Fallout: Rad Superdrop: The Built To Last Everything Bundle — Standard Edition,1
historical_performance.csv,name,canonical_product_name,Drop: Theros Stargazing Bundle: Vol. I-V - Traditional Foil Edition — Foil Edition,1
historical_performance.csv,name,canonical_product_name,Drop: February Superdrop - Shades Not Included - Non-Foil Edition — Nonfoil Edition,1
historical_performance.csv,name,canonical_product_name,Drop: Kaleidoscope Killers - Traditional Foil Edition — Foil Edition,1
historical_performance.csv,name,canonical_product_name,Drop: Secret Lair x Marvel's Spider-Man: Venom Unleashed (Colors) - Rainbow Foil Edition — Foil Edition,1
historical_performance.csv,name,canonical_product_name,Drop: Summer Superdrop - Can You Feel with a Heart of Steel? - Traditional Foil Edition — Foil Edition,1
historical_performance.csv,name,canonical_product_name,Drop: The Strange Sands: Plains - Rainbow Foil Edition — Foil Edition,1
historical_performance.csv,name,canonical_product_name,Drop: Secret Lair x Arcane: Lands - Non-Foil Edition — Nonfoil Edition,1
historical_performance.csv,name,canonical_product_name,Drop: More Borderless Planeswalkers (WPN Exclusive) - Traditional Foil Edition — Foil Edition,1
historical_performance.csv,name,canonical_product_name,x Iron Maiden: Eddie Unchained - Non-Foil Edition — Nonfoil Edition,1
historical_performance.csv,name,canonical_product_name,Drop: Roll for Initiative Superdrop: The All Dice Cast Bundle — Standard Edition,1
historical_performance.csv,name,canonical_product_name,Drop: Artist Series: Alayna Danner - Traditional Foil Edition — Foil Edition,1
historical_performance.csv,name,canonical_product_name,x Furby: The Oddbodies - Non-Foil Edition — Nonfoil Edition,1
historical_performance.csv,name,canonical_product_name,Drop: Summer Superdrop 2025 - The English FINAL FANTASY Bundle — Standard Edition,1
historical_performance.csv,name,canonical_product_name,Drop: Featuring: Andrew Maclean - Rainbow Foil Edition — Foil Edition,1
historical_performance.csv,name,canonical_product_name,Drop: Featuring: Kevin Eastman (Inks) - Traditional Foil Edition — Foil Edition,1
historical_performance.csv,name,canonical_product_name,Drop: Secret Lair x The Evil Dead - Traditional Foil Edition — Foil Edition,1
historical_performance.csv,name,canonical_product_name,Drop: Spring Superdrop 2024: Spring Into Action Bundle - Non-Foil Edition — Nonfoil Edition,1
historical_performance.csv,name,canonical_product_name,Astrology Lands (Aries) Bundle - Non-Foil Edition — Nonfoil Edition,1
historical_performance.csv,name,canonical_product_name,Drop: Summer Superdrop 2024: The Stage with Everything Bundle — Standard Edition,1
historical_performance.csv,name,canonical_product_name,Drop: Prismatic Nightmares - Rainbow Foil Edition — Foil Edition,1
historical_performance.csv,name,canonical_product_name,x FINAL FANTASY: Gilded Lotus - Rainbow Foil Edition — Foil Edition,1
historical_performance.csv,name,canonical_product_name,Drop: Secretversary Superdrop 2023: Lara Croft's Adventuring Bundle - Non-Foil Edition — Nonfoil Edition,1
historical_performance.csv,name,canonical_product_name,Drop: Secret Lair x Arcane - Non-Foil Edition — Nonfoil Edition,1
historical_performance.csv,name,canonical_product_name,Drop: Showcase: The Lost Caverns of Ixalan - Non-Foil Edition — Nonfoil Edition,1
historical_performance.csv,name,canonical_product_name,Drop: Camp Totally Safe Superdrop: The Cabin with Non-Foils Bundle — Nonfoil Edition,1
historical_performance.csv,name,canonical_product_name,Drop: Showcase: March of the Machine Vol. 3 - Halo Foil Edition — Foil Edition,1
historical_performance.csv,name,canonical_product_name,Drop: Secret Lair x Teenage Mutant Ninja Turtles: The Last Ronin - Traditional Foil Edition — Foil Edition,1
historical_performance.csv,name,canonical_product_name,Drop: Equinox Superdrop 2024: Fallout Bundle - Foil Edition — Foil Edition,1
historical_performance.csv,name,canonical_product_name,Drop: Seven In Heaven Bundle — Standard Edition,1
historical_performance.csv,name,canonical_product_name,Drop: Welcome to Castle Dracula - Traditional Foil Edition — Foil Edition,1
historical_performance.csv,name,canonical_product_name,Drop: Cats of Chaos - Traditional Foil Edition — Foil Edition,1
historical_performance.csv,name,canonical_product_name,Drop: Inked - Rainbow Foil Edition — Foil Edition,1
historical_performance.csv,name,canonical_product_name,Drop: Featuring: Peach Momoko - Non-Foil Edition — Nonfoil Edition,1
historical_performance.csv,name,canonical_product_name,x Avatar: The Last Airbender: A Lot To Learn - Non-Foil Edition — Nonfoil Edition,1
historical_performance.csv,name,canonical_product_name,x Horizon: Into the Forbidden West - Non-Foil Edition — Nonfoil Edition,1
historical_performance.csv,name,canonical_product_name,Drop: The Stars Gaze Back - Non-Foil Edition — Nonfoil Edition,1
historical_performance.csv,name,canonical_product_name,Drop: Artist Series: Kieran Yanner - Rainbow Foil Edition — Foil Edition,1
historical_performance.csv,name,canonical_product_name,Drop: Legendary Flyers (Not That Kind) - Traditional Foil Edition — Foil Edition,1
historical_performance.csv,name,canonical_product_name,Commander Deck: From Cute to Brute — Standard Edition,1
historical_performance.csv,name,canonical_product_name,Drop: Adventures of the Little Witch - Rainbow Foil Edition — Foil Edition,1
historical_performance.csv,name,canonical_product_name,Drop: Meditations on Nature - Non-Foil Edition — Nonfoil Edition,1
historical_performance.csv,name,canonical_product_name,Drop: Secret Lair Drop: Extra Life 2021- Non-Foil Edition — Nonfoil Edition,1
historical_performance.csv,name,canonical_product_name,Drop: Artist Series: Magali Villeneuve - Non-Foil Edition — Nonfoil Edition,1
historical_performance.csv,name,canonical_product_name,Drop: Secret Lair x Felix the Cat: Magic Bag of Tricks - Traditional Foil Edition — Foil Edition,1
historical_performance.csv,name,canonical_product_name,Drop: Featuring: Stan Sakai - Non-Foil Edition — Nonfoil Edition,1
historical_performance.csv,name,canonical_product_name,Roadshow Edition: Burning Revelations - Rainbow Foil Edition — Foil Edition,1
historical_performance.csv,name,canonical_product_name,Drop: Secret Lair x Dungeons & Dragons: Death is in the Eyes of the Beholder I - Non-Foil Edition — Nonfoil Edition,1
historical_performance.csv,name,canonical_product_name,Drop: Secret Lair x The Evil Dead - Non-Foil Edition — Nonfoil Edition,1
historical_performance.csv,name,canonical_product_name,Drop: Summer Superdrop 2024: Virtuoso Bundle - Foil Edition — Foil Edition,1
historical_performance.csv,name,canonical_product_name,Drop: Artist Series: Mark Poole - Non-Foil Edition — Nonfoil Edition,1
historical_performance.csv,name,canonical_product_name,Drop: The Prophets Predicted Bundle - Non-Foil Edition — Nonfoil Edition,1
historical_performance.csv,name,canonical_product_name,Drop: The Unfathomable Crushing Brutality of Basic Lands - Traditional Foil Edition — Foil Edition,1
historical_performance.csv,name,canonical_product_name,"Drop: June Superdrop - Non-stop, Non-Foil Bundle — Nonfoil Edition",1
historical_performance.csv,name,canonical_product_name,Drop: Astrology Lands (Virgo) Bundle - Non-Foil Edition — Nonfoil Edition,1
historical_performance.csv,name,canonical_product_name,Drop: February Superdrop - Secret Lair x Street Fighter - Non-Foil Edition — Nonfoil Edition,1
historical_performance.csv,name,canonical_product_name,Drop: Showcase: Zendikar Revisited - Traditional Foil Edition — Foil Edition,1
historical_performance.csv,name,canonical_product_name,Drop: Our Boss is on Vacation Superdrop: Cover the Boss's Office with Everything Bundle — Standard Edition,1
historical_performance.csv,name,canonical_product_name,x Sonic the Hedgehog Superdrop: Friends & Foes — Nonfoil Edition,1
historical_performance.csv,name,canonical_product_name,"Drop: The Meaning of Life, Maybe - Non-Foil Edition — Nonfoil Edition",1
historical_performance.csv,name,canonical_product_name,Drop: Showcase: Outlaws of Thunder Junction - Non-Foil Edition — Nonfoil Edition,1
historical_performance.csv,name,canonical_product_name,Drop: Secret Lair x Ghostbusters: The Real Ghostbusters - Rainbow Foil Edition — Foil Edition,1
historical_performance.csv,name,canonical_product_name,Drop: Imaginary Friends - Traditional Foil Edition — Foil Edition,1
historical_performance.csv,name,canonical_product_name,Drop: Crocodile Jackson's Monstrous Menagerie - Non-Foil Edition — Nonfoil Edition,1
historical_performance.csv,name,canonical_product_name,Drop: Secret Lair x Dungeons & Dragons: Strahd’s Descent - Non-Foil Edition — Nonfoil Edition,1
historical_performance.csv,name,canonical_product_name,"Drop: Secretversary Superdrop - No Foils, No Nonsense Bundle — Foil Edition",1
historical_performance.csv,name,canonical_product_name,Drop: Secret Lair x Fallout: Beyond Vault 33 - Non-Foil Edition — Nonfoil Edition,1
historical_performance.csv,name,canonical_product_name,Drop: Teferi's Time Trouble - Non-Foil Edition — Nonfoil Edition,1
historical_performance.csv,name,canonical_product_name,Drop: Aether Drifters - Traditional Foil Edition — Foil Edition,1
historical_performance.csv,name,canonical_product_name,Drop: Absolute Annihilation - Traditional Foil Edition — Foil Edition,1
historical_performance.csv,name,canonical_product_name,Drop: Showcase: Zendikar Revisited - Non-Foil Edition — Nonfoil Edition,1
historical_performance.csv,name,canonical_product_name,Drop: Artist Series: Jesper Ejsing - Non-Foil Edition — Nonfoil Edition,1
historical_performance.csv,name,canonical_product_name,Drop: Special Guest: Fiona Staples - Traditional Foil Edition — Foil Edition,1
historical_performance.csv,name,canonical_product_name,x Playstation Superdrop: Non-Foil Trophy Bundle — Nonfoil Edition,1
historical_performance.csv,name,canonical_product_name,x Chaos Vault Drop: Alien Auroras (Galaxy Foil) — Foil Edition,1
historical_performance.csv,name,canonical_product_name,Drop: Dreaming Darkly - Rainbow Foil Edition — Foil Edition,1
historical_performance.csv,name,canonical_product_name,Full Bundle — Standard Edition,1
historical_performance.csv,name,canonical_product_name,Drop: Winter Superdrop 2025: Trail-Ready Non-Foils Bundle — Nonfoil Edition,1
historical_performance.csv,name,canonical_product_name,Roadshow Edition: Li'l Giri Saves the Day - Traditional Foil Edition — Foil Edition,1
historical_performance.csv,name,canonical_product_name,Drop: Trick or Treat - Rainbow Foil Edition — Foil Edition,1
historical_performance.csv,name,canonical_product_name,Drop: Winter Superdrop 2025: Campfire Merriment Bundle - Foil Edition — Foil Edition,1
historical_performance.csv,name,canonical_product_name,Drop: Spring Superdrop 2024: Everything is Blooming Bundle — Standard Edition,1
historical_performance.csv,name,canonical_product_name,Drop: Summer Superdrop 2024: Virtuoso Bundle - Non-Foil Edition — Nonfoil Edition,1
historical_performance.csv,name,canonical_product_name,Reality Fracture - Secret Lair Bundle Case — Standard Edition,1
historical_performance.csv,name,canonical_product_name,Drop: Secret Lair x Marvel's Storm - Rainbow Foil Edition — Foil Edition,1
historical_performance.csv,name,canonical_product_name,x Chaos Vault Drop: Featuring: Deathburger (Galaxy Foil) — Foil Edition,1
historical_performance.csv,name,canonical_product_name,Drop: Secretversary Superdrop 2023: Goodie Bag Loaded with Foils Bundle — Foil Edition,1
historical_performance.csv,name,canonical_product_name,Drop: Inside an Elevator Superdrop: Awkward Small Talk Bundle - Foil Edition — Foil Edition,1
historical_performance.csv,name,canonical_product_name,Drop: Li'l'est Walkers - Rainbow Foil Edition — Foil Edition,1
historical_performance.csv,name,canonical_product_name,Astrology Lands (Taurus) Bundle - Traditional Foil Edition — Foil Edition,1
historical_performance.csv,name,canonical_product_name,Drop: Secret Lair x Dungeons & Dragons: Black Lights & Dark Dungeons - Non-Foil Edition — Nonfoil Edition,1
historical_performance.csv,name,canonical_product_name,Drop: Secret Lair x My Little Pony: The Lands of Equestria - Non-Foil Edition — Nonfoil Edition,1
historical_performance.csv,name,canonical_product_name,Drop: Secret Lair x Teenage Mutant Ninja Turtles: The Last Ronin - Non-Foil Edition — Nonfoil Edition,1
historical_performance.csv,name,canonical_product_name,Drop: Transformers: Roll Out or Rise Up - Non-Foil Edition — Nonfoil Edition,1
historical_performance.csv,name,canonical_product_name,Drop: Dogs Are Better Than Cats - Rainbow Foil Edition — Foil Edition,1
historical_performance.csv,name,canonical_product_name,Drop: Totally TubuLair Superdrop: Totally Tubulair! Everything Bundle — Standard Edition,1
historical_performance.csv,name,canonical_product_name,Ponies: The Galloping 2: Extra Life 2023 - Traditional Foil Edition — Foil Edition,1
historical_performance.csv,name,canonical_product_name,Drop: Secret Lair x Dungeons & Dragons: Shadows Over Baldur’s Gate - Non-Foil Edition — Nonfoil Edition,1
historical_performance.csv,name,canonical_product_name,Commander Deck: Goblin Storm — Standard Edition,1
historical_performance.csv,name,canonical_product_name,Drop: Secret Lair x Creepshow - Traditional Foil Edition — Foil Edition,1
historical_performance.csv,name,canonical_product_name,Drop: Our Boss is on Vacation Superdrop: Secret Lair High Class of '87 - Non-Foil Edition — Nonfoil Edition,1
historical_performance.csv,name,canonical_product_name,Drop: Secret Lair x Marvel's Deadpool - Non-Foil Edition — Nonfoil Edition,1
historical_performance.csv,name,canonical_product_name,Drop: Theros Stargazing: Vol.III (Erebos) - Traditional Foil Edition — Foil Edition,1
historical_performance.csv,name,canonical_product_name,x Sonic the Hedgehog Superdrop: Super Sonic Bundle — Nonfoil Edition,1
historical_performance.csv,name,canonical_product_name,Drop: Imaginary Friends - Non-Foil Edition — Nonfoil Edition,1
historical_performance.csv,name,canonical_product_name,Drop: Theros Stargazing: Vol.V (Nylea) - Traditional Foil Edition — Foil Edition,1
historical_performance.csv,name,canonical_product_name,Drop: Our Boss is on Vacation Superdrop: Spongebob Squarepants Bundle - Rainbow Foil Edition — Foil Edition,1
historical_performance.csv,name,canonical_product_name,Drop: Spring Superdrop 2024: All The Foils Are Blooming Bundle — Foil Edition,1
historical_performance.csv,name,canonical_product_name,Drop: Summer Superdrop - Ornithological Studies - Non-Foil Edition — Nonfoil Edition,1
historical_performance.csv,name,canonical_product_name,Drop: Summer Superdrop 2024: The Stage with Foils Bundle — Foil Edition,1
historical_performance.csv,name,canonical_product_name,Drop: Secret Lair x Stranger Things - Traditional Foil Edition — Foil Edition,1
historical_performance.csv,name,canonical_product_name,x Furby: Doo-ay Noo-lah - Rainbow Foil Edition — Foil Edition,1
historical_performance.csv,name,canonical_product_name,Drop: Secret Lair x Fortnite - Non-Foil Edition — Nonfoil Edition,1
historical_performance.csv,name,canonical_product_name,Drop: Summer Superdrop 2025 - The Summer Superdrop Bundle (Rainbow Foil Edition) — Foil Edition,1
historical_performance.csv,name,canonical_product_name,Drop: Tales of the Time Stoppers - Rainbow Foil Edition — Foil Edition,1
historical_performance.csv,name,canonical_product_name,Drop: Welcome to Castle Dracula - Non-Foil Edition — Nonfoil Edition,1
historical_performance.csv,name,canonical_product_name,Astrology Lands (Taurus) - Non-Foil Edition — Nonfoil Edition,1
historical_performance.csv,name,canonical_product_name,Drop: Lorwyn Lightboxes - Rainbow Foil Edition — Foil Edition,1
historical_performance.csv,name,canonical_product_name,Drop: OMG KITTIES! - Traditional Foil Edition — Foil Edition,1
historical_performance.csv,name,canonical_product_name,Drop: Fill My Cauldron with Dr. Who Bundle — Standard Edition,1
historical_performance.csv,name,canonical_product_name,Drop: Showcase: Read The Fine Print - Foil Etched Edition — Foil Edition,1
historical_performance.csv,name,canonical_product_name,Festival in a Box Philadelphia 2023 Bundle — Standard Edition,1
historical_performance.csv,name,canonical_product_name,Drop: February Superdrop - Kamigawa: the Manga: the Cards - Non-Foil Edition — Nonfoil Edition,1
historical_performance.csv,name,canonical_product_name,Drop: KEXP: Where the Music Matters - Non-Foil Edition — Nonfoil Edition,1
historical_performance.csv,name,canonical_product_name,Drop: All-Natural - Foil — Foil Edition,1
historical_performance.csv,name,canonical_product_name,Drop: Artist Series: Kieran Yanner - Non-Foil Edition — Nonfoil Edition,1
historical_performance.csv,name,canonical_product_name,x Play-Doh: Squishful Thinking: Extra Life 2025 - Rainbow Foil Edition — Foil Edition,1
historical_performance.csv,name,canonical_product_name,Drop: Fill My Cauldron with Almost Everything Bundle — Standard Edition,1
historical_performance.csv,name,canonical_product_name,Drop: Featuring: Kevin Eastman (Inks) - Non-Foil Edition — Nonfoil Edition,1
historical_performance.csv,name,canonical_product_name,Drop: Astrology Lands (Aquarius) Bundle - Non-Foil Edition — Nonfoil Edition,1
historical_performance.csv,name,canonical_product_name,Drop: Secret Lair x Fallout: Promo - Silver Shroud Costume - Traditional Foil Edition — Foil Edition,1
historical_performance.csv,name,canonical_product_name,x Chaos Vault Drop: Commander Reinforcements Counter Intelligence Bundle — Standard Edition,1
historical_performance.csv,name,canonical_product_name,Drop: Artist Series: Ryan Alexander Lee - Non-Foil Edition — Nonfoil Edition,1
historical_performance.csv,name,canonical_product_name,Drop: Secret Lair x Dungeons & Dragons: Whispers in Candlekeep - Foil Edition — Foil Edition,1
historical_performance.csv,name,canonical_product_name,Drop: Summer Superdrop 2024: Hatsune Miku: Digital Sensation Bundle — Standard Edition,1
historical_performance.csv,name,canonical_product_name,Drop: Featuring: the Mountain Goats - Traditional Foil Edition — Foil Edition,1
historical_performance.csv,name,canonical_product_name,x The Last of Us Part I - Non-Foil Edition — Nonfoil Edition,1
historical_performance.csv,name,canonical_product_name,Drop: Secret Lair x Marvel's Deadpool - Rainbow Foil Edition — Foil Edition,1
historical_performance.csv,name,canonical_product_name,Drop: Camp Totally Safe Superdrop: Night Swim Bundle - Foil Edition — Foil Edition,1
historical_performance.csv,name,canonical_product_name,Drop: Secret Lair x Monty Python: Monty Python and the Holy Grail: Vol. 1 - Traditional Foil Edition — Foil Edition,1
historical_performance.csv,name,canonical_product_name,Drop: Secret Lair x Doctor Who: Regeneration - Non-Foil Edition — Nonfoil Edition,1
historical_performance.csv,name,canonical_product_name,Drop: Transformers: Optimus Prime Vs. Megatron - Non-Foil Edition — Nonfoil Edition,1
historical_performance.csv,name,canonical_product_name,Drop: Paradise Frost - Non-Foil Edition — Nonfoil Edition,1
historical_performance.csv,name,canonical_product_name,Drop: February Superdrop - Pictures of the Floating World - Non-Foil Edition — Nonfoil Edition,1
historical_performance.csv,name,canonical_product_name,Drop: Summer Superdrop 2024: The Stage with Non-Foils Bundle — Nonfoil Edition,1
historical_performance.csv,name,canonical_product_name,Drop: Equinox Superdrop 2024: Fallout Bundle - Non-Foil Edition — Nonfoil Edition,1
historical_performance.csv,name,canonical_product_name,Drop: Our Boss is on Vacation Superdrop: Garden Buds - Rainbow Foil Edition — Foil Edition,1
historical_performance.csv,name,canonical_product_name,Drop: Winter Superdrop 2024: All the Savory Non-Foils Bundle — Nonfoil Edition,1
historical_performance.csv,name,canonical_product_name,Drop: Purr Majesty - Traditional Foil Edition — Foil Edition,1
historical_performance.csv,name,canonical_product_name,Drop: Just Add Milk - Non-Foil Edition — Nonfoil Edition,1
historical_performance.csv,name,canonical_product_name,Drop: Secret Lair x Doctor Who: The Dalek Lands - Traditional Foil Edition — Foil Edition,1
historical_performance.csv,name,canonical_product_name,x FINAL FANTASY: Grimoire - Rainbow Foil Edition — Foil Edition,1
historical_performance.csv,name,canonical_product_name,Drop: Artist Series: Wayne Reynolds - Non-Foil Edition — Nonfoil Edition,1
historical_performance.csv,name,canonical_product_name,Drop: Artist Series: Livia Prima - Non-Foil Edition — Nonfoil Edition,1
historical_performance.csv,name,canonical_product_name,Drop: Secret Lair x Brain Dead: Creatures - Non-Foil Edition — Nonfoil Edition,1
historical_performance.csv,name,canonical_product_name,Drop: Dreaming Darkly - Non-Foil Edition — Nonfoil Edition,1
historical_performance.csv,name,canonical_product_name,Drop: Dan Frazier Is Back Again: The Enemy Talismans - Foil Etched Edition — Foil Edition,1
historical_performance.csv,name,canonical_product_name,x Sonic the Hedgehog Superdrop: Sonic 100% Complete Bundle — Standard Edition,1
historical_performance.csv,name,canonical_product_name,Drop: Secret Lair x Garfield: Motivationally Challenged - Non-Foil Edition — Nonfoil Edition,1
historical_performance.csv,name,canonical_product_name,Drop: Marvel Superdrop: The Heroic Everything Bundle — Standard Edition,1
historical_performance.csv,name,canonical_product_name,Drop: Artist Series: Chris Rahn - Traditional Foil Edition — Foil Edition,1
historical_performance.csv,name,canonical_product_name,Drop: It's Raining Foils And Non-Foils Bundle — Nonfoil Edition,1
historical_performance.csv,name,canonical_product_name,Drop: Valentine's Day 2021 - Replacement Heliod Pack - Non-Foil Edition — Nonfoil Edition,1
historical_performance.csv,name,canonical_product_name,Drop: Special Guest: Yoji Shinkawa (English) - Non-Foil Edition — Nonfoil Edition,1
historical_performance.csv,name,canonical_product_name,Drop: sAnS mERcY - Non-Foil Edition — Nonfoil Edition,1
historical_performance.csv,name,canonical_product_name,Drop: Welcome to the Fungal - Non-Foil Edition — Nonfoil Edition,1
historical_performance.csv,name,canonical_product_name,x Ghost of Tsushima - Rainbow Foil Edition — Foil Edition,1
historical_performance.csv,name,canonical_product_name,Drop: Astrology Lands (Libra) Bundle - Non-Foil Edition — Nonfoil Edition,1
historical_performance.csv,name,canonical_product_name,Drop: Two Scoops - Double Chocolate Bundle — Standard Edition,1
historical_performance.csv,name,canonical_product_name,Drop: Hard-Boiled Thrillers - Non-Foil Edition — Nonfoil Edition,1
historical_performance.csv,name,canonical_product_name,Drop: The '90s Binder Experience - Non-Foil Edition — Nonfoil Edition,1
historical_performance.csv,name,canonical_product_name,Drop: Toby's Journey By Gary Baseman - Traditional Foil Edition — Foil Edition,1
historical_performance.csv,name,canonical_product_name,Drop: Secret Lair x My Little Pony: Friendship is Magic - Non-Foil Edition — Nonfoil Edition,1
historical_performance.csv,name,canonical_product_name,Drop: Summer Superdrop 2025 - Featuring: Imiri Sakabashira (Non-Foil Edition) — Nonfoil Edition,1
historical_performance.csv,name,canonical_product_name,Drop: Equinox Superdrop 2024: Sunlight and Moonbeams Bundle - Non-Foil Edition — Nonfoil Edition,1
historical_performance.csv,name,canonical_product_name,Drop: Phyrexian Praetors: Compleat Edition - Traditional Foil Edition — Foil Edition,1
historical_performance.csv,name,canonical_product_name,Drop: Our Boss is on Vacation Superdrop: Tragic Romance - Rainbow Foil Edition — Foil Edition,1
historical_performance.csv,name,canonical_product_name,Drop: Cats Are Better Than Dogs - Rainbow Foil Edition — Foil Edition,1
historical_performance.csv,name,canonical_product_name,Drop: The '90s Binder Experience - Traditional Foil Edition — Foil Edition,1
historical_performance.csv,name,canonical_product_name,Drop: The Art of Frank Frazetta - Non-Foil Edition — Nonfoil Edition,1
historical_performance.csv,name,canonical_product_name,Drop: Secretversary Superdrop 2023: Goodie Bag Loaded with Non-Foils Bundle — Nonfoil Edition,1
historical_performance.csv,name,canonical_product_name,Astrology Lands (Pisces) Bundle - Non-Foil Edition — Nonfoil Edition,1
historical_performance.csv,name,canonical_product_name,x Warhammer Age of Sigmar - Non-Foil Edition — Nonfoil Edition,1
historical_performance.csv,name,canonical_product_name,Drop: Artist Series: Rebecca Guay - Traditional Foil Edition — Foil Edition,1
historical_performance.csv,name,canonical_product_name,Drop: Secret Lair x Brain Dead: Creatures - Rainbow Foil Edition — Foil Edition,1
historical_performance.csv,name,canonical_product_name,Drop: Mycosynthwave - Non-Foil Edition — Nonfoil Edition,1
historical_performance.csv,name,canonical_product_name,Drop: Winter Superdrop 2024: Dark Mysteries Bundle - Non-Foil Edition — Nonfoil Edition,1
historical_performance.csv,name,canonical_product_name,Drop: Secret Lair x My Little Pony: The Lands of Equestria - Traditional Foil Edition — Foil Edition,1
historical_performance.csv,name,canonical_product_name,Drop: Draw Your Hand - Traditional Foil Edition — Foil Edition,1
historical_performance.csv,name,canonical_product_name,Drop: KEXP: You Are Not Alone - Rainbow Foil Edition — Foil Edition,1
historical_performance.csv,name,canonical_product_name,Drop: Astrology Lands (Aquarius) Bundle - Traditional Foil Edition — Foil Edition,1
historical_performance.csv,name,canonical_product_name,Drop: Li'l'est Walkers - Non-Foil Edition — Nonfoil Edition,1
historical_performance.csv,name,canonical_product_name,Drop: June Superdrop - The Bundle Bundle — Standard Edition,1
historical_performance.csv,name,canonical_product_name,x Playstation Superdrop: Platinum Trophy Bundle — Standard Edition,1
historical_performance.csv,name,canonical_product_name,Drop: Summer Superdrop 2025 - The Summer Superdrop Everything Bundle — Standard Edition,1
historical_performance.csv,name,canonical_product_name,Drop: Artist Series: Alayna Danner - Non-Foil Edition — Nonfoil Edition,1
historical_performance.csv,name,canonical_product_name,Drop: Secret Lair x Brain Dead: Lands - Rainbow Foil Edition — Foil Edition,1
historical_performance.csv,name,canonical_product_name,Drop: Nature is Adorable - Traditional Foil Edition — Foil Edition,1
historical_performance.csv,name,canonical_product_name,Drop: Winter Superdrop 2024: Dark Mysteries Bundle - Foil Edition — Foil Edition,1
historical_performance.csv,name,canonical_product_name,Drop: Big Foil Bundle — Foil Edition,1
historical_performance.csv,name,canonical_product_name,Drop: Secret Lair Promo: Sol Ring - Rainbow Foil Edition — Foil Edition,1
historical_performance.csv,name,canonical_product_name,Drop: Saturday Morning D&D - Non-Foil Edition — Nonfoil Edition,1
historical_performance.csv,name,canonical_product_name,x The Office: Dwight's Destiny - Non-Foil Edition — Nonfoil Edition,1
historical_performance.csv,name,canonical_product_name,Drop: Secret Lair x Hatsune Miku: Winter Diva EN - Rainbow Foil Edition — Foil Edition,1
historical_performance.csv,name,canonical_product_name,Drop: Secret Lair x Monty Python: Monty Python and the Holy Grail: Vol. 2 - Non-Foil Edition — Nonfoil Edition,1
historical_performance.csv,name,canonical_product_name,Drop: Our Boss is on Vacation Superdrop: Break Room Disco Ball Made of Foils Bundle — Foil Edition,1
historical_performance.csv,name,canonical_product_name,Drop: Back in My Day! - Non-Foil Edition — Nonfoil Edition,1
historical_performance.csv,name,canonical_product_name,Reality Fracture - Secret Lair Bundle — Standard Edition,1
historical_performance.csv,name,canonical_product_name,Drop: Shredding A Wave of Everything Bundle — Standard Edition,1
historical_performance.csv,name,canonical_product_name,Drop: The Strange Sands: Swamp - Non-Foil Edition — Nonfoil Edition,1
historical_performance.csv,name,canonical_product_name,Drop: vroooOOOMMMMMM! - Raised Foil Edition — Foil Edition,1
historical_performance.csv,name,canonical_product_name,Drop: Winter Superdrop 2025: Hatsune Miku: Winter Diva Bundle — Standard Edition,1
historical_performance.csv,name,canonical_product_name,Drop: August Superdrop - Full-of-Foils Bundle — Foil Edition,1
historical_performance.csv,name,canonical_product_name,Drop: Fill My Cauldron with Foils Bundle — Foil Edition,1
historical_performance.csv,name,canonical_product_name,x Iron Maiden: Album Art - Non-Foil Edition — Nonfoil Edition,1
historical_performance.csv,name,canonical_product_name,Drop: The Strange Sands: Forest - Rainbow Foil Edition — Foil Edition,1
historical_performance.csv,name,canonical_product_name,Commander Deck: Everyone’s Invited! - Double Rainbow Foil Edition — Foil Edition,1
historical_performance.csv,name,canonical_product_name,Drop: Artist Series: Sidharth Chaturvedi - Non-Foil Edition — Nonfoil Edition,1
historical_performance.csv,name,canonical_product_name,Drop: Goblin & Squabblin' - Non-Foil Edition — Nonfoil Edition,1
historical_performance.csv,name,canonical_product_name,Drop: Secret Lair x Marvel's Storm - Non-Foil Edition — Nonfoil Edition,1
historical_performance.csv,name,canonical_product_name,Drop: Secret Lair x Brain Dead: Lands - Non-Foil Edition — Nonfoil Edition,1
historical_performance.csv,name,canonical_product_name,x Furby: The Oddbodies - Confetti Foil Edition — Foil Edition,1
historical_performance.csv,name,canonical_product_name,Drop: Here Be Dragons - Foil — Foil Edition,1
historical_performance.csv,name,canonical_product_name,Drop: Dan Frazier is Back: The Allied Signets - Foil Etched Edition — Foil Edition,1
historical_performance.csv,name,canonical_product_name,"Drop: August Superdrop - Non-stop, Non-Foil Bundle — Nonfoil Edition",1
historical_performance.csv,name,canonical_product_name,Drop: Astrology Lands (Virgo) - Non-Foil Edition — Nonfoil Edition,1
historical_performance.csv,name,canonical_product_name,"Drop: Far Out, Man - Traditional Foil Edition — Foil Edition",1
historical_performance.csv,name,canonical_product_name,Drop: Poker Faces - Rainbow Foil Edition — Foil Edition,1
historical_performance.csv,name,canonical_product_name,Festival in a Box Minneapolis 2023 Bundle — Standard Edition,1
historical_performance.csv,name,canonical_product_name,Drop: Now on VHS! - Traditional Foil Edition — Foil Edition,1
historical_performance.csv,name,canonical_product_name,Drop: Secret Lair x Chucky - Traditional Foil Edition — Foil Edition,1
historical_performance.csv,name,canonical_product_name,Drop: Artist Series: Nils Hamm - Non-Foil Edition — Nonfoil Edition,1
historical_performance.csv,name,canonical_product_name,Drop: Secretversary Superdrop 2023: Welcome to Jurassic World Bundle — Standard Edition,1
historical_performance.csv,name,canonical_product_name,Drop: Artist Series: Sidharth Chaturvedi - Traditional Foil Edition — Foil Edition,1
historical_performance.csv,name,canonical_product_name,Drop: Artist Series: Kev Walker - Non-Foil Edition — Nonfoil Edition,1
historical_performance.csv,name,canonical_product_name,Drop: Valentine's Day 2021 - Non-Foil Edition — Nonfoil Edition,1
historical_performance.csv,name,canonical_product_name,"Drop: Fblthp: Completely, Utterly, Totally Lost - Non-Foil Edition — Nonfoil Edition",1
historical_performance.csv,name,canonical_product_name,x The Office: Dwight's Destiny - Traditional Foil Edition — Foil Edition,1
historical_performance.csv,name,canonical_product_name,Astrology Lands (Sagittarius) Bundle - Non-Foil Edition — Nonfoil Edition,1
historical_performance.csv,name,canonical_product_name,Drop: Prints Charming - Non-Foil Edition — Nonfoil Edition,1
historical_performance.csv,name,canonical_product_name,Drop: February Superdrop - Showcase: Neon Dynasty - Neon Ink Foil Edition — Foil Edition,1
historical_performance.csv,name,canonical_product_name,Drop: Secret Lair x Brain Dead: Staples - Non-Foil Edition — Nonfoil Edition,1
historical_performance.csv,name,canonical_product_name,Drop: Outlaw Anthology Vol. 1: Rebellious Renegades - Rainbow Foil Edition — Foil Edition,1
historical_performance.csv,name,canonical_product_name,Drop: Purr Majesty - Non-Foil Edition — Nonfoil Edition,1
historical_performance.csv,name,canonical_product_name,Drop: City Styles 2: Dressed to Kill - Rainbow Foil Edition — Foil Edition,1
historical_performance.csv,name,canonical_product_name,Drop: The Ultimate Pencil - Non-Foil Bundle — Nonfoil Edition,1
historical_performance.csv,name,canonical_product_name,Drop: Secret Lair x Hatsune Miku: Digital Sensation EN - Rainbow Foil Edition — Foil Edition,1
historical_performance.csv,name,canonical_product_name,Drop: Secret Lair x Dungeons & Dragons: Lands of the Forgotten Realms - Non-Foil Edition — Nonfoil Edition,1
historical_performance.csv,name,canonical_product_name,Drop: Fill My Cauldron with Non-Foils Bundle — Nonfoil Edition,1
historical_performance.csv,name,canonical_product_name,Drop: Crocodile Jackson's Monstrous Menagerie - Foil Etched Edition — Foil Edition,1
historical_performance.csv,name,canonical_product_name,Drop: Secret Lair x Jurassic World: Dr. Ian Malcolm - Non-Foil Edition — Nonfoil Edition,1
historical_performance.csv,name,canonical_product_name,Drop: Secret Lair x Jurassic World: Life Breaks Free - Rainbow Foil Edition — Foil Edition,1
historical_performance.csv,name,canonical_product_name,Drop: Burn ‘Em All Bundle - Rainbow Foil Edition — Foil Edition,1
historical_performance.csv,name,canonical_product_name,x Jaws: Terror of Amity Island - Rainbow Foil Edition — Foil Edition,1
historical_performance.csv,name,canonical_product_name,Drop: Mother's Day 2021 - Non-Foil Edition — Nonfoil Edition,1
historical_performance.csv,name,canonical_product_name,Drop: Secret Lair x Monty Python: Monty Python and the Holy Grail: Vol. 1 - Non-Foil Edition — Nonfoil Edition,1
historical_performance.csv,name,canonical_product_name,Drop: Secret Lair x Marvel's Spider-Man: Mana Symbiote - Raised Foil Edition — Foil Edition,1
historical_performance.csv,name,canonical_product_name,Drop: Every Dog Has Its Day - Non-Foil Edition — Nonfoil Edition,1
historical_performance.csv,name,canonical_product_name,Back to School Superdrop: This Will Be On The Test Everything Bundle — Standard Edition,1
historical_performance.csv,name,canonical_product_name,Drop: Spring Superdrop 2024: Hatsune Miku: Sakura Superstar Bundle — Standard Edition,1
historical_performance.csv,name,canonical_product_name,Drop: Astrology Lands (Leo) Bundle - Non-Foil Edition — Nonfoil Edition,1
historical_performance.csv,name,canonical_product_name,Astrology Lands (Aries) - Traditional Foil Edition — Foil Edition,1
historical_performance.csv,name,canonical_product_name,Festival in a Box Las Vegas 2023 Bundle — Standard Edition,1
historical_performance.csv,name,canonical_product_name,Drop: Secret Lair x Hatsune Miku: Winter Diva EN - Non-Foil Edition — Nonfoil Edition,1
historical_performance.csv,name,canonical_product_name,Drop: Gift Wrapped - Non-Foil Edition — Nonfoil Edition,1
historical_performance.csv,name,canonical_product_name,x Avatar: The Last Airbender Superdrop: Master Of All Elements Everything Bundle — Standard Edition,1
historical_performance.csv,name,canonical_product_name,Drop: Dan Frazier is Back: The Enemy Signets - Foil Etched Edition — Foil Edition,1
historical_performance.csv,name,canonical_product_name,"Drop: Transformers: One Shall Stand, One Shall Fall - Non-Foil Edition — Nonfoil Edition",1
historical_performance.csv,name,canonical_product_name,Drop: Winter Superdrop 2025: Trailblazing Bundle - Non-Foil Edition — Nonfoil Edition,1
historical_performance.csv,name,canonical_product_name,Drop: vroooOOOMMMMMM! - Raised Foil Playset Bundle — Foil Edition,1
historical_performance.csv,name,canonical_product_name,Drop: Finally! Left-Handed Magic Cards - Traditional Foil Edition — Foil Edition,1
historical_performance.csv,name,canonical_product_name,"Drop: February Superdrop - Non-stop, Non-Foil Bundle — Nonfoil Edition",1
historical_performance.csv,name,canonical_product_name,Roadshow Edition: So Salty - Traditional Foil Edition — Foil Edition,1
historical_performance.csv,name,canonical_product_name,Drop: Secret Lair x Teenage Mutant Ninja Turtles: VHS Villains - Traditional Foil Edition — Foil Edition,1
historical_performance.csv,name,canonical_product_name,Drop: Summer Superdrop Bundle — Standard Edition,1
historical_performance.csv,name,canonical_product_name,x Sonic the Hedgehog Superdrop: Turbo Gear — Nonfoil Edition,1
historical_performance.csv,name,canonical_product_name,Drop: Featuring: Luke Pearson - Non-Foil Edition — Nonfoil Edition,1
historical_performance.csv,name,canonical_product_name,Drop: Outlaw Anthology Vol. 1: Rebellious Renegades - Non-Foil Edition — Nonfoil Edition,1
historical_performance.csv,name,canonical_product_name,Drop: Showcase: Read The Fine Print - Traditional Foil Edition — Foil Edition,1
historical_performance.csv,name,canonical_product_name,x The Last of Us Part II - Rainbow Foil Edition — Foil Edition,1
historical_performance.csv,name,canonical_product_name,Superdrop: Supershock Bundle - Non-Foil Edition — Nonfoil Edition,1
historical_performance.csv,name,canonical_product_name,Drop: Pixel Perfect: Extra Life 2024 - Non-Foil Edition — Nonfoil Edition,1
historical_performance.csv,name,canonical_product_name,Drop: Tome of the Astral Sorceress - Non-Foil Edition — Nonfoil Edition,1
historical_performance.csv,name,canonical_product_name,Drop: Secret Lair x Dungeons & Dragons: Karlach's Rage - Non-Foil Edition — Nonfoil Edition,1
historical_performance.csv,name,canonical_product_name,Drop: Special Guest: Kelogsloops - Non-Foil Edition — Nonfoil Edition,1
historical_performance.csv,name,canonical_product_name,x Post Malone: Backstage Pass - Non-Foil Edition — Nonfoil Edition,1
historical_performance.csv,name,canonical_product_name,Drop: Aether Drifters - Non-Foil Edition — Nonfoil Edition,1
historical_performance.csv,name,canonical_product_name,Drop: Just Add Milk: Second Helpings - Traditional Foil Edition — Foil Edition,1
historical_performance.csv,name,canonical_product_name,Drop: Goblingram - Non-Foil Edition — Nonfoil Edition,1
historical_performance.csv,name,canonical_product_name,Drop: Secret Lair x Stranger Things - Non-Foil Edition — Nonfoil Edition,1
historical_performance.csv,name,canonical_product_name,Drop: Summer Superdrop 2025 - The Art of Frank Frazetta: The Second Exhibition (Rainbow Foil Edition) — Foil Edition,1
historical_performance.csv,name,canonical_product_name,Drop: The Art of Frank Frazetta - Traditional Foil Edition — Foil Edition,1
historical_performance.csv,name,canonical_product_name,Drop: December Superdrop Non-Foil Bundle — Nonfoil Edition,1
historical_performance.csv,name,canonical_product_name,Drop: Return to Mystical Archive - Traditional Foil Edition — Foil Edition,1
historical_performance.csv,name,canonical_product_name,Drop: Secret Lair x Dungeons & Dragons: Death is in the Eyes of the Beholder II - Non-Foil Edition — Nonfoil Edition,1
historical_performance.csv,name,canonical_product_name,Drop: Astrology Lands (Capricorn) Bundle - Traditional Foil Edition — Foil Edition,1
historical_performance.csv,name,canonical_product_name,x Avatar: The Last Airbender Superdrop: Avatar State Non-Foil Bundle — Nonfoil Edition,1
historical_performance.csv,name,canonical_product_name,Drop: Featuring: Kevin Eastman (Colors) - Non-Foil Edition — Nonfoil Edition,1
historical_performance.csv,name,canonical_product_name,Drop: KEXP: Where the Music Matters - Rainbow Foil Edition — Foil Edition,1
historical_performance.csv,name,canonical_product_name,Drop: Showcase: Dominaria United - Textured Foil Edition — Foil Edition,1
historical_performance.csv,name,canonical_product_name,Drop: Inked - Non-Foil Edition — Nonfoil Edition,1
historical_performance.csv,name,canonical_product_name,Astrology Lands (Pisces) - Non-Foil Edition — Nonfoil Edition,1
historical_performance.csv,name,canonical_product_name,Drop: Artist Series: Aleksi Briclot - Traditional Foil Edition — Foil Edition,1
historical_performance.csv,name,canonical_product_name,Drop: In Memoriam: Jaya Ballard - Traditional Foil Edition — Foil Edition,1
historical_performance.csv,name,canonical_product_name,Drop: Time Trouble Two - Traditional Foil Edition — Foil Edition,1
historical_performance.csv,name,canonical_product_name,Drop: Special Guest: Yoji Shinkawa (English) - Traditional Foil Edition — Foil Edition,1
historical_performance.csv,name,canonical_product_name,Drop: Secretversary Superdrop - Artist Series: Seb McKinnon - Traditional Foil Edition — Foil Edition,1
historical_performance.csv,name,canonical_product_name,Drop: Whimsy & Wonder Bundle - Rainbow Foil Edition — Foil Edition,1
historical_performance.csv,name,canonical_product_name,Drop: This One Is Dedicated To My Foils Bundle — Foil Edition,1
historical_performance.csv,name,canonical_product_name,Drop: Two Scoops - The House Special Bundle — Standard Edition,1
historical_performance.csv,name,canonical_product_name,Drop: Winter Superdrop 2024: Beastly Breakfast Omens Bundle - Non-Foil Edition — Nonfoil Edition,1
historical_performance.csv,name,canonical_product_name,Drop: Astrology Lands (Libra) Bundle - Traditional Foil Edition — Foil Edition,1
historical_performance.csv,name,canonical_product_name,Drop: Our Boss is on Vacation Superdrop: Interim Boss's Bant Bundle — Standard Edition,1
historical_performance.csv,name,canonical_product_name,x Blood Bowl - Non-Foil Edition — Nonfoil Edition,1
historical_performance.csv,name,canonical_product_name,Drop: Astrology Lands (Cancer) - Traditional Foil Edition — Foil Edition,1
historical_performance.csv,name,canonical_product_name,Drop: The Godzilla Lands - Traditional Foil Edition — Foil Edition,1
historical_performance.csv,name,canonical_product_name,Ponies: The Galloping 2: Extra Life 2023 - Non-Foil Edition — Nonfoil Edition,1
historical_performance.csv,name,canonical_product_name,Drop: Secretversary Superdrop - A Box of Rocks - Traditional Foil Edition — Foil Edition,1
historical_performance.csv,name,canonical_product_name,Drop: Showcase: All Will Be One - Step-and-Compleat Foil Edition — Foil Edition,1
historical_performance.csv,name,canonical_product_name,Drop: Astrology Lands (Cancer) Bundle - Traditional Foil Edition — Foil Edition,1
historical_performance.csv,name,canonical_product_name,Drop: Artist Series: Ryan Alexander Lee - Traditional Foil Edition — Foil Edition,1
historical_performance.csv,name,canonical_product_name,Drop: Our Boss is on Vacation Superdrop: Garden Buds - Non-Foil Edition — Nonfoil Edition,1
historical_performance.csv,name,canonical_product_name,Drop: Pride Across the Multiverse - Traditional Foil Edition — Foil Edition,1
historical_performance.csv,name,canonical_product_name,Superdrop: Voracious Reader Bundle - Non-foil — Nonfoil Edition,1
historical_performance.csv,name,canonical_product_name,Drop: Artist Series: Rovina Cai - Non-Foil Edition — Nonfoil Edition,1
historical_performance.csv,name,canonical_product_name,Drop: Arcade Racers - Rainbow Foil Edition — Foil Edition,1
historical_performance.csv,name,canonical_product_name,Drop: Secret Lair x Garfield: As Intended - Non-Foil Edition — Nonfoil Edition,1
historical_performance.csv,name,canonical_product_name,Festival in a Box Las Vegas 2024 Bundle — Standard Edition,1
historical_performance.csv,name,canonical_product_name,Drop: Omens of Chaos - Non-Foil Edition — Nonfoil Edition,1
historical_performance.csv,name,canonical_product_name,Drop: The Bundled Bundle Bundle — Standard Edition,1
historical_performance.csv,name,canonical_product_name,Drop: Camp Totally Safe Superdrop: Noise from the Woods Bundle - Foil Edition — Foil Edition,1
historical_performance.csv,name,canonical_product_name,Drop: February Superdrop - Shades Not Included - Traditional Foil Edition — Foil Edition,1
historical_performance.csv,name,canonical_product_name,Drop: Deceptive Divination - Non-Foil Edition — Nonfoil Edition,1
historical_performance.csv,name,canonical_product_name,Astrology Lands (Sagittarius) Bundle - Traditional Foil Edition — Foil Edition,1
historical_performance.csv,name,canonical_product_name,Drop: The Beauty of the Beasts - Rainbow Foil Edition — Foil Edition,1
historical_performance.csv,name,canonical_product_name,x Blood Bowl - Traditional Foil Edition — Foil Edition,1
historical_performance.csv,name,canonical_product_name,Drop: March of the Machine Bundle - Halo Foil Edition — Foil Edition,1
historical_performance.csv,name,canonical_product_name,Drop: Monster Movie Marathon - Non-Foil Edition — Nonfoil Edition,1
historical_performance.csv,name,canonical_product_name,Drop: Special Guest: Kozyndan: The Lands - Non-Foil Edition — Nonfoil Edition,1
historical_performance.csv,name,canonical_product_name,x FINAL FANTASY: Grimoire - Non-Foil Edition — Nonfoil Edition,1
historical_performance.csv,name,canonical_product_name,Drop: Showcase: Outlaws of Thunder Junction - Traditional Foil Edition — Foil Edition,1
historical_performance.csv,name,canonical_product_name,Drop: Our Boss is on Vacation Superdrop: They Grow Up So Fast - Rainbow Foil Edition — Foil Edition,1
historical_performance.csv,name,canonical_product_name,Drop: Just Some Totally Normal Guys - Traditional Foil Edition — Foil Edition,1
historical_performance.csv,name,canonical_product_name,Drop: Artist Series: John Avon - Non-Foil Edition — Nonfoil Edition,1
historical_performance.csv,name,canonical_product_name,Drop: Artist Series: John Avon - Traditional Foil Edition — Foil Edition,1
historical_performance.csv,name,canonical_product_name,"Drop: Bugs, Bands & Blockbusters Bundle - Traditional Foil Edition — Foil Edition",1
historical_performance.csv,name,canonical_product_name,Drop: More Adventures in Middle-earth Bundle — Standard Edition,1
historical_performance.csv,name,canonical_product_name,Drop: Festival in a Box Chicago 2025 Bundle — Standard Edition,1
historical_performance.csv,name,canonical_product_name,Drop: Featuring: Gary Baseman - Non-Foil Edition — Nonfoil Edition,1
historical_performance.csv,name,canonical_product_name,x Chaos Vault Drop: Commander Reinforcements World Shaper Bundle (Galaxy Foil) — Foil Edition,1
historical_performance.csv,name,canonical_product_name,x FINAL FANTASY: Game Over - Rainbow Foil Edition — Foil Edition,1
historical_performance.csv,name,canonical_product_name,Drop: PixelSnowLands.jpg - Non-Foil Edition — Nonfoil Edition,1
historical_performance.csv,name,canonical_product_name,Drop: Bad to the Bones - Traditional Foil Edition — Foil Edition,1
historical_performance.csv,name,canonical_product_name,Drop: Astrology Lands (Libra) - Traditional Foil Edition — Foil Edition,1
historical_performance.csv,name,canonical_product_name,Drop: The Strange Sands: Forest - Non-Foil Edition — Nonfoil Edition,1
historical_performance.csv,name,canonical_product_name,Drop: Goblin & Squabblin' - Rainbow Foil Edition — Foil Edition,1
historical_performance.csv,name,canonical_product_name,Drop: Showcase: March of the Machine Vol. 2 - Halo Foil Edition — Foil Edition,1
historical_performance.csv,name,canonical_product_name,Drop: Tome of the Astral Sorceress - Rainbow Foil Edition — Foil Edition,1
historical_performance.csv,name,canonical_product_name,"Drop: Far Out, Man - Non-Foil Edition — Nonfoil Edition",1
historical_performance.csv,name,canonical_product_name,Drop: Secret Lair x Dungeons & Dragons: Astarion's Thirst - Non-Foil Edition — Nonfoil Edition,1
historical_performance.csv,name,canonical_product_name,Drop: Secret Lair x Marvel's Spider-Man: Villainous Plots - Non-Foil Edition — Nonfoil Edition,1
historical_performance.csv,name,canonical_product_name,x Iron Maiden: Album Art - Rainbow Foil Edition — Foil Edition,1
historical_performance.csv,name,canonical_product_name,Drop: Transformers: Optimus Prime Vs. Megatron - Traditional Foil Edition — Foil Edition,1
historical_performance.csv,name,canonical_product_name,Drop: Cool Ocean Breeze - Traditional Foil Edition — Foil Edition,1
historical_performance.csv,name,canonical_product_name,Drop: Totally TubuLair Superdrop: Turtle Power Foil Bundle — Foil Edition,1
historical_performance.csv,name,canonical_product_name,Drop: Featuring: Luke Pearson - Rainbow Foil Edition — Foil Edition,1
historical_performance.csv,name,canonical_product_name,Drop: Artist Series: Livia Prima - Traditional Foil Edition — Foil Edition,1
historical_performance.csv,name,canonical_product_name,Drop: Dungeons & Dragons 50th Anniversary: Loot the Room with Foils Bundle — Foil Edition,1
historical_performance.csv,name,canonical_product_name,Superdrop: Culture Shocks: Esper - Non-Foil Edition — Nonfoil Edition,1
historical_performance.csv,name,canonical_product_name,x Ghost of Tsushima - Non-Foil Edition — Nonfoil Edition,1
historical_performance.csv,name,canonical_product_name,Drop: Secret Lair x Fallout: Welcome to New Vegas - Non-Foil Edition — Nonfoil Edition,1
historical_performance.csv,name,canonical_product_name,Drop: Secret Lair x The Princess Bride - Traditional Foil Edition — Foil Edition,1
historical_performance.csv,name,canonical_product_name,Drop: In Memoriam: Jaya Ballard - Non-Foil Edition — Nonfoil Edition,1
historical_performance.csv,name,canonical_product_name,Drop: Just Add Milk: Second Helpings - Non-Foil Edition — Nonfoil Edition,1
historical_performance.csv,name,canonical_product_name,Drop: Secret Lair x Marvel's Iron Man - Non-Foil Edition — Nonfoil Edition,1
historical_performance.csv,name,canonical_product_name,Superdrop: The Full-Text Lands - Traditional Foil Edition — Foil Edition,1
historical_performance.csv,name,canonical_product_name,Drop: Secret Lair x Fallout: Greet the Dog - Traditional Foil Edition — Foil Edition,1
historical_performance.csv,name,canonical_product_name,Drop: June Superdrop - Full-of-Foils Bundle — Foil Edition,1
historical_performance.csv,name,canonical_product_name,Drop: February Superdrop - Li'l Walkers - Non-Foil Edition — Nonfoil Edition,1
historical_performance.csv,name,canonical_product_name,Drop: Secret Lair x Marvel's Spider-Man: Heroic Deeds - Non-Foil Edition — Nonfoil Edition,1
historical_performance.csv,name,canonical_product_name,Drop: Featuring: Gary Baseman - Traditional Foil Edition — Foil Edition,1
historical_performance.csv,name,canonical_product_name,Drop: Secret Lair x Dungeons & Dragons: Gale’s Ambition - Foil Edition — Foil Edition,1
historical_performance.csv,name,canonical_product_name,Drop: Math Is For Blockers - Non-Foil Edition — Nonfoil Edition,1
historical_performance.csv,name,canonical_product_name,Drop: Cards in Costume Foil Bundle - Traditional Foil Edition — Foil Edition,1
historical_performance.csv,name,canonical_product_name,Drop: Nature is Adorable - Non-Foil Edition — Nonfoil Edition,1
historical_performance.csv,name,canonical_product_name,Drop: Secret Lair x Hatsune Miku: Digital Sensation EN - Non-Foil Edition — Nonfoil Edition,1
historical_performance.csv,name,canonical_product_name,Drop: Extra Life 2022 - Non-Foil Edition — Nonfoil Edition,1
historical_performance.csv,name,canonical_product_name,Drop: Secretversary Superdrop - The Bundle Bundle — Standard Edition,1
historical_performance.csv,name,canonical_product_name,Drop: Through the Wormhole - Non-Foil Edition — Nonfoil Edition,1
historical_performance.csv,name,canonical_product_name,"Drop: Bugs, Bands & Blockbusters Bundle - Non-Foil Edition — Nonfoil Edition",1
historical_performance.csv,name,canonical_product_name,Drop: Astrology Lands (Capricorn) - Non-Foil Edition — Nonfoil Edition,1
historical_performance.csv,name,canonical_product_name,Drop: Featuring: Not a Wolf - Non-Foil Edition — Nonfoil Edition,1
historical_performance.csv,name,canonical_product_name,Drop: Featuring: Peach Momoko - Rainbow Foil Edition — Foil Edition,1
historical_performance.csv,name,canonical_product_name,Drop: Secret Lair x Monty Python: Monty Python and the Holy Grail: Vol. 2 - Traditional Foil Edition — Foil Edition,1
historical_performance.csv,name,canonical_product_name,Drop: Secret Lair X MSCHF - Foil Edition — Foil Edition,1
historical_performance.csv,name,canonical_product_name,Superdrop: The Full-Text Lands - Non-Foil Edition — Nonfoil Edition,1
historical_performance.csv,name,canonical_product_name,Drop: Showcase: Kaldheim - Part 2 - Traditional Foil Edition — Foil Edition,1
historical_performance.csv,name,canonical_product_name,Drop: Secret Lair x Fallout: Vault Boy - Rainbow Foil Edition — Foil Edition,1
historical_performance.csv,name,canonical_product_name,Drop: The Strange Sands: Swamp - Rainbow Foil Edition — Foil Edition,1
historical_performance.csv,name,canonical_product_name,Drop: Places to Trick or Treat Non-Foil Lands Bundle — Nonfoil Edition,1
historical_performance.csv,name,canonical_product_name,Drop: Featuring: Julie Bell - Non-Foil Edition — Nonfoil Edition,1
historical_performance.csv,name,canonical_product_name,Drop: Secret Lair x Dungeons & Dragons: Strahd’s Descent - Foil Edition — Foil Edition,1
historical_performance.csv,name,canonical_product_name,Drop: February Superdrop - Kamigawa: the Manga: the Cards - Traditional Foil Edtion — Foil Edition,1
historical_performance.csv,name,canonical_product_name,Drop: Summer Superdrop - The Path Not Traveled - Traditional Foil Edition — Foil Edition,1
historical_performance.csv,name,canonical_product_name,Drop: The Weirdest Pets in the Multiverse - Traditional Foil Edition — Foil Edition,1
historical_performance.csv,name,canonical_product_name,Drop: Secret Lair x Ghostbusters: Slimer - Rainbow Foil Edition — Foil Edition,1
historical_performance.csv,name,canonical_product_name,Drop: Secretversary Superdrop - We Hope You Like Squirrels - Traditional Foil Edition — Foil Edition,1
historical_performance.csv,name,canonical_product_name,Drop: Magic: The Baseballing - Non-Foil Edition — Nonfoil Edition,1
historical_performance.csv,name,canonical_product_name,Drop: Pride Across the Multiverse - Non-Foil Edition — Nonfoil Edition,1
historical_performance.csv,name,canonical_product_name,x Furby: The Oddbodies - Rainbow Foil Edition — Foil Edition,1
historical_performance.csv,name,canonical_product_name,Drop: Astrology Lands (Virgo) - Traditional Foil Edition — Foil Edition,1
historical_performance.csv,name,canonical_product_name,Drop: Theros Stargazing: Vol.I (Heliod) - Traditional Foil Edition — Foil Edition,1
historical_performance.csv,name,canonical_product_name,Drop: Flower Power - Non-Foil Edition — Nonfoil Edition,1
historical_performance.csv,name,canonical_product_name,Drop: Tales of the Time Stoppers - Non-Foil Edition — Nonfoil Edition,1
historical_performance.csv,name,canonical_product_name,Drop: Secret Lair x Doctor Who: The Weeping Angels - Traditional Foil Edition — Foil Edition,1
historical_performance.csv,name,canonical_product_name,x Avatar: The Last Airbender: One with the Elements - Rainbow Foil Edition — Foil Edition,1
historical_performance.csv,name,canonical_product_name,Drop: Witch's Familiar - Traditional Foil Edition — Foil Edition,1
historical_performance.csv,name,canonical_product_name,Drop: Li'l'er Walkers - Non-Foil Edition — Nonfoil Edition,1
historical_performance.csv,name,canonical_product_name,Festival in a Box Barcelona 2023 - Commander Fan Bundle — Standard Edition,1
historical_performance.csv,name,canonical_product_name,Drop: Secret Lair x Marvel's Spider-Man: Daily Bugle Breaking News - Rainbow Foil Edition — Foil Edition,1
historical_performance.csv,name,canonical_product_name,Drop: Prints of Darkness - Rainbow Foil Edition — Foil Edition,1
historical_performance.csv,name,canonical_product_name,Drop: Winter Superdrop 2025: Everything a Pioneer Needs Bundle — Standard Edition,1
historical_performance.csv,name,canonical_product_name,Drop: Special Guest: Kelogsloops - Traditional Foil Edition — Foil Edition,1
historical_performance.csv,name,canonical_product_name,Drop: Our Boss is on Vacation Superdrop: Spongebob Squarepants: Legends of Bikini Bottom - Non-Foil Edition — Nonfoil Edition,1
historical_performance.csv,name,canonical_product_name,Drop: Secret Lair x Dungeons & Dragons: Death is in the Eyes of the Beholder I - Rainbow Foil Edition — Foil Edition,1
historical_performance.csv,name,canonical_product_name,Drop: Secret Lair x Dungeons & Dragons: An Exhibition of Adventure - Rainbow Foil Edition — Foil Edition,1
historical_performance.csv,name,canonical_product_name,Drop: Secret Scare Superdrop: The Scranton Strangler Non-Foil Bundle — Nonfoil Edition,1
historical_performance.csv,name,canonical_product_name,Drop: City Styles - Traditional Foil Edition — Foil Edition,1
historical_performance.csv,name,canonical_product_name,Drop: Festival in a Box Atlanta 2025 Bundle — Standard Edition,1
historical_performance.csv,name,canonical_product_name,x FINAL FANTASY: Weapons - Rainbow Foil Edition — Foil Edition,1
historical_performance.csv,name,canonical_product_name,Drop: Our Boss is on Vacation Superdrop: Spongebob Squarepants: Legends of Bikini Bottom - Rainbow Foil Edition — Foil Edition,1
historical_performance.csv,name,canonical_product_name,Drop: Ferocious Foil Bundle — Foil Edition,1
historical_performance.csv,name,canonical_product_name,Drop: Secretversary Superdrop 2023: Jungle Bundle - Foil Edition — Foil Edition,1
historical_performance.csv,name,canonical_product_name,Drop: Transformers Non-Foil Bundle — Nonfoil Edition,1
historical_performance.csv,name,canonical_product_name,Drop: Black is Magic - Non-Foil Edition — Nonfoil Edition,1
historical_performance.csv,name,canonical_product_name,Drop: Winter Superdrop 2025: Survival-Grade Foils Bundle — Foil Edition,1
historical_performance.csv,name,canonical_product_name,x The Last of Us Part II - Non-Foil Edition — Nonfoil Edition,1
historical_performance.csv,name,canonical_product_name,Drop: Just Add Milk - Traditional Foil Edition — Foil Edition,1
historical_performance.csv,name,canonical_product_name,Drop: Big Non-Foil Bundle — Nonfoil Edition,1
historical_performance.csv,name,canonical_product_name,Drop: Spring Superdrop 2024: Outlaws of Thunder Junction Bundle - Non-Foil Edition — Nonfoil Edition,1
historical_performance.csv,name,canonical_product_name,Drop: Camp Totally Safe Superdrop: Hatsune Miku: Electric Entourage Bundle — Standard Edition,1
historical_performance.csv,name,canonical_product_name,Drop: Astrology Lands (Gemini) Bundle - Traditional Foil Edition — Foil Edition,1
historical_performance.csv,name,canonical_product_name,"Drop: Two Scoops - The Vanilla Business, Chocolate Party Bundle — Standard Edition",1
historical_performance.csv,name,canonical_product_name,Drop: Secret Lair x Marvel's Spider-Man: Venom Unleashed (Inks) - Non-Foil Edition — Nonfoil Edition,1
historical_performance.csv,name,canonical_product_name,Drop: Featuring: Mitsuhiro Arita - Rainbow Foil Edition — Foil Edition,1
historical_performance.csv,name,canonical_product_name,Drop: Secret Lair x Brain Dead: New Earth Mentality - Non-Foil Edition — Nonfoil Edition,1
historical_performance.csv,name,canonical_product_name,x Furby: Doo-ay Noo-lah - Confetti Foil Edition — Foil Edition,1
historical_performance.csv,name,canonical_product_name,Drop: February Superdrop - Full-of-Foils Bundle — Foil Edition,1
historical_performance.csv,name,canonical_product_name,Drop: This One Goes Out To My Everything Bundle — Standard Edition,1
historical_performance.csv,name,canonical_product_name,Drop: Spring Superdrop 2024: Outlaws of Thunder Junction Bundle - Foil Edition — Foil Edition,1
historical_performance.csv,name,canonical_product_name,Drop: Notebook Genius - Traditional Foil Edition — Foil Edition,1
historical_performance.csv,name,canonical_product_name,Drop: Black is Magic - Traditional Foil Edition — Foil Edition,1
historical_performance.csv,name,canonical_product_name,x NALAC Drop: Nuestra Magia (Rainbow Foil) — Foil Edition,1
historical_performance.csv,name,canonical_product_name,Drop: Inside an Elevator Superdrop: Awkward Small Talk Bundle - Non-Foil Edition — Nonfoil Edition,1
historical_performance.csv,name,canonical_product_name,Drop: Winter Superdrop 2024: All the Sweet Foils Bundle — Foil Edition,1
historical_performance.csv,name,canonical_product_name,Drop: Secret Lair x Hatsune Miku: Electric Entourage EN - Rainbow Foil Edition — Foil Edition,1
historical_performance.csv,name,canonical_product_name,Drop: Poker Faces - Non-Foil Edition — Nonfoil Edition,1
historical_performance.csv,name,canonical_product_name,Drop: Pixel Perfect: Extra Life 2024 - Rainbow Foil Edition — Foil Edition,1
historical_performance.csv,name,canonical_product_name,Drop: Festival in a Box Amsterdam 2026 Bundle — Standard Edition,1
historical_performance.csv,name,canonical_product_name,Astrology Lands (Pisces) Bundle - Traditional Foil Edition — Foil Edition,1
historical_performance.csv,name,canonical_product_name,Drop: Secret Lair x Marvel's Iron Man - Rainbow Foil Edition — Foil Edition,1
historical_performance.csv,name,canonical_product_name,Drop: Our Boss is on Vacation Superdrop: Twisted Toons - Rainbow Foil Edition — Foil Edition,1
historical_performance.csv,name,canonical_product_name,Drop: Secret Lair x Hatsune Miku: Sakura Superstar EN - Non-Foil Edition — Nonfoil Edition,1
historical_performance.csv,name,canonical_product_name,Drop: Astrology Lands (Aquarius) - Traditional Foil Edition — Foil Edition,1
historical_performance.csv,name,canonical_product_name,Drop: Artist Series: Volkan Baga - Traditional Foil Edition — Foil Edition,1
historical_performance.csv,name,canonical_product_name,Drop: Through the Wormhole - Galaxy Foil Edition — Foil Edition,1
historical_performance.csv,name,canonical_product_name,Drop: Secret Lair x Fortnite: Landmarks and Locations - Non-Foil Edition — Nonfoil Edition,1
historical_performance.csv,name,canonical_product_name,Drop: Our Boss is on Vacation Superdrop: Spongebob Squarepants Bundle - Non-Foil Edition — Nonfoil Edition,1
historical_performance.csv,name,canonical_product_name,x Play-Doh: Squishful Thinking: Extra Life 2025 - Non-Foil Edition — Nonfoil Edition,1
historical_performance.csv,name,canonical_product_name,Drop: Secret Lair x Marvel: Spinner Rack Specials - Traditional Foil Edition — Foil Edition,1
historical_performance.csv,name,canonical_product_name,Drop: Secret Lair x Fallout: Rad - Non-Foil Edition — Nonfoil Edition,1
historical_performance.csv,name,canonical_product_name,Drop: Secret Lair x Fallout: S.P.E.C.I.A.L. - Rainbow Foil Edition — Foil Edition,1
historical_performance.csv,name,canonical_product_name,Drop: Secret Lair x Doctor Who: Regeneration - Traditional Foil Edition — Foil Edition,1
historical_performance.csv,category,asset_class,SECRET_LAIR,973
historical_performance.csv,eligibility,forecast_eligible,NO,973
historical_performance.csv,eligibility,recommendation_eligible,NO,973
historical_performance.csv,eligibility,historical_performance_eligible,YES,782
historical_performance.csv,eligibility,historical_performance_eligible,NO,191
historical_performance.csv,forecast,one_year_base_usd,<BLANK>,973
historical_performance.csv,forecast,three_year_base_usd,<BLANK>,973
historical_performance.csv,forecast,five_year_base_usd,<BLANK>,973
platform_status.csv,eligibility,forecast_eligible,83,1
platform_status.csv,eligibility,recommendation_eligible,65,1
